"PSPath","PSParentPath","PSChildName","PSDrive","PSProvider","PSIsContainer","Mode","ModeWithoutHardLink","BaseName","ResolvedTarget","Target","LinkType","Name","Parent","Root","Exists","FullName","Extension","CreationTime","CreationTimeUtc","LastAccessTime","LastAccessTimeUtc","LastWriteTime","LastWriteTimeUtc","LinkTarget","UnixFileMode","Attributes"
"Microsoft.PowerShell.Core\FileSystem::C:\GitRepos\alisoncreations\.github","Microsoft.PowerShell.Core\FileSystem::C:\GitRepos\alisoncreations",".github","C","Microsoft.PowerShell.Core\FileSystem","True","d----","d----",".github","C:\GitRepos\alisoncreations\.github",,,".github","C:\GitRepos\alisoncreations","C:\","True","C:\GitRepos\alisoncreations\.github",".github","19/09/2025 20:53:06","19/09/2025 19:53:06","24/09/2025 22:09:42","24/09/2025 21:09:42","19/09/2025 20:53:06","19/09/2025 19:53:06",,"-1","Directory"
"Microsoft.PowerShell.Core\FileSystem::C:\GitRepos\alisoncreations\resources","Microsoft.PowerShell.Core\FileSystem::C:\GitRepos\alisoncreations","resources","C","Microsoft.PowerShell.Core\FileSystem","True","d----","d----","resources","C:\GitRepos\alisoncreations\resources",,,"resources","C:\GitRepos\alisoncreations","C:\","True","C:\GitRepos\alisoncreations\resources","","19/09/2025 13:14:03","19/09/2025 12:14:03","24/09/2025 22:17:59","24/09/2025 21:17:59","24/09/2025 22:17:59","24/09/2025 21:17:59",,"-1","Directory"
"Microsoft.PowerShell.Core\FileSystem::C:\GitRepos\alisoncreations\android-chrome-192x192.png","Microsoft.PowerShell.Core\FileSystem::C:\GitRepos\alisoncreations","android-chrome-192x192.png","C","Microsoft.PowerShell.Core\FileSystem","False","-a---","-a---","android-chrome-192x192","C:\GitRepos\alisoncreations\android-chrome-192x192.png",,,"android-chrome-192x192.png",,,"True","C:\GitRepos\alisoncreations\android-chrome-192x192.png",".png","19/09/2025 13:14:03","19/09/2025 12:14:03","19/09/2025 13:14:03","19/09/2025 12:14:03","19/09/2025 13:14:03","19/09/2025 12:14:03",,"-1","Archive"
"Microsoft.PowerShell.Core\FileSystem::C:\GitRepos\alisoncreations\android-chrome-512x512.png","Microsoft.PowerShell.Core\FileSystem::C:\GitRepos\alisoncreations","android-chrome-512x512.png","C","Microsoft.PowerShell.Core\FileSystem","False","-a---","-a---","android-chrome-512x512","C:\GitRepos\alisoncreations\android-chrome-512x512.png",,,"android-chrome-512x512.png",,,"True","C:\GitRepos\alisoncreations\android-chrome-512x512.png",".png","19/09/2025 13:14:03","19/09/2025 12:14:03","19/09/2025 13:14:03","19/09/2025 12:14:03","19/09/2025 13:14:03","19/09/2025 12:14:03",,"-1","Archive"
"Microsoft.PowerShell.Core\FileSystem::C:\GitRepos\alisoncreations\apple-touch-icon.png","Microsoft.PowerShell.Core\FileSystem::C:\GitRepos\alisoncreations","apple-touch-icon.png","C","Microsoft.PowerShell.Core\FileSystem","False","-a---","-a---","apple-touch-icon","C:\GitRepos\alisoncreations\apple-touch-icon.png",,,"apple-touch-icon.png",,,"True","C:\GitRepos\alisoncreations\apple-touch-icon.png",".png","19/09/2025 13:14:03","19/09/2025 12:14:03","19/09/2025 13:14:03","19/09/2025 12:14:03","19/09/2025 13:14:03","19/09/2025 12:14:03",,"-1","Archive"
"Microsoft.PowerShell.Core\FileSystem::C:\GitRepos\alisoncreations\favicon-16x16.png","Microsoft.PowerShell.Core\FileSystem::C:\GitRepos\alisoncreations","favicon-16x16.png","C","Microsoft.PowerShell.Core\FileSystem","False","-a---","-a---","favicon-16x16","C:\GitRepos\alisoncreations\favicon-16x16.png",,,"favicon-16x16.png",,,"True","C:\GitRepos\alisoncreations\favicon-16x16.png",".png","19/09/2025 13:14:03","19/09/2025 12:14:03","19/09/2025 13:14:03","19/09/2025 12:14:03","19/09/2025 13:14:03","19/09/2025 12:14:03",,"-1","Archive"
"Microsoft.PowerShell.Core\FileSystem::C:\GitRepos\alisoncreations\favicon-32x32.png","Microsoft.PowerShell.Core\FileSystem::C:\GitRepos\alisoncreations","favicon-32x32.png","C","Microsoft.PowerShell.Core\FileSystem","False","-a---","-a---","favicon-32x32","C:\GitRepos\alisoncreations\favicon-32x32.png",,,"favicon-32x32.png",,,"True","C:\GitRepos\alisoncreations\favicon-32x32.png",".png","19/09/2025 13:14:03","19/09/2025 12:14:03","19/09/2025 13:14:03","19/09/2025 12:14:03","19/09/2025 13:14:03","19/09/2025 12:14:03",,"-1","Archive"
"Microsoft.PowerShell.Core\FileSystem::C:\GitRepos\alisoncreations\favicon.ico","Microsoft.PowerShell.Core\FileSystem::C:\GitRepos\alisoncreations","favicon.ico","C","Microsoft.PowerShell.Core\FileSystem","False","-a---","-a---","favicon","C:\GitRepos\alisoncreations\favicon.ico",,,"favicon.ico",,,"True","C:\GitRepos\alisoncreations\favicon.ico",".ico","19/09/2025 13:14:03","19/09/2025 12:14:03","24/09/2025 22:09:52","24/09/2025 21:09:52","19/09/2025 13:14:03","19/09/2025 12:14:03",,"-1","Archive"
"Microsoft.PowerShell.Core\FileSystem::C:\GitRepos\alisoncreations\Gold Luxury Initial Circle Logo.png","Microsoft.PowerShell.Core\FileSystem::C:\GitRepos\alisoncreations","Gold Luxury Initial Circle Logo.png","C","Microsoft.PowerShell.Core\FileSystem","False","-a---","-a---","Gold Luxury Initial Circle Logo","C:\GitRepos\alisoncreations\Gold Luxury Initial Circle Logo.png",,,"Gold Luxury Initial Circle Logo.png",,,"True","C:\GitRepos\alisoncreations\Gold Luxury Initial Circle Logo.png",".png","19/09/2025 13:14:03","19/09/2025 12:14:03","24/09/2025 22:16:57","24/09/2025 21:16:57","19/09/2025 13:14:03","19/09/2025 12:14:03",,"-1","Archive"
"Microsoft.PowerShell.Core\FileSystem::C:\GitRepos\alisoncreations\index.html","Microsoft.PowerShell.Core\FileSystem::C:\GitRepos\alisoncreations","index.html","C","Microsoft.PowerShell.Core\FileSystem","False","-a---","-a---","index","C:\GitRepos\alisoncreations\index.html",,,"index.html",,,"True","C:\GitRepos\alisoncreations\index.html",".html","19/09/2025 13:14:03","19/09/2025 12:14:03","20/09/2025 03:34:38","20/09/2025 02:34:38","19/09/2025 13:14:03","19/09/2025 12:14:03",,"-1","Archive"
"Microsoft.PowerShell.Core\FileSystem::C:\GitRepos\alisoncreations\logo.png","Microsoft.PowerShell.Core\FileSystem::C:\GitRepos\alisoncreations","logo.png","C","Microsoft.PowerShell.Core\FileSystem","False","-a---","-a---","logo","C:\GitRepos\alisoncreations\logo.png",,,"logo.png",,,"True","C:\GitRepos\alisoncreations\logo.png",".png","19/09/2025 13:14:03","19/09/2025 12:14:03","24/09/2025 22:17:08","24/09/2025 21:17:08","19/09/2025 13:14:03","19/09/2025 12:14:03",,"-1","Archive"
"Microsoft.PowerShell.Core\FileSystem::C:\GitRepos\alisoncreations\.github\AGENTS.md","Microsoft.PowerShell.Core\FileSystem::C:\GitRepos\alisoncreations\.github","AGENTS.md","C","Microsoft.PowerShell.Core\FileSystem","False","-a---","-a---","AGENTS","C:\GitRepos\alisoncreations\.github\AGENTS.md",,,"AGENTS.md",,,"True","C:\GitRepos\alisoncreations\.github\AGENTS.md",".md","19/09/2025 20:53:06","19/09/2025 19:53:06","20/09/2025 04:32:55","20/09/2025 03:32:55","17/09/2025 21:19:14","17/09/2025 20:19:14",,"-1","Archive"
"Microsoft.PowerShell.Core\FileSystem::C:\GitRepos\alisoncreations\.github\copilot-instructions.md","Microsoft.PowerShell.Core\FileSystem::C:\GitRepos\alisoncreations\.github","copilot-instructions.md","C","Microsoft.PowerShell.Core\FileSystem","False","-a---","-a---","copilot-instructions","C:\GitRepos\alisoncreations\.github\copilot-instructions.md",,,"copilot-instructions.md",,,"True","C:\GitRepos\alisoncreations\.github\copilot-instructions.md",".md","19/09/2025 20:53:06","19/09/2025 19:53:06","20/09/2025 03:34:17","20/09/2025 02:34:17","13/09/2025 00:29:09","12/09/2025 23:29:09",,"-1","Archive"
"Microsoft.PowerShell.Core\FileSystem::C:\GitRepos\alisoncreations\resources\images","Microsoft.PowerShell.Core\FileSystem::C:\GitRepos\alisoncreations\resources","images","C","Microsoft.PowerShell.Core\FileSystem","True","d----","d----","images","C:\GitRepos\alisoncreations\resources\images",,,"images","C:\GitRepos\alisoncreations\resources","C:\","True","C:\GitRepos\alisoncreations\resources\images","","19/09/2025 13:14:03","19/09/2025 12:14:03","24/09/2025 22:09:42","24/09/2025 21:09:42","19/09/2025 13:18:05","19/09/2025 12:18:05",,"-1","Directory"
"Microsoft.PowerShell.Core\FileSystem::C:\GitRepos\alisoncreations\resources\videos","Microsoft.PowerShell.Core\FileSystem::C:\GitRepos\alisoncreations\resources","videos","C","Microsoft.PowerShell.Core\FileSystem","True","d----","d----","videos","C:\GitRepos\alisoncreations\resources\videos",,,"videos","C:\GitRepos\alisoncreations\resources","C:\","True","C:\GitRepos\alisoncreations\resources\videos","","24/09/2025 22:17:55","24/09/2025 21:17:55","24/09/2025 22:27:03","24/09/2025 21:27:03","24/09/2025 22:27:03","24/09/2025 21:27:03",,"-1","Directory"
"Microsoft.PowerShell.Core\FileSystem::C:\GitRepos\alisoncreations\resources\WebsiteNotes.md","Microsoft.PowerShell.Core\FileSystem::C:\GitRepos\alisoncreations\resources","WebsiteNotes.md","C","Microsoft.PowerShell.Core\FileSystem","False","-a---","-a---","WebsiteNotes","C:\GitRepos\alisoncreations\resources\WebsiteNotes.md",,,"WebsiteNotes.md",,,"True","C:\GitRepos\alisoncreations\resources\WebsiteNotes.md",".md","19/09/2025 13:14:03","19/09/2025 12:14:03","24/09/2025 22:18:08","24/09/2025 21:18:08","19/09/2025 13:14:03","19/09/2025 12:14:03",,"-1","Archive"
"Microsoft.PowerShell.Core\FileSystem::C:\GitRepos\alisoncreations\resources\images\Balloon Teddy set pink.jpg","Microsoft.PowerShell.Core\FileSystem::C:\GitRepos\alisoncreations\resources\images","Balloon Teddy set pink.jpg","C","Microsoft.PowerShell.Core\FileSystem","False","-a---","-a---","Balloon Teddy set pink","C:\GitRepos\alisoncreations\resources\images\Balloon Teddy set pink.jpg",,,"Balloon Teddy set pink.jpg",,,"True","C:\GitRepos\alisoncreations\resources\images\Balloon Teddy set pink.jpg",".jpg","19/09/2025 13:15:13","19/09/2025 12:15:13","24/09/2025 22:15:37","24/09/2025 21:15:37","15/06/2025 14:09:22","15/06/2025 13:09:22",,"-1","Archive"
"Microsoft.PowerShell.Core\FileSystem::C:\GitRepos\alisoncreations\resources\images\Balloon Teddy set white.jpg","Microsoft.PowerShell.Core\FileSystem::C:\GitRepos\alisoncreations\resources\images","Balloon Teddy set white.jpg","C","Microsoft.PowerShell.Core\FileSystem","False","-a---","-a---","Balloon Teddy set white","C:\GitRepos\alisoncreations\resources\images\Balloon Teddy set white.jpg",,,"Balloon Teddy set white.jpg",,,"True","C:\GitRepos\alisoncreations\resources\images\Balloon Teddy set white.jpg",".jpg","19/09/2025 13:15:13","19/09/2025 12:15:13","24/09/2025 22:09:59","24/09/2025 21:09:59","15/06/2025 14:09:24","15/06/2025 13:09:24",,"-1","Archive"
"Microsoft.PowerShell.Core\FileSystem::C:\GitRepos\alisoncreations\resources\images\Balloon Teddy set yellow.jpg","Microsoft.PowerShell.Core\FileSystem::C:\GitRepos\alisoncreations\resources\images","Balloon Teddy set yellow.jpg","C","Microsoft.PowerShell.Core\FileSystem","False","-a---","-a---","Balloon Teddy set yellow","C:\GitRepos\alisoncreations\resources\images\Balloon Teddy set yellow.jpg",,,"Balloon Teddy set yellow.jpg",,,"True","C:\GitRepos\alisoncreations\resources\images\Balloon Teddy set yellow.jpg",".jpg","19/09/2025 13:15:13","19/09/2025 12:15:13","24/09/2025 22:15:37","24/09/2025 21:15:37","15/06/2025 14:09:25","15/06/2025 13:09:25",,"-1","Archive"
"Microsoft.PowerShell.Core\FileSystem::C:\GitRepos\alisoncreations\resources\images\Big  house scene (2).jpg","Microsoft.PowerShell.Core\FileSystem::C:\GitRepos\alisoncreations\resources\images","Big  house scene (2).jpg","C","Microsoft.PowerShell.Core\FileSystem","False","-a---","-a---","Big  house scene (2)","C:\GitRepos\alisoncreations\resources\images\Big  house scene (2).jpg",,,"Big  house scene (2).jpg",,,"True","C:\GitRepos\alisoncreations\resources\images\Big  house scene (2).jpg",".jpg","19/09/2025 13:15:13","19/09/2025 12:15:13","24/09/2025 22:15:37","24/09/2025 21:15:37","15/06/2025 14:09:17","15/06/2025 13:09:17",,"-1","Archive"
"Microsoft.PowerShell.Core\FileSystem::C:\GitRepos\alisoncreations\resources\images\Big  house scene.jpg","Microsoft.PowerShell.Core\FileSystem::C:\GitRepos\alisoncreations\resources\images","Big  house scene.jpg","C","Microsoft.PowerShell.Core\FileSystem","False","-a---","-a---","Big  house scene","C:\GitRepos\alisoncreations\resources\images\Big  house scene.jpg",,,"Big  house scene.jpg",,,"True","C:\GitRepos\alisoncreations\resources\images\Big  house scene.jpg",".jpg","19/09/2025 13:15:13","19/09/2025 12:15:13","24/09/2025 22:15:37","24/09/2025 21:15:37","15/06/2025 14:09:25","15/06/2025 13:09:25",,"-1","Archive"
"Microsoft.PowerShell.Core\FileSystem::C:\GitRepos\alisoncreations\resources\images\Big coloured light up house scene.jpg","Microsoft.PowerShell.Core\FileSystem::C:\GitRepos\alisoncreations\resources\images","Big coloured light up house scene.jpg","C","Microsoft.PowerShell.Core\FileSystem","False","-a---","-a---","Big coloured light up house scene","C:\GitRepos\alisoncreations\resources\images\Big coloured light up house scene.jpg",,,"Big coloured light up house scene.jpg",,,"True","C:\GitRepos\alisoncreations\resources\images\Big coloured light up house scene.jpg",".jpg","19/09/2025 13:15:13","19/09/2025 12:15:13","24/09/2025 22:15:37","24/09/2025 21:15:37","15/06/2025 14:09:23","15/06/2025 13:09:23",,"-1","Archive"
"Microsoft.PowerShell.Core\FileSystem::C:\GitRepos\alisoncreations\resources\images\Big light up house scene.jpg","Microsoft.PowerShell.Core\FileSystem::C:\GitRepos\alisoncreations\resources\images","Big light up house scene.jpg","C","Microsoft.PowerShell.Core\FileSystem","False","-a---","-a---","Big light up house scene","C:\GitRepos\alisoncreations\resources\images\Big light up house scene.jpg",,,"Big light up house scene.jpg",,,"True","C:\GitRepos\alisoncreations\resources\images\Big light up house scene.jpg",".jpg","19/09/2025 13:15:13","19/09/2025 12:15:13","24/09/2025 22:09:58","24/09/2025 21:09:58","15/06/2025 14:09:26","15/06/2025 13:09:26",,"-1","Archive"
"Microsoft.PowerShell.Core\FileSystem::C:\GitRepos\alisoncreations\resources\images\Birds in house white.jpg","Microsoft.PowerShell.Core\FileSystem::C:\GitRepos\alisoncreations\resources\images","Birds in house white.jpg","C","Microsoft.PowerShell.Core\FileSystem","False","-a---","-a---","Birds in house white","C:\GitRepos\alisoncreations\resources\images\Birds in house white.jpg",,,"Birds in house white.jpg",,,"True","C:\GitRepos\alisoncreations\resources\images\Birds in house white.jpg",".jpg","19/09/2025 13:15:13","19/09/2025 12:15:13","24/09/2025 22:15:37","24/09/2025 21:15:37","15/06/2025 14:08:56","15/06/2025 13:08:56",,"-1","Archive"
"Microsoft.PowerShell.Core\FileSystem::C:\GitRepos\alisoncreations\resources\images\Birds on branch .jpg","Microsoft.PowerShell.Core\FileSystem::C:\GitRepos\alisoncreations\resources\images","Birds on branch .jpg","C","Microsoft.PowerShell.Core\FileSystem","False","-a---","-a---","Birds on branch ","C:\GitRepos\alisoncreations\resources\images\Birds on branch .jpg",,,"Birds on branch .jpg",,,"True","C:\GitRepos\alisoncreations\resources\images\Birds on branch .jpg",".jpg","19/09/2025 13:15:13","19/09/2025 12:15:13","24/09/2025 22:15:37","24/09/2025 21:15:37","01/06/2025 17:10:12","01/06/2025 16:10:12",,"-1","Archive"
"Microsoft.PowerShell.Core\FileSystem::C:\GitRepos\alisoncreations\resources\images\Birds white in circle.jpg","Microsoft.PowerShell.Core\FileSystem::C:\GitRepos\alisoncreations\resources\images","Birds white in circle.jpg","C","Microsoft.PowerShell.Core\FileSystem","False","-a---","-a---","Birds white in circle","C:\GitRepos\alisoncreations\resources\images\Birds white in circle.jpg",,,"Birds white in circle.jpg",,,"True","C:\GitRepos\alisoncreations\resources\images\Birds white in circle.jpg",".jpg","19/09/2025 13:15:13","19/09/2025 12:15:13","24/09/2025 22:15:37","24/09/2025 21:15:37","15/06/2025 14:08:10","15/06/2025 13:08:10",,"-1","Archive"
"Microsoft.PowerShell.Core\FileSystem::C:\GitRepos\alisoncreations\resources\images\Blue frog (2).jpg","Microsoft.PowerShell.Core\FileSystem::C:\GitRepos\alisoncreations\resources\images","Blue frog (2).jpg","C","Microsoft.PowerShell.Core\FileSystem","False","-a---","-a---","Blue frog (2)","C:\GitRepos\alisoncreations\resources\images\Blue frog (2).jpg",,,"Blue frog (2).jpg",,,"True","C:\GitRepos\alisoncreations\resources\images\Blue frog (2).jpg",".jpg","19/09/2025 13:15:13","19/09/2025 12:15:13","24/09/2025 22:15:37","24/09/2025 21:15:37","15/06/2025 14:08:56","15/06/2025 13:08:56",,"-1","Archive"
"Microsoft.PowerShell.Core\FileSystem::C:\GitRepos\alisoncreations\resources\images\Blue frog.jpg","Microsoft.PowerShell.Core\FileSystem::C:\GitRepos\alisoncreations\resources\images","Blue frog.jpg","C","Microsoft.PowerShell.Core\FileSystem","False","-a---","-a---","Blue frog","C:\GitRepos\alisoncreations\resources\images\Blue frog.jpg",,,"Blue frog.jpg",,,"True","C:\GitRepos\alisoncreations\resources\images\Blue frog.jpg",".jpg","19/09/2025 13:15:13","19/09/2025 12:15:13","24/09/2025 22:15:37","24/09/2025 21:15:37","15/06/2025 14:08:59","15/06/2025 13:08:59",,"-1","Archive"
"Microsoft.PowerShell.Core\FileSystem::C:\GitRepos\alisoncreations\resources\images\Boat with flower Anchor gold rope.jpg","Microsoft.PowerShell.Core\FileSystem::C:\GitRepos\alisoncreations\resources\images","Boat with flower Anchor gold rope.jpg","C","Microsoft.PowerShell.Core\FileSystem","False","-a---","-a---","Boat with flower Anchor gold rope","C:\GitRepos\alisoncreations\resources\images\Boat with flower Anchor gold rope.jpg",,,"Boat with flower Anchor gold rope.jpg",,,"True","C:\GitRepos\alisoncreations\resources\images\Boat with flower Anchor gold rope.jpg",".jpg","19/09/2025 13:15:13","19/09/2025 12:15:13","24/09/2025 22:15:37","24/09/2025 21:15:37","08/06/2025 11:41:07","08/06/2025 10:41:07",,"-1","Archive"
"Microsoft.PowerShell.Core\FileSystem::C:\GitRepos\alisoncreations\resources\images\Boat with flower Anchor white.jpg","Microsoft.PowerShell.Core\FileSystem::C:\GitRepos\alisoncreations\resources\images","Boat with flower Anchor white.jpg","C","Microsoft.PowerShell.Core\FileSystem","False","-a---","-a---","Boat with flower Anchor white","C:\GitRepos\alisoncreations\resources\images\Boat with flower Anchor white.jpg",,,"Boat with flower Anchor white.jpg",,,"True","C:\GitRepos\alisoncreations\resources\images\Boat with flower Anchor white.jpg",".jpg","19/09/2025 13:15:13","19/09/2025 12:15:13","24/09/2025 22:15:37","24/09/2025 21:15:37","08/06/2025 11:41:07","08/06/2025 10:41:07",,"-1","Archive"
"Microsoft.PowerShell.Core\FileSystem::C:\GitRepos\alisoncreations\resources\images\Brown Butterfly.jpg","Microsoft.PowerShell.Core\FileSystem::C:\GitRepos\alisoncreations\resources\images","Brown Butterfly.jpg","C","Microsoft.PowerShell.Core\FileSystem","False","-a---","-a---","Brown Butterfly","C:\GitRepos\alisoncreations\resources\images\Brown Butterfly.jpg",,,"Brown Butterfly.jpg",,,"True","C:\GitRepos\alisoncreations\resources\images\Brown Butterfly.jpg",".jpg","19/09/2025 13:15:13","19/09/2025 12:15:13","24/09/2025 22:09:58","24/09/2025 21:09:58","15/06/2025 14:08:13","15/06/2025 13:08:13",,"-1","Archive"
"Microsoft.PowerShell.Core\FileSystem::C:\GitRepos\alisoncreations\resources\images\Butterfly white quote  2.jpg","Microsoft.PowerShell.Core\FileSystem::C:\GitRepos\alisoncreations\resources\images","Butterfly white quote  2.jpg","C","Microsoft.PowerShell.Core\FileSystem","False","-a---","-a---","Butterfly white quote  2","C:\GitRepos\alisoncreations\resources\images\Butterfly white quote  2.jpg",,,"Butterfly white quote  2.jpg",,,"True","C:\GitRepos\alisoncreations\resources\images\Butterfly white quote  2.jpg",".jpg","19/09/2025 13:15:13","19/09/2025 12:15:13","24/09/2025 22:09:58","24/09/2025 21:09:58","15/06/2025 14:08:52","15/06/2025 13:08:52",,"-1","Archive"
"Microsoft.PowerShell.Core\FileSystem::C:\GitRepos\alisoncreations\resources\images\Butterfly white quote 1 .jpg","Microsoft.PowerShell.Core\FileSystem::C:\GitRepos\alisoncreations\resources\images","Butterfly white quote 1 .jpg","C","Microsoft.PowerShell.Core\FileSystem","False","-a---","-a---","Butterfly white quote 1 ","C:\GitRepos\alisoncreations\resources\images\Butterfly white quote 1 .jpg",,,"Butterfly white quote 1 .jpg",,,"True","C:\GitRepos\alisoncreations\resources\images\Butterfly white quote 1 .jpg",".jpg","19/09/2025 13:15:13","19/09/2025 12:15:13","24/09/2025 22:09:58","24/09/2025 21:09:58","08/06/2025 11:41:07","08/06/2025 10:41:07",,"-1","Archive"
"Microsoft.PowerShell.Core\FileSystem::C:\GitRepos\alisoncreations\resources\images\Butterfly white quote 1.jpg","Microsoft.PowerShell.Core\FileSystem::C:\GitRepos\alisoncreations\resources\images","Butterfly white quote 1.jpg","C","Microsoft.PowerShell.Core\FileSystem","False","-a---","-a---","Butterfly white quote 1","C:\GitRepos\alisoncreations\resources\images\Butterfly white quote 1.jpg",,,"Butterfly white quote 1.jpg",,,"True","C:\GitRepos\alisoncreations\resources\images\Butterfly white quote 1.jpg",".jpg","19/09/2025 13:15:13","19/09/2025 12:15:13","24/09/2025 22:09:58","24/09/2025 21:09:58","15/06/2025 14:08:13","15/06/2025 13:08:13",,"-1","Archive"
"Microsoft.PowerShell.Core\FileSystem::C:\GitRepos\alisoncreations\resources\images\Butterfly white quote 2.jpg","Microsoft.PowerShell.Core\FileSystem::C:\GitRepos\alisoncreations\resources\images","Butterfly white quote 2.jpg","C","Microsoft.PowerShell.Core\FileSystem","False","-a---","-a---","Butterfly white quote 2","C:\GitRepos\alisoncreations\resources\images\Butterfly white quote 2.jpg",,,"Butterfly white quote 2.jpg",,,"True","C:\GitRepos\alisoncreations\resources\images\Butterfly white quote 2.jpg",".jpg","19/09/2025 13:15:14","19/09/2025 12:15:14","24/09/2025 22:09:58","24/09/2025 21:09:58","08/06/2025 11:41:07","08/06/2025 10:41:07",,"-1","Archive"
"Microsoft.PowerShell.Core\FileSystem::C:\GitRepos\alisoncreations\resources\images\Butterfly white quote 3.jpg","Microsoft.PowerShell.Core\FileSystem::C:\GitRepos\alisoncreations\resources\images","Butterfly white quote 3.jpg","C","Microsoft.PowerShell.Core\FileSystem","False","-a---","-a---","Butterfly white quote 3","C:\GitRepos\alisoncreations\resources\images\Butterfly white quote 3.jpg",,,"Butterfly white quote 3.jpg",,,"True","C:\GitRepos\alisoncreations\resources\images\Butterfly white quote 3.jpg",".jpg","19/09/2025 13:15:14","19/09/2025 12:15:14","24/09/2025 22:09:58","24/09/2025 21:09:58","15/06/2025 14:08:05","15/06/2025 13:08:05",,"-1","Archive"
"Microsoft.PowerShell.Core\FileSystem::C:\GitRepos\alisoncreations\resources\images\Cat & Dog.jpg","Microsoft.PowerShell.Core\FileSystem::C:\GitRepos\alisoncreations\resources\images","Cat & Dog.jpg","C","Microsoft.PowerShell.Core\FileSystem","False","-a---","-a---","Cat & Dog","C:\GitRepos\alisoncreations\resources\images\Cat & Dog.jpg",,,"Cat & Dog.jpg",,,"True","C:\GitRepos\alisoncreations\resources\images\Cat & Dog.jpg",".jpg","19/09/2025 13:15:14","19/09/2025 12:15:14","24/09/2025 22:09:58","24/09/2025 21:09:58","01/06/2025 17:10:12","01/06/2025 16:10:12",,"-1","Archive"
"Microsoft.PowerShell.Core\FileSystem::C:\GitRepos\alisoncreations\resources\images\Cat brown-white.jpg","Microsoft.PowerShell.Core\FileSystem::C:\GitRepos\alisoncreations\resources\images","Cat brown-white.jpg","C","Microsoft.PowerShell.Core\FileSystem","False","-a---","-a---","Cat brown-white","C:\GitRepos\alisoncreations\resources\images\Cat brown-white.jpg",,,"Cat brown-white.jpg",,,"True","C:\GitRepos\alisoncreations\resources\images\Cat brown-white.jpg",".jpg","19/09/2025 13:15:14","19/09/2025 12:15:14","24/09/2025 22:09:58","24/09/2025 21:09:58","15/06/2025 14:08:44","15/06/2025 13:08:44",,"-1","Archive"
"Microsoft.PowerShell.Core\FileSystem::C:\GitRepos\alisoncreations\resources\images\Cat Dark Silver.jpg","Microsoft.PowerShell.Core\FileSystem::C:\GitRepos\alisoncreations\resources\images","Cat Dark Silver.jpg","C","Microsoft.PowerShell.Core\FileSystem","False","-a---","-a---","Cat Dark Silver","C:\GitRepos\alisoncreations\resources\images\Cat Dark Silver.jpg",,,"Cat Dark Silver.jpg",,,"True","C:\GitRepos\alisoncreations\resources\images\Cat Dark Silver.jpg",".jpg","19/09/2025 13:15:14","19/09/2025 12:15:14","24/09/2025 22:09:58","24/09/2025 21:09:58","15/06/2025 14:08:47","15/06/2025 13:08:47",,"-1","Archive"
"Microsoft.PowerShell.Core\FileSystem::C:\GitRepos\alisoncreations\resources\images\Cat gold-brown.jpg","Microsoft.PowerShell.Core\FileSystem::C:\GitRepos\alisoncreations\resources\images","Cat gold-brown.jpg","C","Microsoft.PowerShell.Core\FileSystem","False","-a---","-a---","Cat gold-brown","C:\GitRepos\alisoncreations\resources\images\Cat gold-brown.jpg",,,"Cat gold-brown.jpg",,,"True","C:\GitRepos\alisoncreations\resources\images\Cat gold-brown.jpg",".jpg","19/09/2025 13:15:14","19/09/2025 12:15:14","24/09/2025 22:09:58","24/09/2025 21:09:58","15/06/2025 14:08:44","15/06/2025 13:08:44",,"-1","Archive"
"Microsoft.PowerShell.Core\FileSystem::C:\GitRepos\alisoncreations\resources\images\Cat jade.jpg","Microsoft.PowerShell.Core\FileSystem::C:\GitRepos\alisoncreations\resources\images","Cat jade.jpg","C","Microsoft.PowerShell.Core\FileSystem","False","-a---","-a---","Cat jade","C:\GitRepos\alisoncreations\resources\images\Cat jade.jpg",,,"Cat jade.jpg",,,"True","C:\GitRepos\alisoncreations\resources\images\Cat jade.jpg",".jpg","19/09/2025 13:15:14","19/09/2025 12:15:14","24/09/2025 22:09:58","24/09/2025 21:09:58","15/06/2025 14:08:46","15/06/2025 13:08:46",,"-1","Archive"
"Microsoft.PowerShell.Core\FileSystem::C:\GitRepos\alisoncreations\resources\images\Cat Orange.jpg","Microsoft.PowerShell.Core\FileSystem::C:\GitRepos\alisoncreations\resources\images","Cat Orange.jpg","C","Microsoft.PowerShell.Core\FileSystem","False","-a---","-a---","Cat Orange","C:\GitRepos\alisoncreations\resources\images\Cat Orange.jpg",,,"Cat Orange.jpg",,,"True","C:\GitRepos\alisoncreations\resources\images\Cat Orange.jpg",".jpg","19/09/2025 13:15:14","19/09/2025 12:15:14","24/09/2025 22:09:58","24/09/2025 21:09:58","15/06/2025 14:09:25","15/06/2025 13:09:25",,"-1","Archive"
"Microsoft.PowerShell.Core\FileSystem::C:\GitRepos\alisoncreations\resources\images\Cat Silver.jpg","Microsoft.PowerShell.Core\FileSystem::C:\GitRepos\alisoncreations\resources\images","Cat Silver.jpg","C","Microsoft.PowerShell.Core\FileSystem","False","-a---","-a---","Cat Silver","C:\GitRepos\alisoncreations\resources\images\Cat Silver.jpg",,,"Cat Silver.jpg",,,"True","C:\GitRepos\alisoncreations\resources\images\Cat Silver.jpg",".jpg","19/09/2025 13:15:14","19/09/2025 12:15:14","24/09/2025 22:09:58","24/09/2025 21:09:58","15/06/2025 14:09:23","15/06/2025 13:09:23",,"-1","Archive"
"Microsoft.PowerShell.Core\FileSystem::C:\GitRepos\alisoncreations\resources\images\Christmas clear hanging ornaments.jpg","Microsoft.PowerShell.Core\FileSystem::C:\GitRepos\alisoncreations\resources\images","Christmas clear hanging ornaments.jpg","C","Microsoft.PowerShell.Core\FileSystem","False","-a---","-a---","Christmas clear hanging ornaments","C:\GitRepos\alisoncreations\resources\images\Christmas clear hanging ornaments.jpg",,,"Christmas clear hanging ornaments.jpg",,,"True","C:\GitRepos\alisoncreations\resources\images\Christmas clear hanging ornaments.jpg",".jpg","19/09/2025 13:15:14","19/09/2025 12:15:14","24/09/2025 22:09:58","24/09/2025 21:09:58","15/06/2025 14:08:59","15/06/2025 13:08:59",,"-1","Archive"
"Microsoft.PowerShell.Core\FileSystem::C:\GitRepos\alisoncreations\resources\images\Christmas scene  2.jpg","Microsoft.PowerShell.Core\FileSystem::C:\GitRepos\alisoncreations\resources\images","Christmas scene  2.jpg","C","Microsoft.PowerShell.Core\FileSystem","False","-a---","-a---","Christmas scene  2","C:\GitRepos\alisoncreations\resources\images\Christmas scene  2.jpg",,,"Christmas scene  2.jpg",,,"True","C:\GitRepos\alisoncreations\resources\images\Christmas scene  2.jpg",".jpg","19/09/2025 13:15:14","19/09/2025 12:15:14","24/09/2025 22:09:58","24/09/2025 21:09:58","15/06/2025 14:08:52","15/06/2025 13:08:52",,"-1","Archive"
"Microsoft.PowerShell.Core\FileSystem::C:\GitRepos\alisoncreations\resources\images\Christmas white circle hanging ornament.jpg","Microsoft.PowerShell.Core\FileSystem::C:\GitRepos\alisoncreations\resources\images","Christmas white circle hanging ornament.jpg","C","Microsoft.PowerShell.Core\FileSystem","False","-a---","-a---","Christmas white circle hanging ornament","C:\GitRepos\alisoncreations\resources\images\Christmas white circle hanging ornament.jpg",,,"Christmas white circle hanging ornament.jpg",,,"True","C:\GitRepos\alisoncreations\resources\images\Christmas white circle hanging ornament.jpg",".jpg","19/09/2025 13:15:14","19/09/2025 12:15:14","24/09/2025 22:09:58","24/09/2025 21:09:58","15/06/2025 14:08:13","15/06/2025 13:08:13",,"-1","Archive"
"Microsoft.PowerShell.Core\FileSystem::C:\GitRepos\alisoncreations\resources\images\Christmas white hanging ornament.jpg","Microsoft.PowerShell.Core\FileSystem::C:\GitRepos\alisoncreations\resources\images","Christmas white hanging ornament.jpg","C","Microsoft.PowerShell.Core\FileSystem","False","-a---","-a---","Christmas white hanging ornament","C:\GitRepos\alisoncreations\resources\images\Christmas white hanging ornament.jpg",,,"Christmas white hanging ornament.jpg",,,"True","C:\GitRepos\alisoncreations\resources\images\Christmas white hanging ornament.jpg",".jpg","19/09/2025 13:15:14","19/09/2025 12:15:14","24/09/2025 22:09:58","24/09/2025 21:09:58","15/06/2025 14:09:24","15/06/2025 13:09:24",,"-1","Archive"
"Microsoft.PowerShell.Core\FileSystem::C:\GitRepos\alisoncreations\resources\images\Christmas white scene 1.jpg","Microsoft.PowerShell.Core\FileSystem::C:\GitRepos\alisoncreations\resources\images","Christmas white scene 1.jpg","C","Microsoft.PowerShell.Core\FileSystem","False","-a---","-a---","Christmas white scene 1","C:\GitRepos\alisoncreations\resources\images\Christmas white scene 1.jpg",,,"Christmas white scene 1.jpg",,,"True","C:\GitRepos\alisoncreations\resources\images\Christmas white scene 1.jpg",".jpg","19/09/2025 13:15:14","19/09/2025 12:15:14","24/09/2025 22:09:58","24/09/2025 21:09:58","15/06/2025 14:08:12","15/06/2025 13:08:12",,"-1","Archive"
"Microsoft.PowerShell.Core\FileSystem::C:\GitRepos\alisoncreations\resources\images\Cloud villiage with quote 7.jpg","Microsoft.PowerShell.Core\FileSystem::C:\GitRepos\alisoncreations\resources\images","Cloud villiage with quote 7.jpg","C","Microsoft.PowerShell.Core\FileSystem","False","-a---","-a---","Cloud villiage with quote 7","C:\GitRepos\alisoncreations\resources\images\Cloud villiage with quote 7.jpg",,,"Cloud villiage with quote 7.jpg",,,"True","C:\GitRepos\alisoncreations\resources\images\Cloud villiage with quote 7.jpg",".jpg","19/09/2025 13:15:14","19/09/2025 12:15:14","24/09/2025 22:09:58","24/09/2025 21:09:58","15/06/2025 14:09:24","15/06/2025 13:09:24",,"-1","Archive"
"Microsoft.PowerShell.Core\FileSystem::C:\GitRepos\alisoncreations\resources\images\Dingy and Anchor sets white rope (2).jpg","Microsoft.PowerShell.Core\FileSystem::C:\GitRepos\alisoncreations\resources\images","Dingy and Anchor sets white rope (2).jpg","C","Microsoft.PowerShell.Core\FileSystem","False","-a---","-a---","Dingy and Anchor sets white rope (2)","C:\GitRepos\alisoncreations\resources\images\Dingy and Anchor sets white rope (2).jpg",,,"Dingy and Anchor sets white rope (2).jpg",,,"True","C:\GitRepos\alisoncreations\resources\images\Dingy and Anchor sets white rope (2).jpg",".jpg","19/09/2025 13:15:14","19/09/2025 12:15:14","24/09/2025 22:09:58","24/09/2025 21:09:58","15/06/2025 14:09:15","15/06/2025 13:09:15",,"-1","Archive"
"Microsoft.PowerShell.Core\FileSystem::C:\GitRepos\alisoncreations\resources\images\Dingy and Anchor sets white rope.jpg","Microsoft.PowerShell.Core\FileSystem::C:\GitRepos\alisoncreations\resources\images","Dingy and Anchor sets white rope.jpg","C","Microsoft.PowerShell.Core\FileSystem","False","-a---","-a---","Dingy and Anchor sets white rope","C:\GitRepos\alisoncreations\resources\images\Dingy and Anchor sets white rope.jpg",,,"Dingy and Anchor sets white rope.jpg",,,"True","C:\GitRepos\alisoncreations\resources\images\Dingy and Anchor sets white rope.jpg",".jpg","19/09/2025 13:15:14","19/09/2025 12:15:14","24/09/2025 22:09:58","24/09/2025 21:09:58","15/06/2025 14:08:59","15/06/2025 13:08:59",,"-1","Archive"
"Microsoft.PowerShell.Core\FileSystem::C:\GitRepos\alisoncreations\resources\images\Dingy and Anchor sets with gold rope (2).jpg","Microsoft.PowerShell.Core\FileSystem::C:\GitRepos\alisoncreations\resources\images","Dingy and Anchor sets with gold rope (2).jpg","C","Microsoft.PowerShell.Core\FileSystem","False","-a---","-a---","Dingy and Anchor sets with gold rope (2)","C:\GitRepos\alisoncreations\resources\images\Dingy and Anchor sets with gold rope (2).jpg",,,"Dingy and Anchor sets with gold rope (2).jpg",,,"True","C:\GitRepos\alisoncreations\resources\images\Dingy and Anchor sets with gold rope (2).jpg",".jpg","19/09/2025 13:15:14","19/09/2025 12:15:14","24/09/2025 22:09:58","24/09/2025 21:09:58","15/06/2025 14:08:58","15/06/2025 13:08:58",,"-1","Archive"
"Microsoft.PowerShell.Core\FileSystem::C:\GitRepos\alisoncreations\resources\images\Dingy and Anchor sets with gold rope.jpg","Microsoft.PowerShell.Core\FileSystem::C:\GitRepos\alisoncreations\resources\images","Dingy and Anchor sets with gold rope.jpg","C","Microsoft.PowerShell.Core\FileSystem","False","-a---","-a---","Dingy and Anchor sets with gold rope","C:\GitRepos\alisoncreations\resources\images\Dingy and Anchor sets with gold rope.jpg",,,"Dingy and Anchor sets with gold rope.jpg",,,"True","C:\GitRepos\alisoncreations\resources\images\Dingy and Anchor sets with gold rope.jpg",".jpg","19/09/2025 13:15:14","19/09/2025 12:15:14","24/09/2025 22:09:58","24/09/2025 21:09:58","15/06/2025 14:09:09","15/06/2025 13:09:09",,"-1","Archive"
"Microsoft.PowerShell.Core\FileSystem::C:\GitRepos\alisoncreations\resources\images\Dingy and Anchor sets.jpg","Microsoft.PowerShell.Core\FileSystem::C:\GitRepos\alisoncreations\resources\images","Dingy and Anchor sets.jpg","C","Microsoft.PowerShell.Core\FileSystem","False","-a---","-a---","Dingy and Anchor sets","C:\GitRepos\alisoncreations\resources\images\Dingy and Anchor sets.jpg",,,"Dingy and Anchor sets.jpg",,,"True","C:\GitRepos\alisoncreations\resources\images\Dingy and Anchor sets.jpg",".jpg","19/09/2025 13:15:14","19/09/2025 12:15:14","24/09/2025 22:09:58","24/09/2025 21:09:58","15/06/2025 14:09:03","15/06/2025 13:09:03",,"-1","Archive"
"Microsoft.PowerShell.Core\FileSystem::C:\GitRepos\alisoncreations\resources\images\Dog & Cat white.jpg","Microsoft.PowerShell.Core\FileSystem::C:\GitRepos\alisoncreations\resources\images","Dog & Cat white.jpg","C","Microsoft.PowerShell.Core\FileSystem","False","-a---","-a---","Dog & Cat white","C:\GitRepos\alisoncreations\resources\images\Dog & Cat white.jpg",,,"Dog & Cat white.jpg",,,"True","C:\GitRepos\alisoncreations\resources\images\Dog & Cat white.jpg",".jpg","19/09/2025 13:15:14","19/09/2025 12:15:14","24/09/2025 22:09:58","24/09/2025 21:09:58","15/06/2025 14:08:56","15/06/2025 13:08:56",,"-1","Archive"
"Microsoft.PowerShell.Core\FileSystem::C:\GitRepos\alisoncreations\resources\images\Dragon fly with flowers clear.jpg","Microsoft.PowerShell.Core\FileSystem::C:\GitRepos\alisoncreations\resources\images","Dragon fly with flowers clear.jpg","C","Microsoft.PowerShell.Core\FileSystem","False","-a---","-a---","Dragon fly with flowers clear","C:\GitRepos\alisoncreations\resources\images\Dragon fly with flowers clear.jpg",,,"Dragon fly with flowers clear.jpg",,,"True","C:\GitRepos\alisoncreations\resources\images\Dragon fly with flowers clear.jpg",".jpg","19/09/2025 13:15:14","19/09/2025 12:15:14","24/09/2025 22:09:58","24/09/2025 21:09:58","01/06/2025 13:36:41","01/06/2025 12:36:41",,"-1","Archive"
"Microsoft.PowerShell.Core\FileSystem::C:\GitRepos\alisoncreations\resources\images\Dragon.jpg","Microsoft.PowerShell.Core\FileSystem::C:\GitRepos\alisoncreations\resources\images","Dragon.jpg","C","Microsoft.PowerShell.Core\FileSystem","False","-a---","-a---","Dragon","C:\GitRepos\alisoncreations\resources\images\Dragon.jpg",,,"Dragon.jpg",,,"True","C:\GitRepos\alisoncreations\resources\images\Dragon.jpg",".jpg","19/09/2025 13:15:14","19/09/2025 12:15:14","24/09/2025 22:09:58","24/09/2025 21:09:58","15/06/2025 14:08:05","15/06/2025 13:08:05",,"-1","Archive"
"Microsoft.PowerShell.Core\FileSystem::C:\GitRepos\alisoncreations\resources\images\Dragonfly plaque 1.jpg","Microsoft.PowerShell.Core\FileSystem::C:\GitRepos\alisoncreations\resources\images","Dragonfly plaque 1.jpg","C","Microsoft.PowerShell.Core\FileSystem","False","-a---","-a---","Dragonfly plaque 1","C:\GitRepos\alisoncreations\resources\images\Dragonfly plaque 1.jpg",,,"Dragonfly plaque 1.jpg",,,"True","C:\GitRepos\alisoncreations\resources\images\Dragonfly plaque 1.jpg",".jpg","19/09/2025 13:15:14","19/09/2025 12:15:14","24/09/2025 22:09:58","24/09/2025 21:09:58","15/06/2025 14:08:13","15/06/2025 13:08:13",,"-1","Archive"
"Microsoft.PowerShell.Core\FileSystem::C:\GitRepos\alisoncreations\resources\images\Dragonfly plaque 2.jpg","Microsoft.PowerShell.Core\FileSystem::C:\GitRepos\alisoncreations\resources\images","Dragonfly plaque 2.jpg","C","Microsoft.PowerShell.Core\FileSystem","False","-a---","-a---","Dragonfly plaque 2","C:\GitRepos\alisoncreations\resources\images\Dragonfly plaque 2.jpg",,,"Dragonfly plaque 2.jpg",,,"True","C:\GitRepos\alisoncreations\resources\images\Dragonfly plaque 2.jpg",".jpg","19/09/2025 13:15:14","19/09/2025 12:15:14","24/09/2025 22:09:58","24/09/2025 21:09:58","15/06/2025 14:08:36","15/06/2025 13:08:36",,"-1","Archive"
"Microsoft.PowerShell.Core\FileSystem::C:\GitRepos\alisoncreations\resources\images\Dragonfly Purple.jpg","Microsoft.PowerShell.Core\FileSystem::C:\GitRepos\alisoncreations\resources\images","Dragonfly Purple.jpg","C","Microsoft.PowerShell.Core\FileSystem","False","-a---","-a---","Dragonfly Purple","C:\GitRepos\alisoncreations\resources\images\Dragonfly Purple.jpg",,,"Dragonfly Purple.jpg",,,"True","C:\GitRepos\alisoncreations\resources\images\Dragonfly Purple.jpg",".jpg","19/09/2025 13:15:14","19/09/2025 12:15:14","24/09/2025 22:09:58","24/09/2025 21:09:58","01/06/2025 13:36:41","01/06/2025 12:36:41",,"-1","Archive"
"Microsoft.PowerShell.Core\FileSystem::C:\GitRepos\alisoncreations\resources\images\Dragonfly red.jpg","Microsoft.PowerShell.Core\FileSystem::C:\GitRepos\alisoncreations\resources\images","Dragonfly red.jpg","C","Microsoft.PowerShell.Core\FileSystem","False","-a---","-a---","Dragonfly red","C:\GitRepos\alisoncreations\resources\images\Dragonfly red.jpg",,,"Dragonfly red.jpg",,,"True","C:\GitRepos\alisoncreations\resources\images\Dragonfly red.jpg",".jpg","19/09/2025 13:15:14","19/09/2025 12:15:14","24/09/2025 22:09:58","24/09/2025 21:09:58","01/06/2025 13:36:41","01/06/2025 12:36:41",,"-1","Archive"
"Microsoft.PowerShell.Core\FileSystem::C:\GitRepos\alisoncreations\resources\images\Dragonfly with flowers white back.jpg","Microsoft.PowerShell.Core\FileSystem::C:\GitRepos\alisoncreations\resources\images","Dragonfly with flowers white back.jpg","C","Microsoft.PowerShell.Core\FileSystem","False","-a---","-a---","Dragonfly with flowers white back","C:\GitRepos\alisoncreations\resources\images\Dragonfly with flowers white back.jpg",,,"Dragonfly with flowers white back.jpg",,,"True","C:\GitRepos\alisoncreations\resources\images\Dragonfly with flowers white back.jpg",".jpg","19/09/2025 13:15:14","19/09/2025 12:15:14","24/09/2025 22:09:58","24/09/2025 21:09:58","01/06/2025 13:36:41","01/06/2025 12:36:41",,"-1","Archive"
"Microsoft.PowerShell.Core\FileSystem::C:\GitRepos\alisoncreations\resources\images\Elephant jade.jpg","Microsoft.PowerShell.Core\FileSystem::C:\GitRepos\alisoncreations\resources\images","Elephant jade.jpg","C","Microsoft.PowerShell.Core\FileSystem","False","-a---","-a---","Elephant jade","C:\GitRepos\alisoncreations\resources\images\Elephant jade.jpg",,,"Elephant jade.jpg",,,"True","C:\GitRepos\alisoncreations\resources\images\Elephant jade.jpg",".jpg","19/09/2025 13:15:14","19/09/2025 12:15:14","24/09/2025 22:09:58","24/09/2025 21:09:58","15/06/2025 14:08:46","15/06/2025 13:08:46",,"-1","Archive"
"Microsoft.PowerShell.Core\FileSystem::C:\GitRepos\alisoncreations\resources\images\Elephant White-green.jpg","Microsoft.PowerShell.Core\FileSystem::C:\GitRepos\alisoncreations\resources\images","Elephant White-green.jpg","C","Microsoft.PowerShell.Core\FileSystem","False","-a---","-a---","Elephant White-green","C:\GitRepos\alisoncreations\resources\images\Elephant White-green.jpg",,,"Elephant White-green.jpg",,,"True","C:\GitRepos\alisoncreations\resources\images\Elephant White-green.jpg",".jpg","19/09/2025 13:15:14","19/09/2025 12:15:14","24/09/2025 22:09:58","24/09/2025 21:09:58","15/06/2025 14:08:52","15/06/2025 13:08:52",,"-1","Archive"
"Microsoft.PowerShell.Core\FileSystem::C:\GitRepos\alisoncreations\resources\images\Fairy cream.jpg","Microsoft.PowerShell.Core\FileSystem::C:\GitRepos\alisoncreations\resources\images","Fairy cream.jpg","C","Microsoft.PowerShell.Core\FileSystem","False","-a---","-a---","Fairy cream","C:\GitRepos\alisoncreations\resources\images\Fairy cream.jpg",,,"Fairy cream.jpg",,,"True","C:\GitRepos\alisoncreations\resources\images\Fairy cream.jpg",".jpg","19/09/2025 13:15:14","19/09/2025 12:15:14","24/09/2025 22:09:58","24/09/2025 21:09:58","15/06/2025 14:08:35","15/06/2025 13:08:35",,"-1","Archive"
"Microsoft.PowerShell.Core\FileSystem::C:\GitRepos\alisoncreations\resources\images\Fairy Mauve.jpg","Microsoft.PowerShell.Core\FileSystem::C:\GitRepos\alisoncreations\resources\images","Fairy Mauve.jpg","C","Microsoft.PowerShell.Core\FileSystem","False","-a---","-a---","Fairy Mauve","C:\GitRepos\alisoncreations\resources\images\Fairy Mauve.jpg",,,"Fairy Mauve.jpg",,,"True","C:\GitRepos\alisoncreations\resources\images\Fairy Mauve.jpg",".jpg","19/09/2025 13:15:14","19/09/2025 12:15:14","24/09/2025 22:09:58","24/09/2025 21:09:58","15/06/2025 14:08:41","15/06/2025 13:08:41",,"-1","Archive"
"Microsoft.PowerShell.Core\FileSystem::C:\GitRepos\alisoncreations\resources\images\Fairy silver.jpg","Microsoft.PowerShell.Core\FileSystem::C:\GitRepos\alisoncreations\resources\images","Fairy silver.jpg","C","Microsoft.PowerShell.Core\FileSystem","False","-a---","-a---","Fairy silver","C:\GitRepos\alisoncreations\resources\images\Fairy silver.jpg",,,"Fairy silver.jpg",,,"True","C:\GitRepos\alisoncreations\resources\images\Fairy silver.jpg",".jpg","19/09/2025 13:15:14","19/09/2025 12:15:14","24/09/2025 22:09:58","24/09/2025 21:09:58","15/06/2025 14:08:46","15/06/2025 13:08:46",,"-1","Archive"
"Microsoft.PowerShell.Core\FileSystem::C:\GitRepos\alisoncreations\resources\images\Fairy white-silver 2.jpg","Microsoft.PowerShell.Core\FileSystem::C:\GitRepos\alisoncreations\resources\images","Fairy white-silver 2.jpg","C","Microsoft.PowerShell.Core\FileSystem","False","-a---","-a---","Fairy white-silver 2","C:\GitRepos\alisoncreations\resources\images\Fairy white-silver 2.jpg",,,"Fairy white-silver 2.jpg",,,"True","C:\GitRepos\alisoncreations\resources\images\Fairy white-silver 2.jpg",".jpg","19/09/2025 13:15:14","19/09/2025 12:15:14","24/09/2025 22:09:58","24/09/2025 21:09:58","01/06/2025 13:36:41","01/06/2025 12:36:41",,"-1","Archive"
"Microsoft.PowerShell.Core\FileSystem::C:\GitRepos\alisoncreations\resources\images\Fairy white-sliver.jpg","Microsoft.PowerShell.Core\FileSystem::C:\GitRepos\alisoncreations\resources\images","Fairy white-sliver.jpg","C","Microsoft.PowerShell.Core\FileSystem","False","-a---","-a---","Fairy white-sliver","C:\GitRepos\alisoncreations\resources\images\Fairy white-sliver.jpg",,,"Fairy white-sliver.jpg",,,"True","C:\GitRepos\alisoncreations\resources\images\Fairy white-sliver.jpg",".jpg","19/09/2025 13:15:14","19/09/2025 12:15:14","24/09/2025 22:09:58","24/09/2025 21:09:58","01/06/2025 13:36:41","01/06/2025 12:36:41",,"-1","Archive"
"Microsoft.PowerShell.Core\FileSystem::C:\GitRepos\alisoncreations\resources\images\Family (flowered).jpg","Microsoft.PowerShell.Core\FileSystem::C:\GitRepos\alisoncreations\resources\images","Family (flowered).jpg","C","Microsoft.PowerShell.Core\FileSystem","False","-a---","-a---","Family (flowered)","C:\GitRepos\alisoncreations\resources\images\Family (flowered).jpg",,,"Family (flowered).jpg",,,"True","C:\GitRepos\alisoncreations\resources\images\Family (flowered).jpg",".jpg","19/09/2025 13:15:14","19/09/2025 12:15:14","24/09/2025 22:09:58","24/09/2025 21:09:58","15/06/2025 14:09:01","15/06/2025 13:09:01",,"-1","Archive"
"Microsoft.PowerShell.Core\FileSystem::C:\GitRepos\alisoncreations\resources\images\Flower cup saucer blue .jpg","Microsoft.PowerShell.Core\FileSystem::C:\GitRepos\alisoncreations\resources\images","Flower cup saucer blue .jpg","C","Microsoft.PowerShell.Core\FileSystem","False","-a---","-a---","Flower cup saucer blue ","C:\GitRepos\alisoncreations\resources\images\Flower cup saucer blue .jpg",,,"Flower cup saucer blue .jpg",,,"True","C:\GitRepos\alisoncreations\resources\images\Flower cup saucer blue .jpg",".jpg","19/09/2025 13:15:14","19/09/2025 12:15:14","24/09/2025 22:09:58","24/09/2025 21:09:58","15/06/2025 14:08:53","15/06/2025 13:08:53",,"-1","Archive"
"Microsoft.PowerShell.Core\FileSystem::C:\GitRepos\alisoncreations\resources\images\Flower cup saucer blue.jpg","Microsoft.PowerShell.Core\FileSystem::C:\GitRepos\alisoncreations\resources\images","Flower cup saucer blue.jpg","C","Microsoft.PowerShell.Core\FileSystem","False","-a---","-a---","Flower cup saucer blue","C:\GitRepos\alisoncreations\resources\images\Flower cup saucer blue.jpg",,,"Flower cup saucer blue.jpg",,,"True","C:\GitRepos\alisoncreations\resources\images\Flower cup saucer blue.jpg",".jpg","19/09/2025 13:15:14","19/09/2025 12:15:14","24/09/2025 22:09:58","24/09/2025 21:09:58","15/06/2025 14:08:56","15/06/2025 13:08:56",,"-1","Archive"
"Microsoft.PowerShell.Core\FileSystem::C:\GitRepos\alisoncreations\resources\images\Flower cup saucer white 2.jpg","Microsoft.PowerShell.Core\FileSystem::C:\GitRepos\alisoncreations\resources\images","Flower cup saucer white 2.jpg","C","Microsoft.PowerShell.Core\FileSystem","False","-a---","-a---","Flower cup saucer white 2","C:\GitRepos\alisoncreations\resources\images\Flower cup saucer white 2.jpg",,,"Flower cup saucer white 2.jpg",,,"True","C:\GitRepos\alisoncreations\resources\images\Flower cup saucer white 2.jpg",".jpg","19/09/2025 13:15:14","19/09/2025 12:15:14","24/09/2025 22:09:58","24/09/2025 21:09:58","15/06/2025 14:09:01","15/06/2025 13:09:01",,"-1","Archive"
"Microsoft.PowerShell.Core\FileSystem::C:\GitRepos\alisoncreations\resources\images\Flower cup saucer white1 .jpg","Microsoft.PowerShell.Core\FileSystem::C:\GitRepos\alisoncreations\resources\images","Flower cup saucer white1 .jpg","C","Microsoft.PowerShell.Core\FileSystem","False","-a---","-a---","Flower cup saucer white1 ","C:\GitRepos\alisoncreations\resources\images\Flower cup saucer white1 .jpg",,,"Flower cup saucer white1 .jpg",,,"True","C:\GitRepos\alisoncreations\resources\images\Flower cup saucer white1 .jpg",".jpg","19/09/2025 13:15:14","19/09/2025 12:15:14","24/09/2025 22:09:58","24/09/2025 21:09:58","15/06/2025 14:09:01","15/06/2025 13:09:01",,"-1","Archive"
"Microsoft.PowerShell.Core\FileSystem::C:\GitRepos\alisoncreations\resources\images\Flower cup saucer white1.jpg","Microsoft.PowerShell.Core\FileSystem::C:\GitRepos\alisoncreations\resources\images","Flower cup saucer white1.jpg","C","Microsoft.PowerShell.Core\FileSystem","False","-a---","-a---","Flower cup saucer white1","C:\GitRepos\alisoncreations\resources\images\Flower cup saucer white1.jpg",,,"Flower cup saucer white1.jpg",,,"True","C:\GitRepos\alisoncreations\resources\images\Flower cup saucer white1.jpg",".jpg","19/09/2025 13:15:14","19/09/2025 12:15:14","24/09/2025 22:09:58","24/09/2025 21:09:58","15/06/2025 14:09:24","15/06/2025 13:09:24",,"-1","Archive"
"Microsoft.PowerShell.Core\FileSystem::C:\GitRepos\alisoncreations\resources\images\Flower cup saucer white2.jpg","Microsoft.PowerShell.Core\FileSystem::C:\GitRepos\alisoncreations\resources\images","Flower cup saucer white2.jpg","C","Microsoft.PowerShell.Core\FileSystem","False","-a---","-a---","Flower cup saucer white2","C:\GitRepos\alisoncreations\resources\images\Flower cup saucer white2.jpg",,,"Flower cup saucer white2.jpg",,,"True","C:\GitRepos\alisoncreations\resources\images\Flower cup saucer white2.jpg",".jpg","19/09/2025 13:15:14","19/09/2025 12:15:14","24/09/2025 22:09:58","24/09/2025 21:09:58","15/06/2025 14:08:52","15/06/2025 13:08:52",,"-1","Archive"
"Microsoft.PowerShell.Core\FileSystem::C:\GitRepos\alisoncreations\resources\images\Flower cup saucer yellow (2).jpg","Microsoft.PowerShell.Core\FileSystem::C:\GitRepos\alisoncreations\resources\images","Flower cup saucer yellow (2).jpg","C","Microsoft.PowerShell.Core\FileSystem","False","-a---","-a---","Flower cup saucer yellow (2)","C:\GitRepos\alisoncreations\resources\images\Flower cup saucer yellow (2).jpg",,,"Flower cup saucer yellow (2).jpg",,,"True","C:\GitRepos\alisoncreations\resources\images\Flower cup saucer yellow (2).jpg",".jpg","19/09/2025 13:15:14","19/09/2025 12:15:14","24/09/2025 22:09:58","24/09/2025 21:09:58","15/06/2025 14:09:25","15/06/2025 13:09:25",,"-1","Archive"
"Microsoft.PowerShell.Core\FileSystem::C:\GitRepos\alisoncreations\resources\images\Flower cup saucer yellow.jpg","Microsoft.PowerShell.Core\FileSystem::C:\GitRepos\alisoncreations\resources\images","Flower cup saucer yellow.jpg","C","Microsoft.PowerShell.Core\FileSystem","False","-a---","-a---","Flower cup saucer yellow","C:\GitRepos\alisoncreations\resources\images\Flower cup saucer yellow.jpg",,,"Flower cup saucer yellow.jpg",,,"True","C:\GitRepos\alisoncreations\resources\images\Flower cup saucer yellow.jpg",".jpg","19/09/2025 13:15:14","19/09/2025 12:15:14","24/09/2025 22:09:58","24/09/2025 21:09:58","15/06/2025 14:08:54","15/06/2025 13:08:54",,"-1","Archive"
"Microsoft.PowerShell.Core\FileSystem::C:\GitRepos\alisoncreations\resources\images\Flower cup saucerwhite2.jpg","Microsoft.PowerShell.Core\FileSystem::C:\GitRepos\alisoncreations\resources\images","Flower cup saucerwhite2.jpg","C","Microsoft.PowerShell.Core\FileSystem","False","-a---","-a---","Flower cup saucerwhite2","C:\GitRepos\alisoncreations\resources\images\Flower cup saucerwhite2.jpg",,,"Flower cup saucerwhite2.jpg",,,"True","C:\GitRepos\alisoncreations\resources\images\Flower cup saucerwhite2.jpg",".jpg","19/09/2025 13:15:14","19/09/2025 12:15:14","24/09/2025 22:09:58","24/09/2025 21:09:58","15/06/2025 14:08:52","15/06/2025 13:08:52",,"-1","Archive"
"Microsoft.PowerShell.Core\FileSystem::C:\GitRepos\alisoncreations\resources\images\Flower jars blue.jpg","Microsoft.PowerShell.Core\FileSystem::C:\GitRepos\alisoncreations\resources\images","Flower jars blue.jpg","C","Microsoft.PowerShell.Core\FileSystem","False","-a---","-a---","Flower jars blue","C:\GitRepos\alisoncreations\resources\images\Flower jars blue.jpg",,,"Flower jars blue.jpg",,,"True","C:\GitRepos\alisoncreations\resources\images\Flower jars blue.jpg",".jpg","19/09/2025 13:15:14","19/09/2025 12:15:14","24/09/2025 22:09:58","24/09/2025 21:09:58","15/06/2025 14:09:15","15/06/2025 13:09:15",,"-1","Archive"
"Microsoft.PowerShell.Core\FileSystem::C:\GitRepos\alisoncreations\resources\images\Flower jars mauve.jpg","Microsoft.PowerShell.Core\FileSystem::C:\GitRepos\alisoncreations\resources\images","Flower jars mauve.jpg","C","Microsoft.PowerShell.Core\FileSystem","False","-a---","-a---","Flower jars mauve","C:\GitRepos\alisoncreations\resources\images\Flower jars mauve.jpg",,,"Flower jars mauve.jpg",,,"True","C:\GitRepos\alisoncreations\resources\images\Flower jars mauve.jpg",".jpg","19/09/2025 13:15:14","19/09/2025 12:15:14","24/09/2025 22:09:58","24/09/2025 21:09:58","15/06/2025 14:09:25","15/06/2025 13:09:25",,"-1","Archive"
"Microsoft.PowerShell.Core\FileSystem::C:\GitRepos\alisoncreations\resources\images\Flower jars mix.light red.jpg","Microsoft.PowerShell.Core\FileSystem::C:\GitRepos\alisoncreations\resources\images","Flower jars mix.light red.jpg","C","Microsoft.PowerShell.Core\FileSystem","False","-a---","-a---","Flower jars mix.light red","C:\GitRepos\alisoncreations\resources\images\Flower jars mix.light red.jpg",,,"Flower jars mix.light red.jpg",,,"True","C:\GitRepos\alisoncreations\resources\images\Flower jars mix.light red.jpg",".jpg","19/09/2025 13:15:14","19/09/2025 12:15:14","24/09/2025 22:09:58","24/09/2025 21:09:58","15/06/2025 14:09:25","15/06/2025 13:09:25",,"-1","Archive"
"Microsoft.PowerShell.Core\FileSystem::C:\GitRepos\alisoncreations\resources\images\Flower jars pink 1.jpg","Microsoft.PowerShell.Core\FileSystem::C:\GitRepos\alisoncreations\resources\images","Flower jars pink 1.jpg","C","Microsoft.PowerShell.Core\FileSystem","False","-a---","-a---","Flower jars pink 1","C:\GitRepos\alisoncreations\resources\images\Flower jars pink 1.jpg",,,"Flower jars pink 1.jpg",,,"True","C:\GitRepos\alisoncreations\resources\images\Flower jars pink 1.jpg",".jpg","19/09/2025 13:15:14","19/09/2025 12:15:14","24/09/2025 22:09:58","24/09/2025 21:09:58","15/06/2025 14:09:24","15/06/2025 13:09:24",,"-1","Archive"
"Microsoft.PowerShell.Core\FileSystem::C:\GitRepos\alisoncreations\resources\images\Flower jars pink.jpg","Microsoft.PowerShell.Core\FileSystem::C:\GitRepos\alisoncreations\resources\images","Flower jars pink.jpg","C","Microsoft.PowerShell.Core\FileSystem","False","-a---","-a---","Flower jars pink","C:\GitRepos\alisoncreations\resources\images\Flower jars pink.jpg",,,"Flower jars pink.jpg",,,"True","C:\GitRepos\alisoncreations\resources\images\Flower jars pink.jpg",".jpg","19/09/2025 13:15:14","19/09/2025 12:15:14","24/09/2025 22:09:58","24/09/2025 21:09:58","15/06/2025 14:09:25","15/06/2025 13:09:25",,"-1","Archive"
"Microsoft.PowerShell.Core\FileSystem::C:\GitRepos\alisoncreations\resources\images\Flower jars red.jpg","Microsoft.PowerShell.Core\FileSystem::C:\GitRepos\alisoncreations\resources\images","Flower jars red.jpg","C","Microsoft.PowerShell.Core\FileSystem","False","-a---","-a---","Flower jars red","C:\GitRepos\alisoncreations\resources\images\Flower jars red.jpg",,,"Flower jars red.jpg",,,"True","C:\GitRepos\alisoncreations\resources\images\Flower jars red.jpg",".jpg","19/09/2025 13:15:14","19/09/2025 12:15:14","24/09/2025 22:09:58","24/09/2025 21:09:58","15/06/2025 14:09:25","15/06/2025 13:09:25",,"-1","Archive"
"Microsoft.PowerShell.Core\FileSystem::C:\GitRepos\alisoncreations\resources\images\Flower pot light yellow.jpg","Microsoft.PowerShell.Core\FileSystem::C:\GitRepos\alisoncreations\resources\images","Flower pot light yellow.jpg","C","Microsoft.PowerShell.Core\FileSystem","False","-a---","-a---","Flower pot light yellow","C:\GitRepos\alisoncreations\resources\images\Flower pot light yellow.jpg",,,"Flower pot light yellow.jpg",,,"True","C:\GitRepos\alisoncreations\resources\images\Flower pot light yellow.jpg",".jpg","19/09/2025 13:15:14","19/09/2025 12:15:14","24/09/2025 22:09:58","24/09/2025 21:09:58","15/06/2025 14:08:52","15/06/2025 13:08:52",,"-1","Archive"
"Microsoft.PowerShell.Core\FileSystem::C:\GitRepos\alisoncreations\resources\images\Flower pot white.jpg","Microsoft.PowerShell.Core\FileSystem::C:\GitRepos\alisoncreations\resources\images","Flower pot white.jpg","C","Microsoft.PowerShell.Core\FileSystem","False","-a---","-a---","Flower pot white","C:\GitRepos\alisoncreations\resources\images\Flower pot white.jpg",,,"Flower pot white.jpg",,,"True","C:\GitRepos\alisoncreations\resources\images\Flower pot white.jpg",".jpg","19/09/2025 13:15:14","19/09/2025 12:15:14","24/09/2025 22:09:58","24/09/2025 21:09:58","15/06/2025 14:09:25","15/06/2025 13:09:25",,"-1","Archive"
"Microsoft.PowerShell.Core\FileSystem::C:\GitRepos\alisoncreations\resources\images\Flower Pots blue.jpg","Microsoft.PowerShell.Core\FileSystem::C:\GitRepos\alisoncreations\resources\images","Flower Pots blue.jpg","C","Microsoft.PowerShell.Core\FileSystem","False","-a---","-a---","Flower Pots blue","C:\GitRepos\alisoncreations\resources\images\Flower Pots blue.jpg",,,"Flower Pots blue.jpg",,,"True","C:\GitRepos\alisoncreations\resources\images\Flower Pots blue.jpg",".jpg","19/09/2025 13:15:14","19/09/2025 12:15:14","24/09/2025 22:09:58","24/09/2025 21:09:58","15/06/2025 14:08:49","15/06/2025 13:08:49",,"-1","Archive"
"Microsoft.PowerShell.Core\FileSystem::C:\GitRepos\alisoncreations\resources\images\Flower Pots grey.jpg","Microsoft.PowerShell.Core\FileSystem::C:\GitRepos\alisoncreations\resources\images","Flower Pots grey.jpg","C","Microsoft.PowerShell.Core\FileSystem","False","-a---","-a---","Flower Pots grey","C:\GitRepos\alisoncreations\resources\images\Flower Pots grey.jpg",,,"Flower Pots grey.jpg",,,"True","C:\GitRepos\alisoncreations\resources\images\Flower Pots grey.jpg",".jpg","19/09/2025 13:15:14","19/09/2025 12:15:14","24/09/2025 22:09:58","24/09/2025 21:09:58","15/06/2025 14:08:52","15/06/2025 13:08:52",,"-1","Archive"
"Microsoft.PowerShell.Core\FileSystem::C:\GitRepos\alisoncreations\resources\images\Flower Pots yellow.jpg","Microsoft.PowerShell.Core\FileSystem::C:\GitRepos\alisoncreations\resources\images","Flower Pots yellow.jpg","C","Microsoft.PowerShell.Core\FileSystem","False","-a---","-a---","Flower Pots yellow","C:\GitRepos\alisoncreations\resources\images\Flower Pots yellow.jpg",,,"Flower Pots yellow.jpg",,,"True","C:\GitRepos\alisoncreations\resources\images\Flower Pots yellow.jpg",".jpg","19/09/2025 13:15:14","19/09/2025 12:15:14","24/09/2025 22:09:58","24/09/2025 21:09:58","15/06/2025 14:08:49","15/06/2025 13:08:49",,"-1","Archive"
"Microsoft.PowerShell.Core\FileSystem::C:\GitRepos\alisoncreations\resources\images\Flowered butterfly clear.jpg","Microsoft.PowerShell.Core\FileSystem::C:\GitRepos\alisoncreations\resources\images","Flowered butterfly clear.jpg","C","Microsoft.PowerShell.Core\FileSystem","False","-a---","-a---","Flowered butterfly clear","C:\GitRepos\alisoncreations\resources\images\Flowered butterfly clear.jpg",,,"Flowered butterfly clear.jpg",,,"True","C:\GitRepos\alisoncreations\resources\images\Flowered butterfly clear.jpg",".jpg","19/09/2025 13:15:14","19/09/2025 12:15:14","24/09/2025 22:09:58","24/09/2025 21:09:58","15/06/2025 14:09:23","15/06/2025 13:09:23",,"-1","Archive"
"Microsoft.PowerShell.Core\FileSystem::C:\GitRepos\alisoncreations\resources\images\Flowered butterfly white.jpg","Microsoft.PowerShell.Core\FileSystem::C:\GitRepos\alisoncreations\resources\images","Flowered butterfly white.jpg","C","Microsoft.PowerShell.Core\FileSystem","False","-a---","-a---","Flowered butterfly white","C:\GitRepos\alisoncreations\resources\images\Flowered butterfly white.jpg",,,"Flowered butterfly white.jpg",,,"True","C:\GitRepos\alisoncreations\resources\images\Flowered butterfly white.jpg",".jpg","19/09/2025 13:15:14","19/09/2025 12:15:14","24/09/2025 22:09:58","24/09/2025 21:09:58","15/06/2025 14:08:10","15/06/2025 13:08:10",,"-1","Archive"
"Microsoft.PowerShell.Core\FileSystem::C:\GitRepos\alisoncreations\resources\images\Flowers on Wood with quote 1 Blue-Mauve.jpg","Microsoft.PowerShell.Core\FileSystem::C:\GitRepos\alisoncreations\resources\images","Flowers on Wood with quote 1 Blue-Mauve.jpg","C","Microsoft.PowerShell.Core\FileSystem","False","-a---","-a---","Flowers on Wood with quote 1 Blue-Mauve","C:\GitRepos\alisoncreations\resources\images\Flowers on Wood with quote 1 Blue-Mauve.jpg",,,"Flowers on Wood with quote 1 Blue-Mauve.jpg",,,"True","C:\GitRepos\alisoncreations\resources\images\Flowers on Wood with quote 1 Blue-Mauve.jpg",".jpg","19/09/2025 13:15:14","19/09/2025 12:15:14","24/09/2025 22:09:58","24/09/2025 21:09:58","08/06/2025 11:41:07","08/06/2025 10:41:07",,"-1","Archive"
"Microsoft.PowerShell.Core\FileSystem::C:\GitRepos\alisoncreations\resources\images\Green frog (2).jpg","Microsoft.PowerShell.Core\FileSystem::C:\GitRepos\alisoncreations\resources\images","Green frog (2).jpg","C","Microsoft.PowerShell.Core\FileSystem","False","-a---","-a---","Green frog (2)","C:\GitRepos\alisoncreations\resources\images\Green frog (2).jpg",,,"Green frog (2).jpg",,,"True","C:\GitRepos\alisoncreations\resources\images\Green frog (2).jpg",".jpg","19/09/2025 13:15:14","19/09/2025 12:15:14","24/09/2025 22:09:58","24/09/2025 21:09:58","15/06/2025 14:09:01","15/06/2025 13:09:01",,"-1","Archive"
"Microsoft.PowerShell.Core\FileSystem::C:\GitRepos\alisoncreations\resources\images\Green frog (3).jpg","Microsoft.PowerShell.Core\FileSystem::C:\GitRepos\alisoncreations\resources\images","Green frog (3).jpg","C","Microsoft.PowerShell.Core\FileSystem","False","-a---","-a---","Green frog (3)","C:\GitRepos\alisoncreations\resources\images\Green frog (3).jpg",,,"Green frog (3).jpg",,,"True","C:\GitRepos\alisoncreations\resources\images\Green frog (3).jpg",".jpg","19/09/2025 13:15:14","19/09/2025 12:15:14","24/09/2025 22:09:58","24/09/2025 21:09:58","15/06/2025 14:08:56","15/06/2025 13:08:56",,"-1","Archive"
"Microsoft.PowerShell.Core\FileSystem::C:\GitRepos\alisoncreations\resources\images\Green frog.jpg","Microsoft.PowerShell.Core\FileSystem::C:\GitRepos\alisoncreations\resources\images","Green frog.jpg","C","Microsoft.PowerShell.Core\FileSystem","False","-a---","-a---","Green frog","C:\GitRepos\alisoncreations\resources\images\Green frog.jpg",,,"Green frog.jpg",,,"True","C:\GitRepos\alisoncreations\resources\images\Green frog.jpg",".jpg","19/09/2025 13:15:14","19/09/2025 12:15:14","24/09/2025 22:09:58","24/09/2025 21:09:58","15/06/2025 14:09:03","15/06/2025 13:09:03",,"-1","Archive"
"Microsoft.PowerShell.Core\FileSystem::C:\GitRepos\alisoncreations\resources\images\Hanging Ballon white.jpg","Microsoft.PowerShell.Core\FileSystem::C:\GitRepos\alisoncreations\resources\images","Hanging Ballon white.jpg","C","Microsoft.PowerShell.Core\FileSystem","False","-a---","-a---","Hanging Ballon white","C:\GitRepos\alisoncreations\resources\images\Hanging Ballon white.jpg",,,"Hanging Ballon white.jpg",,,"True","C:\GitRepos\alisoncreations\resources\images\Hanging Ballon white.jpg",".jpg","19/09/2025 13:15:14","19/09/2025 12:15:14","24/09/2025 22:09:58","24/09/2025 21:09:58","08/06/2025 11:41:07","08/06/2025 10:41:07",,"-1","Archive"
"Microsoft.PowerShell.Core\FileSystem::C:\GitRepos\alisoncreations\resources\images\Hanging Balloon with jewels.jpg","Microsoft.PowerShell.Core\FileSystem::C:\GitRepos\alisoncreations\resources\images","Hanging Balloon with jewels.jpg","C","Microsoft.PowerShell.Core\FileSystem","False","-a---","-a---","Hanging Balloon with jewels","C:\GitRepos\alisoncreations\resources\images\Hanging Balloon with jewels.jpg",,,"Hanging Balloon with jewels.jpg",,,"True","C:\GitRepos\alisoncreations\resources\images\Hanging Balloon with jewels.jpg",".jpg","19/09/2025 13:15:14","19/09/2025 12:15:14","24/09/2025 22:09:58","24/09/2025 21:09:58","08/06/2025 11:41:07","08/06/2025 10:41:07",,"-1","Archive"
"Microsoft.PowerShell.Core\FileSystem::C:\GitRepos\alisoncreations\resources\images\Hanging Balloon-flowers-qoute 5.jpg","Microsoft.PowerShell.Core\FileSystem::C:\GitRepos\alisoncreations\resources\images","Hanging Balloon-flowers-qoute 5.jpg","C","Microsoft.PowerShell.Core\FileSystem","False","-a---","-a---","Hanging Balloon-flowers-qoute 5","C:\GitRepos\alisoncreations\resources\images\Hanging Balloon-flowers-qoute 5.jpg",,,"Hanging Balloon-flowers-qoute 5.jpg",,,"True","C:\GitRepos\alisoncreations\resources\images\Hanging Balloon-flowers-qoute 5.jpg",".jpg","19/09/2025 13:15:14","19/09/2025 12:15:14","24/09/2025 22:09:58","24/09/2025 21:09:58","08/06/2025 11:41:08","08/06/2025 10:41:08",,"-1","Archive"
"Microsoft.PowerShell.Core\FileSystem::C:\GitRepos\alisoncreations\resources\images\Hanging Butterfly Brown.jpg","Microsoft.PowerShell.Core\FileSystem::C:\GitRepos\alisoncreations\resources\images","Hanging Butterfly Brown.jpg","C","Microsoft.PowerShell.Core\FileSystem","False","-a---","-a---","Hanging Butterfly Brown","C:\GitRepos\alisoncreations\resources\images\Hanging Butterfly Brown.jpg",,,"Hanging Butterfly Brown.jpg",,,"True","C:\GitRepos\alisoncreations\resources\images\Hanging Butterfly Brown.jpg",".jpg","19/09/2025 13:15:14","19/09/2025 12:15:14","24/09/2025 22:09:58","24/09/2025 21:09:58","08/06/2025 11:41:07","08/06/2025 10:41:07",,"-1","Archive"
"Microsoft.PowerShell.Core\FileSystem::C:\GitRepos\alisoncreations\resources\images\Hanging butterfly with flowers.jpg","Microsoft.PowerShell.Core\FileSystem::C:\GitRepos\alisoncreations\resources\images","Hanging butterfly with flowers.jpg","C","Microsoft.PowerShell.Core\FileSystem","False","-a---","-a---","Hanging butterfly with flowers","C:\GitRepos\alisoncreations\resources\images\Hanging butterfly with flowers.jpg",,,"Hanging butterfly with flowers.jpg",,,"True","C:\GitRepos\alisoncreations\resources\images\Hanging butterfly with flowers.jpg",".jpg","19/09/2025 13:15:14","19/09/2025 12:15:14","24/09/2025 22:09:58","24/09/2025 21:09:58","01/06/2025 13:36:42","01/06/2025 12:36:42",,"-1","Archive"
"Microsoft.PowerShell.Core\FileSystem::C:\GitRepos\alisoncreations\resources\images\Hanging houses white .jpg","Microsoft.PowerShell.Core\FileSystem::C:\GitRepos\alisoncreations\resources\images","Hanging houses white .jpg","C","Microsoft.PowerShell.Core\FileSystem","False","-a---","-a---","Hanging houses white ","C:\GitRepos\alisoncreations\resources\images\Hanging houses white .jpg",,,"Hanging houses white .jpg",,,"True","C:\GitRepos\alisoncreations\resources\images\Hanging houses white .jpg",".jpg","19/09/2025 13:15:14","19/09/2025 12:15:14","24/09/2025 22:09:58","24/09/2025 21:09:58","01/06/2025 13:36:42","01/06/2025 12:36:42",,"-1","Archive"
"Microsoft.PowerShell.Core\FileSystem::C:\GitRepos\alisoncreations\resources\images\Hanging Houses white-silver .jpg","Microsoft.PowerShell.Core\FileSystem::C:\GitRepos\alisoncreations\resources\images","Hanging Houses white-silver .jpg","C","Microsoft.PowerShell.Core\FileSystem","False","-a---","-a---","Hanging Houses white-silver ","C:\GitRepos\alisoncreations\resources\images\Hanging Houses white-silver .jpg",,,"Hanging Houses white-silver .jpg",,,"True","C:\GitRepos\alisoncreations\resources\images\Hanging Houses white-silver .jpg",".jpg","19/09/2025 13:15:14","19/09/2025 12:15:14","24/09/2025 22:09:58","24/09/2025 21:09:58","01/06/2025 13:36:42","01/06/2025 12:36:42",,"-1","Archive"
"Microsoft.PowerShell.Core\FileSystem::C:\GitRepos\alisoncreations\resources\images\Heart candel holder white with house 2.jpg","Microsoft.PowerShell.Core\FileSystem::C:\GitRepos\alisoncreations\resources\images","Heart candel holder white with house 2.jpg","C","Microsoft.PowerShell.Core\FileSystem","False","-a---","-a---","Heart candel holder white with house 2","C:\GitRepos\alisoncreations\resources\images\Heart candel holder white with house 2.jpg",,,"Heart candel holder white with house 2.jpg",,,"True","C:\GitRepos\alisoncreations\resources\images\Heart candel holder white with house 2.jpg",".jpg","19/09/2025 13:15:14","19/09/2025 12:15:14","24/09/2025 22:09:58","24/09/2025 21:09:58","15/06/2025 14:08:13","15/06/2025 13:08:13",,"-1","Archive"
"Microsoft.PowerShell.Core\FileSystem::C:\GitRepos\alisoncreations\resources\images\Heart candel holder white with house.jpg","Microsoft.PowerShell.Core\FileSystem::C:\GitRepos\alisoncreations\resources\images","Heart candel holder white with house.jpg","C","Microsoft.PowerShell.Core\FileSystem","False","-a---","-a---","Heart candel holder white with house","C:\GitRepos\alisoncreations\resources\images\Heart candel holder white with house.jpg",,,"Heart candel holder white with house.jpg",,,"True","C:\GitRepos\alisoncreations\resources\images\Heart candel holder white with house.jpg",".jpg","19/09/2025 13:15:14","19/09/2025 12:15:14","24/09/2025 22:09:58","24/09/2025 21:09:58","15/06/2025 14:09:24","15/06/2025 13:09:24",,"-1","Archive"
"Microsoft.PowerShell.Core\FileSystem::C:\GitRepos\alisoncreations\resources\images\Heart candel stich holder with house flowers L white.jpg","Microsoft.PowerShell.Core\FileSystem::C:\GitRepos\alisoncreations\resources\images","Heart candel stich holder with house flowers L white.jpg","C","Microsoft.PowerShell.Core\FileSystem","False","-a---","-a---","Heart candel stich holder with house flowers L white","C:\GitRepos\alisoncreations\resources\images\Heart candel stich holder with house flowers L white.jpg",,,"Heart candel stich holder with house flowers L white.jpg",,,"True","C:\GitRepos\alisoncreations\resources\images\Heart candel stich holder with house flowers L white.jpg",".jpg","19/09/2025 13:15:14","19/09/2025 12:15:14","24/09/2025 22:09:58","24/09/2025 21:09:58","08/06/2025 11:41:07","08/06/2025 10:41:07",,"-1","Archive"
"Microsoft.PowerShell.Core\FileSystem::C:\GitRepos\alisoncreations\resources\images\Heart candel stich holder with house flowers Rwhite.jpg","Microsoft.PowerShell.Core\FileSystem::C:\GitRepos\alisoncreations\resources\images","Heart candel stich holder with house flowers Rwhite.jpg","C","Microsoft.PowerShell.Core\FileSystem","False","-a---","-a---","Heart candel stich holder with house flowers Rwhite","C:\GitRepos\alisoncreations\resources\images\Heart candel stich holder with house flowers Rwhite.jpg",,,"Heart candel stich holder with house flowers Rwhite.jpg",,,"True","C:\GitRepos\alisoncreations\resources\images\Heart candel stich holder with house flowers Rwhite.jpg",".jpg","19/09/2025 13:15:14","19/09/2025 12:15:14","24/09/2025 22:09:58","24/09/2025 21:09:58","08/06/2025 11:41:07","08/06/2025 10:41:07",,"-1","Archive"
"Microsoft.PowerShell.Core\FileSystem::C:\GitRepos\alisoncreations\resources\images\Home (flowered).jpg","Microsoft.PowerShell.Core\FileSystem::C:\GitRepos\alisoncreations\resources\images","Home (flowered).jpg","C","Microsoft.PowerShell.Core\FileSystem","False","-a---","-a---","Home (flowered)","C:\GitRepos\alisoncreations\resources\images\Home (flowered).jpg",,,"Home (flowered).jpg",,,"True","C:\GitRepos\alisoncreations\resources\images\Home (flowered).jpg",".jpg","19/09/2025 13:15:14","19/09/2025 12:15:14","24/09/2025 22:09:58","24/09/2025 21:09:58","15/06/2025 14:09:22","15/06/2025 13:09:22",,"-1","Archive"
"Microsoft.PowerShell.Core\FileSystem::C:\GitRepos\alisoncreations\resources\images\Hot Air Balloon quote 5.jpg","Microsoft.PowerShell.Core\FileSystem::C:\GitRepos\alisoncreations\resources\images","Hot Air Balloon quote 5.jpg","C","Microsoft.PowerShell.Core\FileSystem","False","-a---","-a---","Hot Air Balloon quote 5","C:\GitRepos\alisoncreations\resources\images\Hot Air Balloon quote 5.jpg",,,"Hot Air Balloon quote 5.jpg",,,"True","C:\GitRepos\alisoncreations\resources\images\Hot Air Balloon quote 5.jpg",".jpg","19/09/2025 13:15:14","19/09/2025 12:15:14","24/09/2025 22:09:58","24/09/2025 21:09:58","15/06/2025 14:09:26","15/06/2025 13:09:26",,"-1","Archive"
"Microsoft.PowerShell.Core\FileSystem::C:\GitRepos\alisoncreations\resources\images\Hot Air balloon white long.jpg","Microsoft.PowerShell.Core\FileSystem::C:\GitRepos\alisoncreations\resources\images","Hot Air balloon white long.jpg","C","Microsoft.PowerShell.Core\FileSystem","False","-a---","-a---","Hot Air balloon white long","C:\GitRepos\alisoncreations\resources\images\Hot Air balloon white long.jpg",,,"Hot Air balloon white long.jpg",,,"True","C:\GitRepos\alisoncreations\resources\images\Hot Air balloon white long.jpg",".jpg","19/09/2025 13:15:14","19/09/2025 12:15:14","24/09/2025 22:09:58","24/09/2025 21:09:58","15/06/2025 14:09:01","15/06/2025 13:09:01",,"-1","Archive"
"Microsoft.PowerShell.Core\FileSystem::C:\GitRepos\alisoncreations\resources\images\Hot Air balloon white short.jpg","Microsoft.PowerShell.Core\FileSystem::C:\GitRepos\alisoncreations\resources\images","Hot Air balloon white short.jpg","C","Microsoft.PowerShell.Core\FileSystem","False","-a---","-a---","Hot Air balloon white short","C:\GitRepos\alisoncreations\resources\images\Hot Air balloon white short.jpg",,,"Hot Air balloon white short.jpg",,,"True","C:\GitRepos\alisoncreations\resources\images\Hot Air balloon white short.jpg",".jpg","19/09/2025 13:15:14","19/09/2025 12:15:14","24/09/2025 22:09:58","24/09/2025 21:09:58","15/06/2025 14:08:10","15/06/2025 13:08:10",,"-1","Archive"
"Microsoft.PowerShell.Core\FileSystem::C:\GitRepos\alisoncreations\resources\images\House -heart white.jpg","Microsoft.PowerShell.Core\FileSystem::C:\GitRepos\alisoncreations\resources\images","House -heart white.jpg","C","Microsoft.PowerShell.Core\FileSystem","False","-a---","-a---","House -heart white","C:\GitRepos\alisoncreations\resources\images\House -heart white.jpg",,,"House -heart white.jpg",,,"True","C:\GitRepos\alisoncreations\resources\images\House -heart white.jpg",".jpg","19/09/2025 13:15:14","19/09/2025 12:15:14","24/09/2025 22:09:58","24/09/2025 21:09:58","15/06/2025 14:08:01","15/06/2025 13:08:01",,"-1","Archive"
"Microsoft.PowerShell.Core\FileSystem::C:\GitRepos\alisoncreations\resources\images\House green.jpg","Microsoft.PowerShell.Core\FileSystem::C:\GitRepos\alisoncreations\resources\images","House green.jpg","C","Microsoft.PowerShell.Core\FileSystem","False","-a---","-a---","House green","C:\GitRepos\alisoncreations\resources\images\House green.jpg",,,"House green.jpg",,,"True","C:\GitRepos\alisoncreations\resources\images\House green.jpg",".jpg","19/09/2025 13:15:14","19/09/2025 12:15:14","24/09/2025 22:09:58","24/09/2025 21:09:58","15/06/2025 14:09:25","15/06/2025 13:09:25",,"-1","Archive"
"Microsoft.PowerShell.Core\FileSystem::C:\GitRepos\alisoncreations\resources\images\House scene.jpg","Microsoft.PowerShell.Core\FileSystem::C:\GitRepos\alisoncreations\resources\images","House scene.jpg","C","Microsoft.PowerShell.Core\FileSystem","False","-a---","-a---","House scene","C:\GitRepos\alisoncreations\resources\images\House scene.jpg",,,"House scene.jpg",,,"True","C:\GitRepos\alisoncreations\resources\images\House scene.jpg",".jpg","19/09/2025 13:15:14","19/09/2025 12:15:14","24/09/2025 22:09:58","24/09/2025 21:09:58","01/06/2025 13:45:24","01/06/2025 12:45:24",,"-1","Archive"
"Microsoft.PowerShell.Core\FileSystem::C:\GitRepos\alisoncreations\resources\images\House_scene_log_2.jpg","Microsoft.PowerShell.Core\FileSystem::C:\GitRepos\alisoncreations\resources\images","House_scene_log_2.jpg","C","Microsoft.PowerShell.Core\FileSystem","False","-a---","-a---","House_scene_log_2","C:\GitRepos\alisoncreations\resources\images\House_scene_log_2.jpg",,,"House_scene_log_2.jpg",,,"True","C:\GitRepos\alisoncreations\resources\images\House_scene_log_2.jpg",".jpg","19/09/2025 13:15:14","19/09/2025 12:15:14","24/09/2025 22:09:58","24/09/2025 21:09:58","01/06/2025 13:36:35","01/06/2025 12:36:35",,"-1","Archive"
"Microsoft.PowerShell.Core\FileSystem::C:\GitRepos\alisoncreations\resources\images\House_scene_log.jpg","Microsoft.PowerShell.Core\FileSystem::C:\GitRepos\alisoncreations\resources\images","House_scene_log.jpg","C","Microsoft.PowerShell.Core\FileSystem","False","-a---","-a---","House_scene_log","C:\GitRepos\alisoncreations\resources\images\House_scene_log.jpg",,,"House_scene_log.jpg",,,"True","C:\GitRepos\alisoncreations\resources\images\House_scene_log.jpg",".jpg","19/09/2025 13:15:14","19/09/2025 12:15:14","24/09/2025 22:09:58","24/09/2025 21:09:58","01/06/2025 13:36:35","01/06/2025 12:36:35",,"-1","Archive"
"Microsoft.PowerShell.Core\FileSystem::C:\GitRepos\alisoncreations\resources\images\Houses scene 1.jpg","Microsoft.PowerShell.Core\FileSystem::C:\GitRepos\alisoncreations\resources\images","Houses scene 1.jpg","C","Microsoft.PowerShell.Core\FileSystem","False","-a---","-a---","Houses scene 1","C:\GitRepos\alisoncreations\resources\images\Houses scene 1.jpg",,,"Houses scene 1.jpg",,,"True","C:\GitRepos\alisoncreations\resources\images\Houses scene 1.jpg",".jpg","19/09/2025 13:15:14","19/09/2025 12:15:14","24/09/2025 22:09:58","24/09/2025 21:09:58","15/06/2025 14:09:22","15/06/2025 13:09:22",,"-1","Archive"
"Microsoft.PowerShell.Core\FileSystem::C:\GitRepos\alisoncreations\resources\images\Houses scene 2.jpg","Microsoft.PowerShell.Core\FileSystem::C:\GitRepos\alisoncreations\resources\images","Houses scene 2.jpg","C","Microsoft.PowerShell.Core\FileSystem","False","-a---","-a---","Houses scene 2","C:\GitRepos\alisoncreations\resources\images\Houses scene 2.jpg",,,"Houses scene 2.jpg",,,"True","C:\GitRepos\alisoncreations\resources\images\Houses scene 2.jpg",".jpg","19/09/2025 13:15:14","19/09/2025 12:15:14","24/09/2025 22:09:58","24/09/2025 21:09:58","15/06/2025 14:08:52","15/06/2025 13:08:52",,"-1","Archive"
"Microsoft.PowerShell.Core\FileSystem::C:\GitRepos\alisoncreations\resources\images\Houses scene 3.jpg","Microsoft.PowerShell.Core\FileSystem::C:\GitRepos\alisoncreations\resources\images","Houses scene 3.jpg","C","Microsoft.PowerShell.Core\FileSystem","False","-a---","-a---","Houses scene 3","C:\GitRepos\alisoncreations\resources\images\Houses scene 3.jpg",,,"Houses scene 3.jpg",,,"True","C:\GitRepos\alisoncreations\resources\images\Houses scene 3.jpg",".jpg","19/09/2025 13:15:14","19/09/2025 12:15:14","24/09/2025 22:09:58","24/09/2025 21:09:58","15/06/2025 14:08:05","15/06/2025 13:08:05",,"-1","Archive"
"Microsoft.PowerShell.Core\FileSystem::C:\GitRepos\alisoncreations\resources\images\Houses yellow.jpg","Microsoft.PowerShell.Core\FileSystem::C:\GitRepos\alisoncreations\resources\images","Houses yellow.jpg","C","Microsoft.PowerShell.Core\FileSystem","False","-a---","-a---","Houses yellow","C:\GitRepos\alisoncreations\resources\images\Houses yellow.jpg",,,"Houses yellow.jpg",,,"True","C:\GitRepos\alisoncreations\resources\images\Houses yellow.jpg",".jpg","19/09/2025 13:15:14","19/09/2025 12:15:14","24/09/2025 22:09:58","24/09/2025 21:09:58","01/06/2025 13:36:42","01/06/2025 12:36:42",,"-1","Archive"
"Microsoft.PowerShell.Core\FileSystem::C:\GitRepos\alisoncreations\resources\images\Light up christmas trees.jpg","Microsoft.PowerShell.Core\FileSystem::C:\GitRepos\alisoncreations\resources\images","Light up christmas trees.jpg","C","Microsoft.PowerShell.Core\FileSystem","False","-a---","-a---","Light up christmas trees","C:\GitRepos\alisoncreations\resources\images\Light up christmas trees.jpg",,,"Light up christmas trees.jpg",,,"True","C:\GitRepos\alisoncreations\resources\images\Light up christmas trees.jpg",".jpg","19/09/2025 13:15:15","19/09/2025 12:15:15","24/09/2025 22:09:58","24/09/2025 21:09:58","15/06/2025 14:08:13","15/06/2025 13:08:13",,"-1","Archive"
"Microsoft.PowerShell.Core\FileSystem::C:\GitRepos\alisoncreations\resources\images\Love birds .jpg","Microsoft.PowerShell.Core\FileSystem::C:\GitRepos\alisoncreations\resources\images","Love birds .jpg","C","Microsoft.PowerShell.Core\FileSystem","False","-a---","-a---","Love birds ","C:\GitRepos\alisoncreations\resources\images\Love birds .jpg",,,"Love birds .jpg",,,"True","C:\GitRepos\alisoncreations\resources\images\Love birds .jpg",".jpg","19/09/2025 13:15:15","19/09/2025 12:15:15","24/09/2025 22:09:58","24/09/2025 21:09:58","01/06/2025 17:10:12","01/06/2025 16:10:12",,"-1","Archive"
"Microsoft.PowerShell.Core\FileSystem::C:\GitRepos\alisoncreations\resources\images\Ouote on Wood blue-mauve quote  1.jpg","Microsoft.PowerShell.Core\FileSystem::C:\GitRepos\alisoncreations\resources\images","Ouote on Wood blue-mauve quote  1.jpg","C","Microsoft.PowerShell.Core\FileSystem","False","-a---","-a---","Ouote on Wood blue-mauve quote  1","C:\GitRepos\alisoncreations\resources\images\Ouote on Wood blue-mauve quote  1.jpg",,,"Ouote on Wood blue-mauve quote  1.jpg",,,"True","C:\GitRepos\alisoncreations\resources\images\Ouote on Wood blue-mauve quote  1.jpg",".jpg","19/09/2025 13:15:15","19/09/2025 12:15:15","24/09/2025 22:09:58","24/09/2025 21:09:58","15/06/2025 14:08:10","15/06/2025 13:08:10",,"-1","Archive"
"Microsoft.PowerShell.Core\FileSystem::C:\GitRepos\alisoncreations\resources\images\Paw Print quote 4.jpg","Microsoft.PowerShell.Core\FileSystem::C:\GitRepos\alisoncreations\resources\images","Paw Print quote 4.jpg","C","Microsoft.PowerShell.Core\FileSystem","False","-a---","-a---","Paw Print quote 4","C:\GitRepos\alisoncreations\resources\images\Paw Print quote 4.jpg",,,"Paw Print quote 4.jpg",,,"True","C:\GitRepos\alisoncreations\resources\images\Paw Print quote 4.jpg",".jpg","19/09/2025 13:15:15","19/09/2025 12:15:15","24/09/2025 22:09:58","24/09/2025 21:09:58","15/06/2025 14:08:10","15/06/2025 13:08:10",,"-1","Archive"
"Microsoft.PowerShell.Core\FileSystem::C:\GitRepos\alisoncreations\resources\images\Pawprint - quote 4.jpg","Microsoft.PowerShell.Core\FileSystem::C:\GitRepos\alisoncreations\resources\images","Pawprint - quote 4.jpg","C","Microsoft.PowerShell.Core\FileSystem","False","-a---","-a---","Pawprint - quote 4","C:\GitRepos\alisoncreations\resources\images\Pawprint - quote 4.jpg",,,"Pawprint - quote 4.jpg",,,"True","C:\GitRepos\alisoncreations\resources\images\Pawprint - quote 4.jpg",".jpg","19/09/2025 13:15:15","19/09/2025 12:15:15","24/09/2025 22:09:58","24/09/2025 21:09:58","15/06/2025 14:08:10","15/06/2025 13:08:10",,"-1","Archive"
"Microsoft.PowerShell.Core\FileSystem::C:\GitRepos\alisoncreations\resources\images\Peek a boo Teddy blue .jpg","Microsoft.PowerShell.Core\FileSystem::C:\GitRepos\alisoncreations\resources\images","Peek a boo Teddy blue .jpg","C","Microsoft.PowerShell.Core\FileSystem","False","-a---","-a---","Peek a boo Teddy blue ","C:\GitRepos\alisoncreations\resources\images\Peek a boo Teddy blue .jpg",,,"Peek a boo Teddy blue .jpg",,,"True","C:\GitRepos\alisoncreations\resources\images\Peek a boo Teddy blue .jpg",".jpg","19/09/2025 13:15:15","19/09/2025 12:15:15","24/09/2025 22:09:58","24/09/2025 21:09:58","15/06/2025 14:09:25","15/06/2025 13:09:25",,"-1","Archive"
"Microsoft.PowerShell.Core\FileSystem::C:\GitRepos\alisoncreations\resources\images\Peek a boo Teddy jade.jpg","Microsoft.PowerShell.Core\FileSystem::C:\GitRepos\alisoncreations\resources\images","Peek a boo Teddy jade.jpg","C","Microsoft.PowerShell.Core\FileSystem","False","-a---","-a---","Peek a boo Teddy jade","C:\GitRepos\alisoncreations\resources\images\Peek a boo Teddy jade.jpg",,,"Peek a boo Teddy jade.jpg",,,"True","C:\GitRepos\alisoncreations\resources\images\Peek a boo Teddy jade.jpg",".jpg","19/09/2025 13:15:15","19/09/2025 12:15:15","24/09/2025 22:09:58","24/09/2025 21:09:58","15/06/2025 14:09:24","15/06/2025 13:09:24",,"-1","Archive"
"Microsoft.PowerShell.Core\FileSystem::C:\GitRepos\alisoncreations\resources\images\Peek a boo Teddy light blue.jpg","Microsoft.PowerShell.Core\FileSystem::C:\GitRepos\alisoncreations\resources\images","Peek a boo Teddy light blue.jpg","C","Microsoft.PowerShell.Core\FileSystem","False","-a---","-a---","Peek a boo Teddy light blue","C:\GitRepos\alisoncreations\resources\images\Peek a boo Teddy light blue.jpg",,,"Peek a boo Teddy light blue.jpg",,,"True","C:\GitRepos\alisoncreations\resources\images\Peek a boo Teddy light blue.jpg",".jpg","19/09/2025 13:15:15","19/09/2025 12:15:15","24/09/2025 22:09:58","24/09/2025 21:09:58","15/06/2025 14:09:24","15/06/2025 13:09:24",,"-1","Archive"
"Microsoft.PowerShell.Core\FileSystem::C:\GitRepos\alisoncreations\resources\images\Peek a boo Teddy Pink-white.jpg","Microsoft.PowerShell.Core\FileSystem::C:\GitRepos\alisoncreations\resources\images","Peek a boo Teddy Pink-white.jpg","C","Microsoft.PowerShell.Core\FileSystem","False","-a---","-a---","Peek a boo Teddy Pink-white","C:\GitRepos\alisoncreations\resources\images\Peek a boo Teddy Pink-white.jpg",,,"Peek a boo Teddy Pink-white.jpg",,,"True","C:\GitRepos\alisoncreations\resources\images\Peek a boo Teddy Pink-white.jpg",".jpg","19/09/2025 13:15:15","19/09/2025 12:15:15","24/09/2025 22:09:58","24/09/2025 21:09:58","15/06/2025 14:09:25","15/06/2025 13:09:25",,"-1","Archive"
"Microsoft.PowerShell.Core\FileSystem::C:\GitRepos\alisoncreations\resources\images\Peek a boo Teddy pink.jpg","Microsoft.PowerShell.Core\FileSystem::C:\GitRepos\alisoncreations\resources\images","Peek a boo Teddy pink.jpg","C","Microsoft.PowerShell.Core\FileSystem","False","-a---","-a---","Peek a boo Teddy pink","C:\GitRepos\alisoncreations\resources\images\Peek a boo Teddy pink.jpg",,,"Peek a boo Teddy pink.jpg",,,"True","C:\GitRepos\alisoncreations\resources\images\Peek a boo Teddy pink.jpg",".jpg","19/09/2025 13:15:15","19/09/2025 12:15:15","24/09/2025 22:09:58","24/09/2025 21:09:58","15/06/2025 14:09:20","15/06/2025 13:09:20",,"-1","Archive"
"Microsoft.PowerShell.Core\FileSystem::C:\GitRepos\alisoncreations\resources\images\Peek a boo Teddy white.jpg","Microsoft.PowerShell.Core\FileSystem::C:\GitRepos\alisoncreations\resources\images","Peek a boo Teddy white.jpg","C","Microsoft.PowerShell.Core\FileSystem","False","-a---","-a---","Peek a boo Teddy white","C:\GitRepos\alisoncreations\resources\images\Peek a boo Teddy white.jpg",,,"Peek a boo Teddy white.jpg",,,"True","C:\GitRepos\alisoncreations\resources\images\Peek a boo Teddy white.jpg",".jpg","19/09/2025 13:15:15","19/09/2025 12:15:15","24/09/2025 22:09:58","24/09/2025 21:09:58","15/06/2025 14:09:22","15/06/2025 13:09:22",,"-1","Archive"
"Microsoft.PowerShell.Core\FileSystem::C:\GitRepos\alisoncreations\resources\images\Peek a boo Teddy.jpg","Microsoft.PowerShell.Core\FileSystem::C:\GitRepos\alisoncreations\resources\images","Peek a boo Teddy.jpg","C","Microsoft.PowerShell.Core\FileSystem","False","-a---","-a---","Peek a boo Teddy","C:\GitRepos\alisoncreations\resources\images\Peek a boo Teddy.jpg",,,"Peek a boo Teddy.jpg",,,"True","C:\GitRepos\alisoncreations\resources\images\Peek a boo Teddy.jpg",".jpg","19/09/2025 13:15:15","19/09/2025 12:15:15","24/09/2025 22:09:58","24/09/2025 21:09:58","08/06/2025 11:41:07","08/06/2025 10:41:07",,"-1","Archive"
"Microsoft.PowerShell.Core\FileSystem::C:\GitRepos\alisoncreations\resources\images\PXL_20250606_111712301.jpg","Microsoft.PowerShell.Core\FileSystem::C:\GitRepos\alisoncreations\resources\images","PXL_20250606_111712301.jpg","C","Microsoft.PowerShell.Core\FileSystem","False","-a---","-a---","PXL_20250606_111712301","C:\GitRepos\alisoncreations\resources\images\PXL_20250606_111712301.jpg",,,"PXL_20250606_111712301.jpg",,,"True","C:\GitRepos\alisoncreations\resources\images\PXL_20250606_111712301.jpg",".jpg","19/09/2025 13:15:15","19/09/2025 12:15:15","24/09/2025 22:09:58","24/09/2025 21:09:58","08/06/2025 11:41:08","08/06/2025 10:41:08",,"-1","Archive"
"Microsoft.PowerShell.Core\FileSystem::C:\GitRepos\alisoncreations\resources\images\Raindeer blue.jpg","Microsoft.PowerShell.Core\FileSystem::C:\GitRepos\alisoncreations\resources\images","Raindeer blue.jpg","C","Microsoft.PowerShell.Core\FileSystem","False","-a---","-a---","Raindeer blue","C:\GitRepos\alisoncreations\resources\images\Raindeer blue.jpg",,,"Raindeer blue.jpg",,,"True","C:\GitRepos\alisoncreations\resources\images\Raindeer blue.jpg",".jpg","19/09/2025 13:15:15","19/09/2025 12:15:15","24/09/2025 22:09:58","24/09/2025 21:09:58","15/06/2025 14:08:52","15/06/2025 13:08:52",,"-1","Archive"
"Microsoft.PowerShell.Core\FileSystem::C:\GitRepos\alisoncreations\resources\images\Raindeer brown-clear.jpg","Microsoft.PowerShell.Core\FileSystem::C:\GitRepos\alisoncreations\resources\images","Raindeer brown-clear.jpg","C","Microsoft.PowerShell.Core\FileSystem","False","-a---","-a---","Raindeer brown-clear","C:\GitRepos\alisoncreations\resources\images\Raindeer brown-clear.jpg",,,"Raindeer brown-clear.jpg",,,"True","C:\GitRepos\alisoncreations\resources\images\Raindeer brown-clear.jpg",".jpg","19/09/2025 13:15:15","19/09/2025 12:15:15","24/09/2025 22:09:58","24/09/2025 21:09:58","15/06/2025 14:09:20","15/06/2025 13:09:20",,"-1","Archive"
"Microsoft.PowerShell.Core\FileSystem::C:\GitRepos\alisoncreations\resources\images\Raindeer brown.jpg","Microsoft.PowerShell.Core\FileSystem::C:\GitRepos\alisoncreations\resources\images","Raindeer brown.jpg","C","Microsoft.PowerShell.Core\FileSystem","False","-a---","-a---","Raindeer brown","C:\GitRepos\alisoncreations\resources\images\Raindeer brown.jpg",,,"Raindeer brown.jpg",,,"True","C:\GitRepos\alisoncreations\resources\images\Raindeer brown.jpg",".jpg","19/09/2025 13:15:15","19/09/2025 12:15:15","24/09/2025 22:09:58","24/09/2025 21:09:58","15/06/2025 14:08:49","15/06/2025 13:08:49",,"-1","Archive"
"Microsoft.PowerShell.Core\FileSystem::C:\GitRepos\alisoncreations\resources\images\Raindeer green.jpg","Microsoft.PowerShell.Core\FileSystem::C:\GitRepos\alisoncreations\resources\images","Raindeer green.jpg","C","Microsoft.PowerShell.Core\FileSystem","False","-a---","-a---","Raindeer green","C:\GitRepos\alisoncreations\resources\images\Raindeer green.jpg",,,"Raindeer green.jpg",,,"True","C:\GitRepos\alisoncreations\resources\images\Raindeer green.jpg",".jpg","19/09/2025 13:15:15","19/09/2025 12:15:15","24/09/2025 22:09:58","24/09/2025 21:09:58","15/06/2025 14:08:52","15/06/2025 13:08:52",,"-1","Archive"
"Microsoft.PowerShell.Core\FileSystem::C:\GitRepos\alisoncreations\resources\images\Raindeer white.jpg","Microsoft.PowerShell.Core\FileSystem::C:\GitRepos\alisoncreations\resources\images","Raindeer white.jpg","C","Microsoft.PowerShell.Core\FileSystem","False","-a---","-a---","Raindeer white","C:\GitRepos\alisoncreations\resources\images\Raindeer white.jpg",,,"Raindeer white.jpg",,,"True","C:\GitRepos\alisoncreations\resources\images\Raindeer white.jpg",".jpg","19/09/2025 13:15:15","19/09/2025 12:15:15","24/09/2025 22:09:58","24/09/2025 21:09:58","15/06/2025 14:08:13","15/06/2025 13:08:13",,"-1","Archive"
"Microsoft.PowerShell.Core\FileSystem::C:\GitRepos\alisoncreations\resources\images\Rose teddy blue-white.jpg","Microsoft.PowerShell.Core\FileSystem::C:\GitRepos\alisoncreations\resources\images","Rose teddy blue-white.jpg","C","Microsoft.PowerShell.Core\FileSystem","False","-a---","-a---","Rose teddy blue-white","C:\GitRepos\alisoncreations\resources\images\Rose teddy blue-white.jpg",,,"Rose teddy blue-white.jpg",,,"True","C:\GitRepos\alisoncreations\resources\images\Rose teddy blue-white.jpg",".jpg","19/09/2025 13:15:15","19/09/2025 12:15:15","24/09/2025 22:09:58","24/09/2025 21:09:58","15/06/2025 14:09:24","15/06/2025 13:09:24",,"-1","Archive"
"Microsoft.PowerShell.Core\FileSystem::C:\GitRepos\alisoncreations\resources\images\Rose teddy brown-red.jpg","Microsoft.PowerShell.Core\FileSystem::C:\GitRepos\alisoncreations\resources\images","Rose teddy brown-red.jpg","C","Microsoft.PowerShell.Core\FileSystem","False","-a---","-a---","Rose teddy brown-red","C:\GitRepos\alisoncreations\resources\images\Rose teddy brown-red.jpg",,,"Rose teddy brown-red.jpg",,,"True","C:\GitRepos\alisoncreations\resources\images\Rose teddy brown-red.jpg",".jpg","19/09/2025 13:15:15","19/09/2025 12:15:15","24/09/2025 22:09:58","24/09/2025 21:09:58","15/06/2025 14:09:26","15/06/2025 13:09:26",,"-1","Archive"
"Microsoft.PowerShell.Core\FileSystem::C:\GitRepos\alisoncreations\resources\images\Rose teddy pink glow in the dark.jpg","Microsoft.PowerShell.Core\FileSystem::C:\GitRepos\alisoncreations\resources\images","Rose teddy pink glow in the dark.jpg","C","Microsoft.PowerShell.Core\FileSystem","False","-a---","-a---","Rose teddy pink glow in the dark","C:\GitRepos\alisoncreations\resources\images\Rose teddy pink glow in the dark.jpg",,,"Rose teddy pink glow in the dark.jpg",,,"True","C:\GitRepos\alisoncreations\resources\images\Rose teddy pink glow in the dark.jpg",".jpg","19/09/2025 13:15:15","19/09/2025 12:15:15","24/09/2025 22:09:58","24/09/2025 21:09:58","15/06/2025 14:09:20","15/06/2025 13:09:20",,"-1","Archive"
"Microsoft.PowerShell.Core\FileSystem::C:\GitRepos\alisoncreations\resources\images\Rose teddy red.jpg","Microsoft.PowerShell.Core\FileSystem::C:\GitRepos\alisoncreations\resources\images","Rose teddy red.jpg","C","Microsoft.PowerShell.Core\FileSystem","False","-a---","-a---","Rose teddy red","C:\GitRepos\alisoncreations\resources\images\Rose teddy red.jpg",,,"Rose teddy red.jpg",,,"True","C:\GitRepos\alisoncreations\resources\images\Rose teddy red.jpg",".jpg","19/09/2025 13:15:15","19/09/2025 12:15:15","24/09/2025 22:09:58","24/09/2025 21:09:58","15/06/2025 14:08:13","15/06/2025 13:08:13",,"-1","Archive"
"Microsoft.PowerShell.Core\FileSystem::C:\GitRepos\alisoncreations\resources\images\Rose teddy silver.jpg","Microsoft.PowerShell.Core\FileSystem::C:\GitRepos\alisoncreations\resources\images","Rose teddy silver.jpg","C","Microsoft.PowerShell.Core\FileSystem","False","-a---","-a---","Rose teddy silver","C:\GitRepos\alisoncreations\resources\images\Rose teddy silver.jpg",,,"Rose teddy silver.jpg",,,"True","C:\GitRepos\alisoncreations\resources\images\Rose teddy silver.jpg",".jpg","19/09/2025 13:15:15","19/09/2025 12:15:15","24/09/2025 22:09:58","24/09/2025 21:09:58","15/06/2025 14:08:44","15/06/2025 13:08:44",,"-1","Archive"
"Microsoft.PowerShell.Core\FileSystem::C:\GitRepos\alisoncreations\resources\images\Rose teddyglow in the dark blue.jpg","Microsoft.PowerShell.Core\FileSystem::C:\GitRepos\alisoncreations\resources\images","Rose teddyglow in the dark blue.jpg","C","Microsoft.PowerShell.Core\FileSystem","False","-a---","-a---","Rose teddyglow in the dark blue","C:\GitRepos\alisoncreations\resources\images\Rose teddyglow in the dark blue.jpg",,,"Rose teddyglow in the dark blue.jpg",,,"True","C:\GitRepos\alisoncreations\resources\images\Rose teddyglow in the dark blue.jpg",".jpg","19/09/2025 13:15:15","19/09/2025 12:15:15","24/09/2025 22:09:58","24/09/2025 21:09:58","15/06/2025 14:08:12","15/06/2025 13:08:12",,"-1","Archive"
"Microsoft.PowerShell.Core\FileSystem::C:\GitRepos\alisoncreations\resources\images\Set of 2 houses with flowers white.jpg","Microsoft.PowerShell.Core\FileSystem::C:\GitRepos\alisoncreations\resources\images","Set of 2 houses with flowers white.jpg","C","Microsoft.PowerShell.Core\FileSystem","False","-a---","-a---","Set of 2 houses with flowers white","C:\GitRepos\alisoncreations\resources\images\Set of 2 houses with flowers white.jpg",,,"Set of 2 houses with flowers white.jpg",,,"True","C:\GitRepos\alisoncreations\resources\images\Set of 2 houses with flowers white.jpg",".jpg","19/09/2025 13:15:15","19/09/2025 12:15:15","24/09/2025 22:09:58","24/09/2025 21:09:58","15/06/2025 14:08:05","15/06/2025 13:08:05",,"-1","Archive"
"Microsoft.PowerShell.Core\FileSystem::C:\GitRepos\alisoncreations\resources\images\Set of 3 bunnys blue.jpg","Microsoft.PowerShell.Core\FileSystem::C:\GitRepos\alisoncreations\resources\images","Set of 3 bunnys blue.jpg","C","Microsoft.PowerShell.Core\FileSystem","False","-a---","-a---","Set of 3 bunnys blue","C:\GitRepos\alisoncreations\resources\images\Set of 3 bunnys blue.jpg",,,"Set of 3 bunnys blue.jpg",,,"True","C:\GitRepos\alisoncreations\resources\images\Set of 3 bunnys blue.jpg",".jpg","19/09/2025 13:15:15","19/09/2025 12:15:15","24/09/2025 22:09:58","24/09/2025 21:09:58","15/06/2025 14:09:09","15/06/2025 13:09:09",,"-1","Archive"
"Microsoft.PowerShell.Core\FileSystem::C:\GitRepos\alisoncreations\resources\images\Set of 3 bunnys pink (2).jpg","Microsoft.PowerShell.Core\FileSystem::C:\GitRepos\alisoncreations\resources\images","Set of 3 bunnys pink (2).jpg","C","Microsoft.PowerShell.Core\FileSystem","False","-a---","-a---","Set of 3 bunnys pink (2)","C:\GitRepos\alisoncreations\resources\images\Set of 3 bunnys pink (2).jpg",,,"Set of 3 bunnys pink (2).jpg",,,"True","C:\GitRepos\alisoncreations\resources\images\Set of 3 bunnys pink (2).jpg",".jpg","19/09/2025 13:15:15","19/09/2025 12:15:15","24/09/2025 22:09:58","24/09/2025 21:09:58","15/06/2025 14:09:10","15/06/2025 13:09:10",,"-1","Archive"
"Microsoft.PowerShell.Core\FileSystem::C:\GitRepos\alisoncreations\resources\images\Set of 3 bunnys pink.jpg","Microsoft.PowerShell.Core\FileSystem::C:\GitRepos\alisoncreations\resources\images","Set of 3 bunnys pink.jpg","C","Microsoft.PowerShell.Core\FileSystem","False","-a---","-a---","Set of 3 bunnys pink","C:\GitRepos\alisoncreations\resources\images\Set of 3 bunnys pink.jpg",,,"Set of 3 bunnys pink.jpg",,,"True","C:\GitRepos\alisoncreations\resources\images\Set of 3 bunnys pink.jpg",".jpg","19/09/2025 13:15:15","19/09/2025 12:15:15","24/09/2025 22:09:58","24/09/2025 21:09:58","15/06/2025 14:08:58","15/06/2025 13:08:58",,"-1","Archive"
"Microsoft.PowerShell.Core\FileSystem::C:\GitRepos\alisoncreations\resources\images\Set of 3 bunnys white.jpg","Microsoft.PowerShell.Core\FileSystem::C:\GitRepos\alisoncreations\resources\images","Set of 3 bunnys white.jpg","C","Microsoft.PowerShell.Core\FileSystem","False","-a---","-a---","Set of 3 bunnys white","C:\GitRepos\alisoncreations\resources\images\Set of 3 bunnys white.jpg",,,"Set of 3 bunnys white.jpg",,,"True","C:\GitRepos\alisoncreations\resources\images\Set of 3 bunnys white.jpg",".jpg","19/09/2025 13:15:15","19/09/2025 12:15:15","24/09/2025 22:09:58","24/09/2025 21:09:58","15/06/2025 14:09:25","15/06/2025 13:09:25",,"-1","Archive"
"Microsoft.PowerShell.Core\FileSystem::C:\GitRepos\alisoncreations\resources\images\Set of 3 bunnys yellow.jpg","Microsoft.PowerShell.Core\FileSystem::C:\GitRepos\alisoncreations\resources\images","Set of 3 bunnys yellow.jpg","C","Microsoft.PowerShell.Core\FileSystem","False","-a---","-a---","Set of 3 bunnys yellow","C:\GitRepos\alisoncreations\resources\images\Set of 3 bunnys yellow.jpg",,,"Set of 3 bunnys yellow.jpg",,,"True","C:\GitRepos\alisoncreations\resources\images\Set of 3 bunnys yellow.jpg",".jpg","19/09/2025 13:15:15","19/09/2025 12:15:15","24/09/2025 22:09:58","24/09/2025 21:09:58","15/06/2025 14:08:59","15/06/2025 13:08:59",,"-1","Archive"
"Microsoft.PowerShell.Core\FileSystem::C:\GitRepos\alisoncreations\resources\images\Set of 3 flower vases set 1.jpg","Microsoft.PowerShell.Core\FileSystem::C:\GitRepos\alisoncreations\resources\images","Set of 3 flower vases set 1.jpg","C","Microsoft.PowerShell.Core\FileSystem","False","-a---","-a---","Set of 3 flower vases set 1","C:\GitRepos\alisoncreations\resources\images\Set of 3 flower vases set 1.jpg",,,"Set of 3 flower vases set 1.jpg",,,"True","C:\GitRepos\alisoncreations\resources\images\Set of 3 flower vases set 1.jpg",".jpg","19/09/2025 13:15:15","19/09/2025 12:15:15","24/09/2025 22:09:58","24/09/2025 21:09:58","15/06/2025 14:08:05","15/06/2025 13:08:05",,"-1","Archive"
"Microsoft.PowerShell.Core\FileSystem::C:\GitRepos\alisoncreations\resources\images\Set of 3 flower vases set 2.jpg","Microsoft.PowerShell.Core\FileSystem::C:\GitRepos\alisoncreations\resources\images","Set of 3 flower vases set 2.jpg","C","Microsoft.PowerShell.Core\FileSystem","False","-a---","-a---","Set of 3 flower vases set 2","C:\GitRepos\alisoncreations\resources\images\Set of 3 flower vases set 2.jpg",,,"Set of 3 flower vases set 2.jpg",,,"True","C:\GitRepos\alisoncreations\resources\images\Set of 3 flower vases set 2.jpg",".jpg","19/09/2025 13:15:15","19/09/2025 12:15:15","24/09/2025 22:09:58","24/09/2025 21:09:58","15/06/2025 14:09:17","15/06/2025 13:09:17",,"-1","Archive"
"Microsoft.PowerShell.Core\FileSystem::C:\GitRepos\alisoncreations\resources\images\Set of five mushroons.jpg","Microsoft.PowerShell.Core\FileSystem::C:\GitRepos\alisoncreations\resources\images","Set of five mushroons.jpg","C","Microsoft.PowerShell.Core\FileSystem","False","-a---","-a---","Set of five mushroons","C:\GitRepos\alisoncreations\resources\images\Set of five mushroons.jpg",,,"Set of five mushroons.jpg",,,"True","C:\GitRepos\alisoncreations\resources\images\Set of five mushroons.jpg",".jpg","19/09/2025 13:15:15","19/09/2025 12:15:15","24/09/2025 22:09:58","24/09/2025 21:09:58","15/06/2025 14:09:20","15/06/2025 13:09:20",,"-1","Archive"
"Microsoft.PowerShell.Core\FileSystem::C:\GitRepos\alisoncreations\resources\images\Set of three mushroons.jpg","Microsoft.PowerShell.Core\FileSystem::C:\GitRepos\alisoncreations\resources\images","Set of three mushroons.jpg","C","Microsoft.PowerShell.Core\FileSystem","False","-a---","-a---","Set of three mushroons","C:\GitRepos\alisoncreations\resources\images\Set of three mushroons.jpg",,,"Set of three mushroons.jpg",,,"True","C:\GitRepos\alisoncreations\resources\images\Set of three mushroons.jpg",".jpg","19/09/2025 13:15:15","19/09/2025 12:15:15","24/09/2025 22:09:58","24/09/2025 21:09:58","15/06/2025 14:09:24","15/06/2025 13:09:24",,"-1","Archive"
"Microsoft.PowerShell.Core\FileSystem::C:\GitRepos\alisoncreations\resources\images\Set of two Gnome.jpg","Microsoft.PowerShell.Core\FileSystem::C:\GitRepos\alisoncreations\resources\images","Set of two Gnome.jpg","C","Microsoft.PowerShell.Core\FileSystem","False","-a---","-a---","Set of two Gnome","C:\GitRepos\alisoncreations\resources\images\Set of two Gnome.jpg",,,"Set of two Gnome.jpg",,,"True","C:\GitRepos\alisoncreations\resources\images\Set of two Gnome.jpg",".jpg","19/09/2025 13:15:15","19/09/2025 12:15:15","24/09/2025 22:09:58","24/09/2025 21:09:58","15/06/2025 14:09:03","15/06/2025 13:09:03",,"-1","Archive"
"Microsoft.PowerShell.Core\FileSystem::C:\GitRepos\alisoncreations\resources\images\Sitting Angel cream.jpg","Microsoft.PowerShell.Core\FileSystem::C:\GitRepos\alisoncreations\resources\images","Sitting Angel cream.jpg","C","Microsoft.PowerShell.Core\FileSystem","False","-a---","-a---","Sitting Angel cream","C:\GitRepos\alisoncreations\resources\images\Sitting Angel cream.jpg",,,"Sitting Angel cream.jpg",,,"True","C:\GitRepos\alisoncreations\resources\images\Sitting Angel cream.jpg",".jpg","19/09/2025 13:15:15","19/09/2025 12:15:15","24/09/2025 22:09:58","24/09/2025 21:09:58","15/06/2025 14:09:25","15/06/2025 13:09:25",,"-1","Archive"
"Microsoft.PowerShell.Core\FileSystem::C:\GitRepos\alisoncreations\resources\images\Sitting Angel Pink.jpg","Microsoft.PowerShell.Core\FileSystem::C:\GitRepos\alisoncreations\resources\images","Sitting Angel Pink.jpg","C","Microsoft.PowerShell.Core\FileSystem","False","-a---","-a---","Sitting Angel Pink","C:\GitRepos\alisoncreations\resources\images\Sitting Angel Pink.jpg",,,"Sitting Angel Pink.jpg",,,"True","C:\GitRepos\alisoncreations\resources\images\Sitting Angel Pink.jpg",".jpg","19/09/2025 13:15:15","19/09/2025 12:15:15","24/09/2025 22:09:58","24/09/2025 21:09:58","15/06/2025 14:08:56","15/06/2025 13:08:56",,"-1","Archive"
"Microsoft.PowerShell.Core\FileSystem::C:\GitRepos\alisoncreations\resources\images\Sitting Angel white.jpg","Microsoft.PowerShell.Core\FileSystem::C:\GitRepos\alisoncreations\resources\images","Sitting Angel white.jpg","C","Microsoft.PowerShell.Core\FileSystem","False","-a---","-a---","Sitting Angel white","C:\GitRepos\alisoncreations\resources\images\Sitting Angel white.jpg",,,"Sitting Angel white.jpg",,,"True","C:\GitRepos\alisoncreations\resources\images\Sitting Angel white.jpg",".jpg","19/09/2025 13:15:15","19/09/2025 12:15:15","24/09/2025 22:09:58","24/09/2025 21:09:58","15/06/2025 14:08:35","15/06/2025 13:08:35",,"-1","Archive"
"Microsoft.PowerShell.Core\FileSystem::C:\GitRepos\alisoncreations\resources\images\Sitting Angel.jpg","Microsoft.PowerShell.Core\FileSystem::C:\GitRepos\alisoncreations\resources\images","Sitting Angel.jpg","C","Microsoft.PowerShell.Core\FileSystem","False","-a---","-a---","Sitting Angel","C:\GitRepos\alisoncreations\resources\images\Sitting Angel.jpg",,,"Sitting Angel.jpg",,,"True","C:\GitRepos\alisoncreations\resources\images\Sitting Angel.jpg",".jpg","19/09/2025 13:15:15","19/09/2025 12:15:15","24/09/2025 22:09:58","24/09/2025 21:09:58","15/06/2025 14:08:35","15/06/2025 13:08:35",,"-1","Archive"
"Microsoft.PowerShell.Core\FileSystem::C:\GitRepos\alisoncreations\resources\images\Sitting teddy small blue.jpg","Microsoft.PowerShell.Core\FileSystem::C:\GitRepos\alisoncreations\resources\images","Sitting teddy small blue.jpg","C","Microsoft.PowerShell.Core\FileSystem","False","-a---","-a---","Sitting teddy small blue","C:\GitRepos\alisoncreations\resources\images\Sitting teddy small blue.jpg",,,"Sitting teddy small blue.jpg",,,"True","C:\GitRepos\alisoncreations\resources\images\Sitting teddy small blue.jpg",".jpg","19/09/2025 13:15:15","19/09/2025 12:15:15","24/09/2025 22:09:58","24/09/2025 21:09:58","15/06/2025 14:08:13","15/06/2025 13:08:13",,"-1","Archive"
"Microsoft.PowerShell.Core\FileSystem::C:\GitRepos\alisoncreations\resources\images\Sitting teddy small clear.jpg","Microsoft.PowerShell.Core\FileSystem::C:\GitRepos\alisoncreations\resources\images","Sitting teddy small clear.jpg","C","Microsoft.PowerShell.Core\FileSystem","False","-a---","-a---","Sitting teddy small clear","C:\GitRepos\alisoncreations\resources\images\Sitting teddy small clear.jpg",,,"Sitting teddy small clear.jpg",,,"True","C:\GitRepos\alisoncreations\resources\images\Sitting teddy small clear.jpg",".jpg","19/09/2025 13:15:15","19/09/2025 12:15:15","24/09/2025 22:09:58","24/09/2025 21:09:58","15/06/2025 14:08:52","15/06/2025 13:08:52",,"-1","Archive"
"Microsoft.PowerShell.Core\FileSystem::C:\GitRepos\alisoncreations\resources\images\Sitting teddy small light blue.jpg","Microsoft.PowerShell.Core\FileSystem::C:\GitRepos\alisoncreations\resources\images","Sitting teddy small light blue.jpg","C","Microsoft.PowerShell.Core\FileSystem","False","-a---","-a---","Sitting teddy small light blue","C:\GitRepos\alisoncreations\resources\images\Sitting teddy small light blue.jpg",,,"Sitting teddy small light blue.jpg",,,"True","C:\GitRepos\alisoncreations\resources\images\Sitting teddy small light blue.jpg",".jpg","19/09/2025 13:15:15","19/09/2025 12:15:15","24/09/2025 22:09:58","24/09/2025 21:09:58","15/06/2025 14:08:00","15/06/2025 13:08:00",,"-1","Archive"
"Microsoft.PowerShell.Core\FileSystem::C:\GitRepos\alisoncreations\resources\images\Sitting teddy small light brown.jpg","Microsoft.PowerShell.Core\FileSystem::C:\GitRepos\alisoncreations\resources\images","Sitting teddy small light brown.jpg","C","Microsoft.PowerShell.Core\FileSystem","False","-a---","-a---","Sitting teddy small light brown","C:\GitRepos\alisoncreations\resources\images\Sitting teddy small light brown.jpg",,,"Sitting teddy small light brown.jpg",,,"True","C:\GitRepos\alisoncreations\resources\images\Sitting teddy small light brown.jpg",".jpg","19/09/2025 13:15:15","19/09/2025 12:15:15","24/09/2025 22:09:58","24/09/2025 21:09:58","15/06/2025 14:08:01","15/06/2025 13:08:01",,"-1","Archive"
"Microsoft.PowerShell.Core\FileSystem::C:\GitRepos\alisoncreations\resources\images\Sitting teddy small silver.jpg","Microsoft.PowerShell.Core\FileSystem::C:\GitRepos\alisoncreations\resources\images","Sitting teddy small silver.jpg","C","Microsoft.PowerShell.Core\FileSystem","False","-a---","-a---","Sitting teddy small silver","C:\GitRepos\alisoncreations\resources\images\Sitting teddy small silver.jpg",,,"Sitting teddy small silver.jpg",,,"True","C:\GitRepos\alisoncreations\resources\images\Sitting teddy small silver.jpg",".jpg","19/09/2025 13:15:15","19/09/2025 12:15:15","24/09/2025 22:09:58","24/09/2025 21:09:58","15/06/2025 14:08:05","15/06/2025 13:08:05",,"-1","Archive"
"Microsoft.PowerShell.Core\FileSystem::C:\GitRepos\alisoncreations\resources\images\Small hanging welcome sign.jpg","Microsoft.PowerShell.Core\FileSystem::C:\GitRepos\alisoncreations\resources\images","Small hanging welcome sign.jpg","C","Microsoft.PowerShell.Core\FileSystem","False","-a---","-a---","Small hanging welcome sign","C:\GitRepos\alisoncreations\resources\images\Small hanging welcome sign.jpg",,,"Small hanging welcome sign.jpg",,,"True","C:\GitRepos\alisoncreations\resources\images\Small hanging welcome sign.jpg",".jpg","19/09/2025 13:15:15","19/09/2025 12:15:15","24/09/2025 22:09:58","24/09/2025 21:09:58","15/06/2025 14:09:24","15/06/2025 13:09:24",,"-1","Archive"
"Microsoft.PowerShell.Core\FileSystem::C:\GitRepos\alisoncreations\resources\images\Snow scene blue (2).jpg","Microsoft.PowerShell.Core\FileSystem::C:\GitRepos\alisoncreations\resources\images","Snow scene blue (2).jpg","C","Microsoft.PowerShell.Core\FileSystem","False","-a---","-a---","Snow scene blue (2)","C:\GitRepos\alisoncreations\resources\images\Snow scene blue (2).jpg",,,"Snow scene blue (2).jpg",,,"True","C:\GitRepos\alisoncreations\resources\images\Snow scene blue (2).jpg",".jpg","19/09/2025 13:15:15","19/09/2025 12:15:15","24/09/2025 22:09:58","24/09/2025 21:09:58","15/06/2025 14:08:56","15/06/2025 13:08:56",,"-1","Archive"
"Microsoft.PowerShell.Core\FileSystem::C:\GitRepos\alisoncreations\resources\images\Snow scene blue.jpg","Microsoft.PowerShell.Core\FileSystem::C:\GitRepos\alisoncreations\resources\images","Snow scene blue.jpg","C","Microsoft.PowerShell.Core\FileSystem","False","-a---","-a---","Snow scene blue","C:\GitRepos\alisoncreations\resources\images\Snow scene blue.jpg",,,"Snow scene blue.jpg",,,"True","C:\GitRepos\alisoncreations\resources\images\Snow scene blue.jpg",".jpg","19/09/2025 13:15:15","19/09/2025 12:15:15","24/09/2025 22:09:58","24/09/2025 21:09:58","15/06/2025 14:09:10","15/06/2025 13:09:10",,"-1","Archive"
"Microsoft.PowerShell.Core\FileSystem::C:\GitRepos\alisoncreations\resources\images\Snow scene orange (2).jpg","Microsoft.PowerShell.Core\FileSystem::C:\GitRepos\alisoncreations\resources\images","Snow scene orange (2).jpg","C","Microsoft.PowerShell.Core\FileSystem","False","-a---","-a---","Snow scene orange (2)","C:\GitRepos\alisoncreations\resources\images\Snow scene orange (2).jpg",,,"Snow scene orange (2).jpg",,,"True","C:\GitRepos\alisoncreations\resources\images\Snow scene orange (2).jpg",".jpg","19/09/2025 13:15:15","19/09/2025 12:15:15","24/09/2025 22:09:58","24/09/2025 21:09:58","15/06/2025 14:09:25","15/06/2025 13:09:25",,"-1","Archive"
"Microsoft.PowerShell.Core\FileSystem::C:\GitRepos\alisoncreations\resources\images\Snow scene orange.jpg","Microsoft.PowerShell.Core\FileSystem::C:\GitRepos\alisoncreations\resources\images","Snow scene orange.jpg","C","Microsoft.PowerShell.Core\FileSystem","False","-a---","-a---","Snow scene orange","C:\GitRepos\alisoncreations\resources\images\Snow scene orange.jpg",,,"Snow scene orange.jpg",,,"True","C:\GitRepos\alisoncreations\resources\images\Snow scene orange.jpg",".jpg","19/09/2025 13:15:15","19/09/2025 12:15:15","24/09/2025 22:09:58","24/09/2025 21:09:58","15/06/2025 14:08:56","15/06/2025 13:08:56",,"-1","Archive"
"Microsoft.PowerShell.Core\FileSystem::C:\GitRepos\alisoncreations\resources\images\Snow scene red (2).jpg","Microsoft.PowerShell.Core\FileSystem::C:\GitRepos\alisoncreations\resources\images","Snow scene red (2).jpg","C","Microsoft.PowerShell.Core\FileSystem","False","-a---","-a---","Snow scene red (2)","C:\GitRepos\alisoncreations\resources\images\Snow scene red (2).jpg",,,"Snow scene red (2).jpg",,,"True","C:\GitRepos\alisoncreations\resources\images\Snow scene red (2).jpg",".jpg","19/09/2025 13:15:15","19/09/2025 12:15:15","24/09/2025 22:09:58","24/09/2025 21:09:58","15/06/2025 14:09:17","15/06/2025 13:09:17",,"-1","Archive"
"Microsoft.PowerShell.Core\FileSystem::C:\GitRepos\alisoncreations\resources\images\Snow scene red.jpg","Microsoft.PowerShell.Core\FileSystem::C:\GitRepos\alisoncreations\resources\images","Snow scene red.jpg","C","Microsoft.PowerShell.Core\FileSystem","False","-a---","-a---","Snow scene red","C:\GitRepos\alisoncreations\resources\images\Snow scene red.jpg",,,"Snow scene red.jpg",,,"True","C:\GitRepos\alisoncreations\resources\images\Snow scene red.jpg",".jpg","19/09/2025 13:15:15","19/09/2025 12:15:15","24/09/2025 22:09:58","24/09/2025 21:09:58","15/06/2025 14:08:56","15/06/2025 13:08:56",,"-1","Archive"
"Microsoft.PowerShell.Core\FileSystem::C:\GitRepos\alisoncreations\resources\images\Snow scene white (2).jpg","Microsoft.PowerShell.Core\FileSystem::C:\GitRepos\alisoncreations\resources\images","Snow scene white (2).jpg","C","Microsoft.PowerShell.Core\FileSystem","False","-a---","-a---","Snow scene white (2)","C:\GitRepos\alisoncreations\resources\images\Snow scene white (2).jpg",,,"Snow scene white (2).jpg",,,"True","C:\GitRepos\alisoncreations\resources\images\Snow scene white (2).jpg",".jpg","19/09/2025 13:15:15","19/09/2025 12:15:15","24/09/2025 22:09:58","24/09/2025 21:09:58","15/06/2025 14:09:20","15/06/2025 13:09:20",,"-1","Archive"
"Microsoft.PowerShell.Core\FileSystem::C:\GitRepos\alisoncreations\resources\images\Snow scene white (3).jpg","Microsoft.PowerShell.Core\FileSystem::C:\GitRepos\alisoncreations\resources\images","Snow scene white (3).jpg","C","Microsoft.PowerShell.Core\FileSystem","False","-a---","-a---","Snow scene white (3)","C:\GitRepos\alisoncreations\resources\images\Snow scene white (3).jpg",,,"Snow scene white (3).jpg",,,"True","C:\GitRepos\alisoncreations\resources\images\Snow scene white (3).jpg",".jpg","19/09/2025 13:15:15","19/09/2025 12:15:15","24/09/2025 22:09:58","24/09/2025 21:09:58","15/06/2025 14:08:59","15/06/2025 13:08:59",,"-1","Archive"
"Microsoft.PowerShell.Core\FileSystem::C:\GitRepos\alisoncreations\resources\images\Snow scene white.jpg","Microsoft.PowerShell.Core\FileSystem::C:\GitRepos\alisoncreations\resources\images","Snow scene white.jpg","C","Microsoft.PowerShell.Core\FileSystem","False","-a---","-a---","Snow scene white","C:\GitRepos\alisoncreations\resources\images\Snow scene white.jpg",,,"Snow scene white.jpg",,,"True","C:\GitRepos\alisoncreations\resources\images\Snow scene white.jpg",".jpg","19/09/2025 13:15:15","19/09/2025 12:15:15","24/09/2025 22:09:58","24/09/2025 21:09:58","15/06/2025 14:08:56","15/06/2025 13:08:56",,"-1","Archive"
"Microsoft.PowerShell.Core\FileSystem::C:\GitRepos\alisoncreations\resources\images\Snow scene yellow (2).jpg","Microsoft.PowerShell.Core\FileSystem::C:\GitRepos\alisoncreations\resources\images","Snow scene yellow (2).jpg","C","Microsoft.PowerShell.Core\FileSystem","False","-a---","-a---","Snow scene yellow (2)","C:\GitRepos\alisoncreations\resources\images\Snow scene yellow (2).jpg",,,"Snow scene yellow (2).jpg",,,"True","C:\GitRepos\alisoncreations\resources\images\Snow scene yellow (2).jpg",".jpg","19/09/2025 13:15:15","19/09/2025 12:15:15","24/09/2025 22:09:58","24/09/2025 21:09:58","15/06/2025 14:09:17","15/06/2025 13:09:17",,"-1","Archive"
"Microsoft.PowerShell.Core\FileSystem::C:\GitRepos\alisoncreations\resources\images\Snow scene yellow (3).jpg","Microsoft.PowerShell.Core\FileSystem::C:\GitRepos\alisoncreations\resources\images","Snow scene yellow (3).jpg","C","Microsoft.PowerShell.Core\FileSystem","False","-a---","-a---","Snow scene yellow (3)","C:\GitRepos\alisoncreations\resources\images\Snow scene yellow (3).jpg",,,"Snow scene yellow (3).jpg",,,"True","C:\GitRepos\alisoncreations\resources\images\Snow scene yellow (3).jpg",".jpg","19/09/2025 13:15:15","19/09/2025 12:15:15","24/09/2025 22:09:58","24/09/2025 21:09:58","15/06/2025 14:09:01","15/06/2025 13:09:01",,"-1","Archive"
"Microsoft.PowerShell.Core\FileSystem::C:\GitRepos\alisoncreations\resources\images\Snow scene yellow.jpg","Microsoft.PowerShell.Core\FileSystem::C:\GitRepos\alisoncreations\resources\images","Snow scene yellow.jpg","C","Microsoft.PowerShell.Core\FileSystem","False","-a---","-a---","Snow scene yellow","C:\GitRepos\alisoncreations\resources\images\Snow scene yellow.jpg",,,"Snow scene yellow.jpg",,,"True","C:\GitRepos\alisoncreations\resources\images\Snow scene yellow.jpg",".jpg","19/09/2025 13:15:15","19/09/2025 12:15:15","24/09/2025 22:09:58","24/09/2025 21:09:58","15/06/2025 14:09:15","15/06/2025 13:09:15",,"-1","Archive"
"Microsoft.PowerShell.Core\FileSystem::C:\GitRepos\alisoncreations\resources\images\Stag head white.jpg","Microsoft.PowerShell.Core\FileSystem::C:\GitRepos\alisoncreations\resources\images","Stag head white.jpg","C","Microsoft.PowerShell.Core\FileSystem","False","-a---","-a---","Stag head white","C:\GitRepos\alisoncreations\resources\images\Stag head white.jpg",,,"Stag head white.jpg",,,"True","C:\GitRepos\alisoncreations\resources\images\Stag head white.jpg",".jpg","19/09/2025 13:15:15","19/09/2025 12:15:15","24/09/2025 22:09:58","24/09/2025 21:09:58","15/06/2025 14:08:05","15/06/2025 13:08:05",,"-1","Archive"
"Microsoft.PowerShell.Core\FileSystem::C:\GitRepos\alisoncreations\resources\images\Stag.jpg","Microsoft.PowerShell.Core\FileSystem::C:\GitRepos\alisoncreations\resources\images","Stag.jpg","C","Microsoft.PowerShell.Core\FileSystem","False","-a---","-a---","Stag","C:\GitRepos\alisoncreations\resources\images\Stag.jpg",,,"Stag.jpg",,,"True","C:\GitRepos\alisoncreations\resources\images\Stag.jpg",".jpg","19/09/2025 13:15:15","19/09/2025 12:15:15","24/09/2025 22:09:58","24/09/2025 21:09:58","01/06/2025 13:45:24","01/06/2025 12:45:24",,"-1","Archive"
"Microsoft.PowerShell.Core\FileSystem::C:\GitRepos\alisoncreations\resources\images\Teddy on heart Bench with flower.jpg","Microsoft.PowerShell.Core\FileSystem::C:\GitRepos\alisoncreations\resources\images","Teddy on heart Bench with flower.jpg","C","Microsoft.PowerShell.Core\FileSystem","False","-a---","-a---","Teddy on heart Bench with flower","C:\GitRepos\alisoncreations\resources\images\Teddy on heart Bench with flower.jpg",,,"Teddy on heart Bench with flower.jpg",,,"True","C:\GitRepos\alisoncreations\resources\images\Teddy on heart Bench with flower.jpg",".jpg","19/09/2025 13:15:15","19/09/2025 12:15:15","24/09/2025 22:09:58","24/09/2025 21:09:58","01/06/2025 13:36:42","01/06/2025 12:36:42",,"-1","Archive"
"Microsoft.PowerShell.Core\FileSystem::C:\GitRepos\alisoncreations\resources\images\Teddy on heart bench.jpg","Microsoft.PowerShell.Core\FileSystem::C:\GitRepos\alisoncreations\resources\images","Teddy on heart bench.jpg","C","Microsoft.PowerShell.Core\FileSystem","False","-a---","-a---","Teddy on heart bench","C:\GitRepos\alisoncreations\resources\images\Teddy on heart bench.jpg",,,"Teddy on heart bench.jpg",,,"True","C:\GitRepos\alisoncreations\resources\images\Teddy on heart bench.jpg",".jpg","19/09/2025 13:15:15","19/09/2025 12:15:15","24/09/2025 22:09:58","24/09/2025 21:09:58","15/06/2025 14:08:46","15/06/2025 13:08:46",,"-1","Archive"
"Microsoft.PowerShell.Core\FileSystem::C:\GitRepos\alisoncreations\resources\images\Teddy on heart bench1.jpg","Microsoft.PowerShell.Core\FileSystem::C:\GitRepos\alisoncreations\resources\images","Teddy on heart bench1.jpg","C","Microsoft.PowerShell.Core\FileSystem","False","-a---","-a---","Teddy on heart bench1","C:\GitRepos\alisoncreations\resources\images\Teddy on heart bench1.jpg",,,"Teddy on heart bench1.jpg",,,"True","C:\GitRepos\alisoncreations\resources\images\Teddy on heart bench1.jpg",".jpg","19/09/2025 13:15:15","19/09/2025 12:15:15","24/09/2025 22:09:58","24/09/2025 21:09:58","15/06/2025 14:08:44","15/06/2025 13:08:44",,"-1","Archive"
"Microsoft.PowerShell.Core\FileSystem::C:\GitRepos\alisoncreations\resources\images\Teddy on Star Bench with flower.jpg","Microsoft.PowerShell.Core\FileSystem::C:\GitRepos\alisoncreations\resources\images","Teddy on Star Bench with flower.jpg","C","Microsoft.PowerShell.Core\FileSystem","False","-a---","-a---","Teddy on Star Bench with flower","C:\GitRepos\alisoncreations\resources\images\Teddy on Star Bench with flower.jpg",,,"Teddy on Star Bench with flower.jpg",,,"True","C:\GitRepos\alisoncreations\resources\images\Teddy on Star Bench with flower.jpg",".jpg","19/09/2025 13:15:15","19/09/2025 12:15:15","24/09/2025 22:09:58","24/09/2025 21:09:58","01/06/2025 13:36:43","01/06/2025 12:36:43",,"-1","Archive"
"Microsoft.PowerShell.Core\FileSystem::C:\GitRepos\alisoncreations\resources\images\Teddy on star bench.jpg","Microsoft.PowerShell.Core\FileSystem::C:\GitRepos\alisoncreations\resources\images","Teddy on star bench.jpg","C","Microsoft.PowerShell.Core\FileSystem","False","-a---","-a---","Teddy on star bench","C:\GitRepos\alisoncreations\resources\images\Teddy on star bench.jpg",,,"Teddy on star bench.jpg",,,"True","C:\GitRepos\alisoncreations\resources\images\Teddy on star bench.jpg",".jpg","19/09/2025 13:15:16","19/09/2025 12:15:16","24/09/2025 22:09:58","24/09/2025 21:09:58","15/06/2025 14:08:52","15/06/2025 13:08:52",,"-1","Archive"
"Microsoft.PowerShell.Core\FileSystem::C:\GitRepos\alisoncreations\resources\images\Teddy-crystal.jpg","Microsoft.PowerShell.Core\FileSystem::C:\GitRepos\alisoncreations\resources\images","Teddy-crystal.jpg","C","Microsoft.PowerShell.Core\FileSystem","False","-a---","-a---","Teddy-crystal","C:\GitRepos\alisoncreations\resources\images\Teddy-crystal.jpg",,,"Teddy-crystal.jpg",,,"True","C:\GitRepos\alisoncreations\resources\images\Teddy-crystal.jpg",".jpg","19/09/2025 13:15:16","19/09/2025 12:15:16","24/09/2025 22:15:40","24/09/2025 21:15:40","01/06/2025 17:10:11","01/06/2025 16:10:11",,"-1","Archive"
"Microsoft.PowerShell.Core\FileSystem::C:\GitRepos\alisoncreations\resources\images\Teddy's with crystals blue.jpg","Microsoft.PowerShell.Core\FileSystem::C:\GitRepos\alisoncreations\resources\images","Teddy's with crystals blue.jpg","C","Microsoft.PowerShell.Core\FileSystem","False","-a---","-a---","Teddy's with crystals blue","C:\GitRepos\alisoncreations\resources\images\Teddy's with crystals blue.jpg",,,"Teddy's with crystals blue.jpg",,,"True","C:\GitRepos\alisoncreations\resources\images\Teddy's with crystals blue.jpg",".jpg","19/09/2025 13:15:16","19/09/2025 12:15:16","24/09/2025 22:15:40","24/09/2025 21:15:40","15/06/2025 14:08:05","15/06/2025 13:08:05",,"-1","Archive"
"Microsoft.PowerShell.Core\FileSystem::C:\GitRepos\alisoncreations\resources\images\Teddy's with crystals pink.jpg","Microsoft.PowerShell.Core\FileSystem::C:\GitRepos\alisoncreations\resources\images","Teddy's with crystals pink.jpg","C","Microsoft.PowerShell.Core\FileSystem","False","-a---","-a---","Teddy's with crystals pink","C:\GitRepos\alisoncreations\resources\images\Teddy's with crystals pink.jpg",,,"Teddy's with crystals pink.jpg",,,"True","C:\GitRepos\alisoncreations\resources\images\Teddy's with crystals pink.jpg",".jpg","19/09/2025 13:15:16","19/09/2025 12:15:16","24/09/2025 22:15:40","24/09/2025 21:15:40","15/06/2025 14:08:59","15/06/2025 13:08:59",,"-1","Archive"
"Microsoft.PowerShell.Core\FileSystem::C:\GitRepos\alisoncreations\resources\images\Tents with candel light blue.jpg","Microsoft.PowerShell.Core\FileSystem::C:\GitRepos\alisoncreations\resources\images","Tents with candel light blue.jpg","C","Microsoft.PowerShell.Core\FileSystem","False","-a---","-a---","Tents with candel light blue","C:\GitRepos\alisoncreations\resources\images\Tents with candel light blue.jpg",,,"Tents with candel light blue.jpg",,,"True","C:\GitRepos\alisoncreations\resources\images\Tents with candel light blue.jpg",".jpg","19/09/2025 13:15:16","19/09/2025 12:15:16","24/09/2025 22:15:40","24/09/2025 21:15:40","15/06/2025 14:09:17","15/06/2025 13:09:17",,"-1","Archive"
"Microsoft.PowerShell.Core\FileSystem::C:\GitRepos\alisoncreations\resources\images\Tents with candel light pink.jpg","Microsoft.PowerShell.Core\FileSystem::C:\GitRepos\alisoncreations\resources\images","Tents with candel light pink.jpg","C","Microsoft.PowerShell.Core\FileSystem","False","-a---","-a---","Tents with candel light pink","C:\GitRepos\alisoncreations\resources\images\Tents with candel light pink.jpg",,,"Tents with candel light pink.jpg",,,"True","C:\GitRepos\alisoncreations\resources\images\Tents with candel light pink.jpg",".jpg","19/09/2025 13:15:16","19/09/2025 12:15:16","24/09/2025 22:15:40","24/09/2025 21:15:40","15/06/2025 14:09:24","15/06/2025 13:09:24",,"-1","Archive"
"Microsoft.PowerShell.Core\FileSystem::C:\GitRepos\alisoncreations\resources\images\Tents with candel light yellow.jpg","Microsoft.PowerShell.Core\FileSystem::C:\GitRepos\alisoncreations\resources\images","Tents with candel light yellow.jpg","C","Microsoft.PowerShell.Core\FileSystem","False","-a---","-a---","Tents with candel light yellow","C:\GitRepos\alisoncreations\resources\images\Tents with candel light yellow.jpg",,,"Tents with candel light yellow.jpg",,,"True","C:\GitRepos\alisoncreations\resources\images\Tents with candel light yellow.jpg",".jpg","19/09/2025 13:15:16","19/09/2025 12:15:16","24/09/2025 22:15:40","24/09/2025 21:15:40","15/06/2025 14:09:25","15/06/2025 13:09:25",,"-1","Archive"
"Microsoft.PowerShell.Core\FileSystem::C:\GitRepos\alisoncreations\resources\images\Unicorn-Tedd set.jpg","Microsoft.PowerShell.Core\FileSystem::C:\GitRepos\alisoncreations\resources\images","Unicorn-Tedd set.jpg","C","Microsoft.PowerShell.Core\FileSystem","False","-a---","-a---","Unicorn-Tedd set","C:\GitRepos\alisoncreations\resources\images\Unicorn-Tedd set.jpg",,,"Unicorn-Tedd set.jpg",,,"True","C:\GitRepos\alisoncreations\resources\images\Unicorn-Tedd set.jpg",".jpg","19/09/2025 13:15:16","19/09/2025 12:15:16","24/09/2025 22:15:40","24/09/2025 21:15:40","15/06/2025 14:08:36","15/06/2025 13:08:36",,"-1","Archive"
"Microsoft.PowerShell.Core\FileSystem::C:\GitRepos\alisoncreations\resources\images\Unicorn-Teddy- Star set.jpg","Microsoft.PowerShell.Core\FileSystem::C:\GitRepos\alisoncreations\resources\images","Unicorn-Teddy- Star set.jpg","C","Microsoft.PowerShell.Core\FileSystem","False","-a---","-a---","Unicorn-Teddy- Star set","C:\GitRepos\alisoncreations\resources\images\Unicorn-Teddy- Star set.jpg",,,"Unicorn-Teddy- Star set.jpg",,,"True","C:\GitRepos\alisoncreations\resources\images\Unicorn-Teddy- Star set.jpg",".jpg","19/09/2025 13:15:16","19/09/2025 12:15:16","24/09/2025 22:15:40","24/09/2025 21:15:40","15/06/2025 14:08:46","15/06/2025 13:08:46",,"-1","Archive"
"Microsoft.PowerShell.Core\FileSystem::C:\GitRepos\alisoncreations\resources\images\Whiteb hanging xmas trees.jpg","Microsoft.PowerShell.Core\FileSystem::C:\GitRepos\alisoncreations\resources\images","Whiteb hanging xmas trees.jpg","C","Microsoft.PowerShell.Core\FileSystem","False","-a---","-a---","Whiteb hanging xmas trees","C:\GitRepos\alisoncreations\resources\images\Whiteb hanging xmas trees.jpg",,,"Whiteb hanging xmas trees.jpg",,,"True","C:\GitRepos\alisoncreations\resources\images\Whiteb hanging xmas trees.jpg",".jpg","19/09/2025 13:15:16","19/09/2025 12:15:16","24/09/2025 22:15:40","24/09/2025 21:15:40","15/06/2025 14:08:10","15/06/2025 13:08:10",,"-1","Archive"
"Microsoft.PowerShell.Core\FileSystem::C:\GitRepos\alisoncreations\resources\images\Wooden house scene 1.jpg","Microsoft.PowerShell.Core\FileSystem::C:\GitRepos\alisoncreations\resources\images","Wooden house scene 1.jpg","C","Microsoft.PowerShell.Core\FileSystem","False","-a---","-a---","Wooden house scene 1","C:\GitRepos\alisoncreations\resources\images\Wooden house scene 1.jpg",,,"Wooden house scene 1.jpg",,,"True","C:\GitRepos\alisoncreations\resources\images\Wooden house scene 1.jpg",".jpg","19/09/2025 13:15:16","19/09/2025 12:15:16","24/09/2025 22:15:40","24/09/2025 21:15:40","15/06/2025 14:09:17","15/06/2025 13:09:17",,"-1","Archive"
"Microsoft.PowerShell.Core\FileSystem::C:\GitRepos\alisoncreations\resources\images\Wooden house scene 2.jpg","Microsoft.PowerShell.Core\FileSystem::C:\GitRepos\alisoncreations\resources\images","Wooden house scene 2.jpg","C","Microsoft.PowerShell.Core\FileSystem","False","-a---","-a---","Wooden house scene 2","C:\GitRepos\alisoncreations\resources\images\Wooden house scene 2.jpg",,,"Wooden house scene 2.jpg",,,"True","C:\GitRepos\alisoncreations\resources\images\Wooden house scene 2.jpg",".jpg","19/09/2025 13:15:16","19/09/2025 12:15:16","24/09/2025 22:15:40","24/09/2025 21:15:40","15/06/2025 14:09:03","15/06/2025 13:09:03",,"-1","Archive"
"Microsoft.PowerShell.Core\FileSystem::C:\GitRepos\alisoncreations\resources\images\Wooden house scene 3.jpg","Microsoft.PowerShell.Core\FileSystem::C:\GitRepos\alisoncreations\resources\images","Wooden house scene 3.jpg","C","Microsoft.PowerShell.Core\FileSystem","False","-a---","-a---","Wooden house scene 3","C:\GitRepos\alisoncreations\resources\images\Wooden house scene 3.jpg",,,"Wooden house scene 3.jpg",,,"True","C:\GitRepos\alisoncreations\resources\images\Wooden house scene 3.jpg",".jpg","19/09/2025 13:15:16","19/09/2025 12:15:16","24/09/2025 22:15:40","24/09/2025 21:15:40","15/06/2025 14:09:25","15/06/2025 13:09:25",,"-1","Archive"
"Microsoft.PowerShell.Core\FileSystem::C:\GitRepos\alisoncreations\resources\images\Wooden quote blue.jpg","Microsoft.PowerShell.Core\FileSystem::C:\GitRepos\alisoncreations\resources\images","Wooden quote blue.jpg","C","Microsoft.PowerShell.Core\FileSystem","False","-a---","-a---","Wooden quote blue","C:\GitRepos\alisoncreations\resources\images\Wooden quote blue.jpg",,,"Wooden quote blue.jpg",,,"True","C:\GitRepos\alisoncreations\resources\images\Wooden quote blue.jpg",".jpg","19/09/2025 13:15:16","19/09/2025 12:15:16","24/09/2025 22:15:40","24/09/2025 21:15:40","15/06/2025 14:08:25","15/06/2025 13:08:25",,"-1","Archive"
"Microsoft.PowerShell.Core\FileSystem::C:\GitRepos\alisoncreations\resources\images\Wooden quote mauve.jpg","Microsoft.PowerShell.Core\FileSystem::C:\GitRepos\alisoncreations\resources\images","Wooden quote mauve.jpg","C","Microsoft.PowerShell.Core\FileSystem","False","-a---","-a---","Wooden quote mauve","C:\GitRepos\alisoncreations\resources\images\Wooden quote mauve.jpg",,,"Wooden quote mauve.jpg",,,"True","C:\GitRepos\alisoncreations\resources\images\Wooden quote mauve.jpg",".jpg","19/09/2025 13:15:16","19/09/2025 12:15:16","24/09/2025 22:15:40","24/09/2025 21:15:40","15/06/2025 14:08:56","15/06/2025 13:08:56",,"-1","Archive"
"Microsoft.PowerShell.Core\FileSystem::C:\GitRepos\alisoncreations\resources\videos\Big  house scene.mp4","Microsoft.PowerShell.Core\FileSystem::C:\GitRepos\alisoncreations\resources\videos","Big  house scene.mp4","C","Microsoft.PowerShell.Core\FileSystem","False","-a---","-a---","Big  house scene","C:\GitRepos\alisoncreations\resources\videos\Big  house scene.mp4",,,"Big  house scene.mp4",,,"True","C:\GitRepos\alisoncreations\resources\videos\Big  house scene.mp4",".mp4","24/09/2025 22:24:32","24/09/2025 21:24:32","24/09/2025 22:24:34","24/09/2025 21:24:34","24/09/2025 22:24:34","24/09/2025 21:24:34",,"-1","Archive"
"Microsoft.PowerShell.Core\FileSystem::C:\GitRepos\alisoncreations\resources\videos\Big coloured light up house scene.mp4","Microsoft.PowerShell.Core\FileSystem::C:\GitRepos\alisoncreations\resources\videos","Big coloured light up house scene.mp4","C","Microsoft.PowerShell.Core\FileSystem","False","-a---","-a---","Big coloured light up house scene","C:\GitRepos\alisoncreations\resources\videos\Big coloured light up house scene.mp4",,,"Big coloured light up house scene.mp4",,,"True","C:\GitRepos\alisoncreations\resources\videos\Big coloured light up house scene.mp4",".mp4","24/09/2025 22:24:35","24/09/2025 21:24:35","24/09/2025 22:24:37","24/09/2025 21:24:37","24/09/2025 22:24:37","24/09/2025 21:24:37",,"-1","Archive"
"Microsoft.PowerShell.Core\FileSystem::C:\GitRepos\alisoncreations\resources\videos\Big light up house scene.mp4","Microsoft.PowerShell.Core\FileSystem::C:\GitRepos\alisoncreations\resources\videos","Big light up house scene.mp4","C","Microsoft.PowerShell.Core\FileSystem","False","-a---","-a---","Big light up house scene","C:\GitRepos\alisoncreations\resources\videos\Big light up house scene.mp4",,,"Big light up house scene.mp4",,,"True","C:\GitRepos\alisoncreations\resources\videos\Big light up house scene.mp4",".mp4","24/09/2025 22:24:38","24/09/2025 21:24:38","24/09/2025 22:24:40","24/09/2025 21:24:40","24/09/2025 22:24:40","24/09/2025 21:24:40",,"-1","Archive"
"Microsoft.PowerShell.Core\FileSystem::C:\GitRepos\alisoncreations\resources\videos\Blue -green frod mix.mp4","Microsoft.PowerShell.Core\FileSystem::C:\GitRepos\alisoncreations\resources\videos","Blue -green frod mix.mp4","C","Microsoft.PowerShell.Core\FileSystem","False","-a---","-a---","Blue -green frod mix","C:\GitRepos\alisoncreations\resources\videos\Blue -green frod mix.mp4",,,"Blue -green frod mix.mp4",,,"True","C:\GitRepos\alisoncreations\resources\videos\Blue -green frod mix.mp4",".mp4","24/09/2025 22:24:41","24/09/2025 21:24:41","24/09/2025 22:24:42","24/09/2025 21:24:42","24/09/2025 22:24:42","24/09/2025 21:24:42",,"-1","Archive"
"Microsoft.PowerShell.Core\FileSystem::C:\GitRepos\alisoncreations\resources\videos\Boat with flower Anchor gold rope.mp4","Microsoft.PowerShell.Core\FileSystem::C:\GitRepos\alisoncreations\resources\videos","Boat with flower Anchor gold rope.mp4","C","Microsoft.PowerShell.Core\FileSystem","False","-a---","-a---","Boat with flower Anchor gold rope","C:\GitRepos\alisoncreations\resources\videos\Boat with flower Anchor gold rope.mp4",,,"Boat with flower Anchor gold rope.mp4",,,"True","C:\GitRepos\alisoncreations\resources\videos\Boat with flower Anchor gold rope.mp4",".mp4","24/09/2025 22:24:43","24/09/2025 21:24:43","24/09/2025 22:24:45","24/09/2025 21:24:45","24/09/2025 22:24:45","24/09/2025 21:24:45",,"-1","Archive"
"Microsoft.PowerShell.Core\FileSystem::C:\GitRepos\alisoncreations\resources\videos\Boat with flower Anchor white.mp4","Microsoft.PowerShell.Core\FileSystem::C:\GitRepos\alisoncreations\resources\videos","Boat with flower Anchor white.mp4","C","Microsoft.PowerShell.Core\FileSystem","False","-a---","-a---","Boat with flower Anchor white","C:\GitRepos\alisoncreations\resources\videos\Boat with flower Anchor white.mp4",,,"Boat with flower Anchor white.mp4",,,"True","C:\GitRepos\alisoncreations\resources\videos\Boat with flower Anchor white.mp4",".mp4","24/09/2025 22:24:46","24/09/2025 21:24:46","24/09/2025 22:24:48","24/09/2025 21:24:48","24/09/2025 22:24:48","24/09/2025 21:24:48",,"-1","Archive"
"Microsoft.PowerShell.Core\FileSystem::C:\GitRepos\alisoncreations\resources\videos\Cat mix.mp4","Microsoft.PowerShell.Core\FileSystem::C:\GitRepos\alisoncreations\resources\videos","Cat mix.mp4","C","Microsoft.PowerShell.Core\FileSystem","False","-a---","-a---","Cat mix","C:\GitRepos\alisoncreations\resources\videos\Cat mix.mp4",,,"Cat mix.mp4",,,"True","C:\GitRepos\alisoncreations\resources\videos\Cat mix.mp4",".mp4","24/09/2025 22:24:48","24/09/2025 21:24:48","24/09/2025 22:24:50","24/09/2025 21:24:50","24/09/2025 22:24:50","24/09/2025 21:24:50",,"-1","Archive"
"Microsoft.PowerShell.Core\FileSystem::C:\GitRepos\alisoncreations\resources\videos\Cloud villiage with quote 7.mp4","Microsoft.PowerShell.Core\FileSystem::C:\GitRepos\alisoncreations\resources\videos","Cloud villiage with quote 7.mp4","C","Microsoft.PowerShell.Core\FileSystem","False","-a---","-a---","Cloud villiage with quote 7","C:\GitRepos\alisoncreations\resources\videos\Cloud villiage with quote 7.mp4",,,"Cloud villiage with quote 7.mp4",,,"True","C:\GitRepos\alisoncreations\resources\videos\Cloud villiage with quote 7.mp4",".mp4","24/09/2025 22:24:51","24/09/2025 21:24:51","24/09/2025 22:24:53","24/09/2025 21:24:53","24/09/2025 22:24:53","24/09/2025 21:24:53",,"-1","Archive"
"Microsoft.PowerShell.Core\FileSystem::C:\GitRepos\alisoncreations\resources\videos\Dingy and Anchor sets.mp4","Microsoft.PowerShell.Core\FileSystem::C:\GitRepos\alisoncreations\resources\videos","Dingy and Anchor sets.mp4","C","Microsoft.PowerShell.Core\FileSystem","False","-a---","-a---","Dingy and Anchor sets","C:\GitRepos\alisoncreations\resources\videos\Dingy and Anchor sets.mp4",,,"Dingy and Anchor sets.mp4",,,"True","C:\GitRepos\alisoncreations\resources\videos\Dingy and Anchor sets.mp4",".mp4","24/09/2025 22:24:53","24/09/2025 21:24:53","24/09/2025 22:24:55","24/09/2025 21:24:55","24/09/2025 22:24:55","24/09/2025 21:24:55",,"-1","Archive"
"Microsoft.PowerShell.Core\FileSystem::C:\GitRepos\alisoncreations\resources\videos\Elephant .mp4","Microsoft.PowerShell.Core\FileSystem::C:\GitRepos\alisoncreations\resources\videos","Elephant .mp4","C","Microsoft.PowerShell.Core\FileSystem","False","-a---","-a---","Elephant ","C:\GitRepos\alisoncreations\resources\videos\Elephant .mp4",,,"Elephant .mp4",,,"True","C:\GitRepos\alisoncreations\resources\videos\Elephant .mp4",".mp4","24/09/2025 22:24:56","24/09/2025 21:24:56","24/09/2025 22:24:58","24/09/2025 21:24:58","24/09/2025 22:24:58","24/09/2025 21:24:58",,"-1","Archive"
"Microsoft.PowerShell.Core\FileSystem::C:\GitRepos\alisoncreations\resources\videos\Family (flowered).mp4","Microsoft.PowerShell.Core\FileSystem::C:\GitRepos\alisoncreations\resources\videos","Family (flowered).mp4","C","Microsoft.PowerShell.Core\FileSystem","False","-a---","-a---","Family (flowered)","C:\GitRepos\alisoncreations\resources\videos\Family (flowered).mp4",,,"Family (flowered).mp4",,,"True","C:\GitRepos\alisoncreations\resources\videos\Family (flowered).mp4",".mp4","24/09/2025 22:24:58","24/09/2025 21:24:58","24/09/2025 22:25:00","24/09/2025 21:25:00","24/09/2025 22:25:00","24/09/2025 21:25:00",,"-1","Archive"
"Microsoft.PowerShell.Core\FileSystem::C:\GitRepos\alisoncreations\resources\videos\Flower cup-saucer mix.mp4","Microsoft.PowerShell.Core\FileSystem::C:\GitRepos\alisoncreations\resources\videos","Flower cup-saucer mix.mp4","C","Microsoft.PowerShell.Core\FileSystem","False","-a---","-a---","Flower cup-saucer mix","C:\GitRepos\alisoncreations\resources\videos\Flower cup-saucer mix.mp4",,,"Flower cup-saucer mix.mp4",,,"True","C:\GitRepos\alisoncreations\resources\videos\Flower cup-saucer mix.mp4",".mp4","24/09/2025 22:25:01","24/09/2025 21:25:01","24/09/2025 22:25:03","24/09/2025 21:25:03","24/09/2025 22:25:03","24/09/2025 21:25:03",,"-1","Archive"
"Microsoft.PowerShell.Core\FileSystem::C:\GitRepos\alisoncreations\resources\videos\Flower jars mix.mp4","Microsoft.PowerShell.Core\FileSystem::C:\GitRepos\alisoncreations\resources\videos","Flower jars mix.mp4","C","Microsoft.PowerShell.Core\FileSystem","False","-a---","-a---","Flower jars mix","C:\GitRepos\alisoncreations\resources\videos\Flower jars mix.mp4",,,"Flower jars mix.mp4",,,"True","C:\GitRepos\alisoncreations\resources\videos\Flower jars mix.mp4",".mp4","24/09/2025 22:25:03","24/09/2025 21:25:03","24/09/2025 22:25:05","24/09/2025 21:25:05","24/09/2025 22:25:05","24/09/2025 21:25:05",,"-1","Archive"
"Microsoft.PowerShell.Core\FileSystem::C:\GitRepos\alisoncreations\resources\videos\Flower Pots mix.mp4","Microsoft.PowerShell.Core\FileSystem::C:\GitRepos\alisoncreations\resources\videos","Flower Pots mix.mp4","C","Microsoft.PowerShell.Core\FileSystem","False","-a---","-a---","Flower Pots mix","C:\GitRepos\alisoncreations\resources\videos\Flower Pots mix.mp4",,,"Flower Pots mix.mp4",,,"True","C:\GitRepos\alisoncreations\resources\videos\Flower Pots mix.mp4",".mp4","24/09/2025 22:25:06","24/09/2025 21:25:06","24/09/2025 22:25:08","24/09/2025 21:25:08","24/09/2025 22:25:08","24/09/2025 21:25:08",,"-1","Archive"
"Microsoft.PowerShell.Core\FileSystem::C:\GitRepos\alisoncreations\resources\videos\Hanging Butterfly with flowers.mp4","Microsoft.PowerShell.Core\FileSystem::C:\GitRepos\alisoncreations\resources\videos","Hanging Butterfly with flowers.mp4","C","Microsoft.PowerShell.Core\FileSystem","False","-a---","-a---","Hanging Butterfly with flowers","C:\GitRepos\alisoncreations\resources\videos\Hanging Butterfly with flowers.mp4",,,"Hanging Butterfly with flowers.mp4",,,"True","C:\GitRepos\alisoncreations\resources\videos\Hanging Butterfly with flowers.mp4",".mp4","24/09/2025 22:25:09","24/09/2025 21:25:09","24/09/2025 22:25:11","24/09/2025 21:25:11","24/09/2025 22:25:11","24/09/2025 21:25:11",,"-1","Archive"
"Microsoft.PowerShell.Core\FileSystem::C:\GitRepos\alisoncreations\resources\videos\Heart candel holder white with house 2.mp4","Microsoft.PowerShell.Core\FileSystem::C:\GitRepos\alisoncreations\resources\videos","Heart candel holder white with house 2.mp4","C","Microsoft.PowerShell.Core\FileSystem","False","-a---","-a---","Heart candel holder white with house 2","C:\GitRepos\alisoncreations\resources\videos\Heart candel holder white with house 2.mp4",,,"Heart candel holder white with house 2.mp4",,,"True","C:\GitRepos\alisoncreations\resources\videos\Heart candel holder white with house 2.mp4",".mp4","24/09/2025 22:25:13","24/09/2025 21:25:13","24/09/2025 22:25:17","24/09/2025 21:25:17","24/09/2025 22:25:17","24/09/2025 21:25:17",,"-1","Archive"
"Microsoft.PowerShell.Core\FileSystem::C:\GitRepos\alisoncreations\resources\videos\Heart candel holder white with house.mp4","Microsoft.PowerShell.Core\FileSystem::C:\GitRepos\alisoncreations\resources\videos","Heart candel holder white with house.mp4","C","Microsoft.PowerShell.Core\FileSystem","False","-a---","-a---","Heart candel holder white with house","C:\GitRepos\alisoncreations\resources\videos\Heart candel holder white with house.mp4",,,"Heart candel holder white with house.mp4",,,"True","C:\GitRepos\alisoncreations\resources\videos\Heart candel holder white with house.mp4",".mp4","24/09/2025 22:25:18","24/09/2025 21:25:18","24/09/2025 22:25:20","24/09/2025 21:25:20","24/09/2025 22:25:20","24/09/2025 21:25:20",,"-1","Archive"
"Microsoft.PowerShell.Core\FileSystem::C:\GitRepos\alisoncreations\resources\videos\Heart candel stich holder with house flowers L white.mp4","Microsoft.PowerShell.Core\FileSystem::C:\GitRepos\alisoncreations\resources\videos","Heart candel stich holder with house flowers L white.mp4","C","Microsoft.PowerShell.Core\FileSystem","False","-a---","-a---","Heart candel stich holder with house flowers L white","C:\GitRepos\alisoncreations\resources\videos\Heart candel stich holder with house flowers L white.mp4",,,"Heart candel stich holder with house flowers L white.mp4",,,"True","C:\GitRepos\alisoncreations\resources\videos\Heart candel stich holder with house flowers L white.mp4",".mp4","24/09/2025 22:25:21","24/09/2025 21:25:21","24/09/2025 22:25:23","24/09/2025 21:25:23","24/09/2025 22:25:23","24/09/2025 21:25:23",,"-1","Archive"
"Microsoft.PowerShell.Core\FileSystem::C:\GitRepos\alisoncreations\resources\videos\Heart candel stich holder with house flowers Rwhite.mp4","Microsoft.PowerShell.Core\FileSystem::C:\GitRepos\alisoncreations\resources\videos","Heart candel stich holder with house flowers Rwhite.mp4","C","Microsoft.PowerShell.Core\FileSystem","False","-a---","-a---","Heart candel stich holder with house flowers Rwhite","C:\GitRepos\alisoncreations\resources\videos\Heart candel stich holder with house flowers Rwhite.mp4",,,"Heart candel stich holder with house flowers Rwhite.mp4",,,"True","C:\GitRepos\alisoncreations\resources\videos\Heart candel stich holder with house flowers Rwhite.mp4",".mp4","24/09/2025 22:25:24","24/09/2025 21:25:24","24/09/2025 22:25:28","24/09/2025 21:25:28","24/09/2025 22:25:28","24/09/2025 21:25:28",,"-1","Archive"
"Microsoft.PowerShell.Core\FileSystem::C:\GitRepos\alisoncreations\resources\videos\Home (flowered).mp4","Microsoft.PowerShell.Core\FileSystem::C:\GitRepos\alisoncreations\resources\videos","Home (flowered).mp4","C","Microsoft.PowerShell.Core\FileSystem","False","-a---","-a---","Home (flowered)","C:\GitRepos\alisoncreations\resources\videos\Home (flowered).mp4",,,"Home (flowered).mp4",,,"True","C:\GitRepos\alisoncreations\resources\videos\Home (flowered).mp4",".mp4","24/09/2025 22:25:29","24/09/2025 21:25:29","24/09/2025 22:25:31","24/09/2025 21:25:31","24/09/2025 22:25:31","24/09/2025 21:25:31",,"-1","Archive"
"Microsoft.PowerShell.Core\FileSystem::C:\GitRepos\alisoncreations\resources\videos\House -heart white.mp4","Microsoft.PowerShell.Core\FileSystem::C:\GitRepos\alisoncreations\resources\videos","House -heart white.mp4","C","Microsoft.PowerShell.Core\FileSystem","False","-a---","-a---","House -heart white","C:\GitRepos\alisoncreations\resources\videos\House -heart white.mp4",,,"House -heart white.mp4",,,"True","C:\GitRepos\alisoncreations\resources\videos\House -heart white.mp4",".mp4","24/09/2025 22:25:32","24/09/2025 21:25:32","24/09/2025 22:25:34","24/09/2025 21:25:34","24/09/2025 22:25:34","24/09/2025 21:25:34",,"-1","Archive"
"Microsoft.PowerShell.Core\FileSystem::C:\GitRepos\alisoncreations\resources\videos\Houses scene 1..mp4","Microsoft.PowerShell.Core\FileSystem::C:\GitRepos\alisoncreations\resources\videos","Houses scene 1..mp4","C","Microsoft.PowerShell.Core\FileSystem","False","-a---","-a---","Houses scene 1.","C:\GitRepos\alisoncreations\resources\videos\Houses scene 1..mp4",,,"Houses scene 1..mp4",,,"True","C:\GitRepos\alisoncreations\resources\videos\Houses scene 1..mp4",".mp4","24/09/2025 22:25:35","24/09/2025 21:25:35","24/09/2025 22:25:37","24/09/2025 21:25:37","24/09/2025 22:25:37","24/09/2025 21:25:37",,"-1","Archive"
"Microsoft.PowerShell.Core\FileSystem::C:\GitRepos\alisoncreations\resources\videos\Houses scene 2.mp4","Microsoft.PowerShell.Core\FileSystem::C:\GitRepos\alisoncreations\resources\videos","Houses scene 2.mp4","C","Microsoft.PowerShell.Core\FileSystem","False","-a---","-a---","Houses scene 2","C:\GitRepos\alisoncreations\resources\videos\Houses scene 2.mp4",,,"Houses scene 2.mp4",,,"True","C:\GitRepos\alisoncreations\resources\videos\Houses scene 2.mp4",".mp4","24/09/2025 22:25:38","24/09/2025 21:25:38","24/09/2025 22:25:40","24/09/2025 21:25:40","24/09/2025 22:25:40","24/09/2025 21:25:40",,"-1","Archive"
"Microsoft.PowerShell.Core\FileSystem::C:\GitRepos\alisoncreations\resources\videos\Houses scene 3.mp4","Microsoft.PowerShell.Core\FileSystem::C:\GitRepos\alisoncreations\resources\videos","Houses scene 3.mp4","C","Microsoft.PowerShell.Core\FileSystem","False","-a---","-a---","Houses scene 3","C:\GitRepos\alisoncreations\resources\videos\Houses scene 3.mp4",,,"Houses scene 3.mp4",,,"True","C:\GitRepos\alisoncreations\resources\videos\Houses scene 3.mp4",".mp4","24/09/2025 22:25:41","24/09/2025 21:25:41","24/09/2025 22:25:43","24/09/2025 21:25:43","24/09/2025 22:25:43","24/09/2025 21:25:43",,"-1","Archive"
"Microsoft.PowerShell.Core\FileSystem::C:\GitRepos\alisoncreations\resources\videos\Large seated teddy mix.mp4","Microsoft.PowerShell.Core\FileSystem::C:\GitRepos\alisoncreations\resources\videos","Large seated teddy mix.mp4","C","Microsoft.PowerShell.Core\FileSystem","False","-a---","-a---","Large seated teddy mix","C:\GitRepos\alisoncreations\resources\videos\Large seated teddy mix.mp4",,,"Large seated teddy mix.mp4",,,"True","C:\GitRepos\alisoncreations\resources\videos\Large seated teddy mix.mp4",".mp4","24/09/2025 22:25:44","24/09/2025 21:25:44","24/09/2025 22:25:46","24/09/2025 21:25:46","24/09/2025 22:25:46","24/09/2025 21:25:46",,"-1","Archive"
"Microsoft.PowerShell.Core\FileSystem::C:\GitRepos\alisoncreations\resources\videos\Love (flowered).mp4","Microsoft.PowerShell.Core\FileSystem::C:\GitRepos\alisoncreations\resources\videos","Love (flowered).mp4","C","Microsoft.PowerShell.Core\FileSystem","False","-a---","-a---","Love (flowered)","C:\GitRepos\alisoncreations\resources\videos\Love (flowered).mp4",,,"Love (flowered).mp4",,,"True","C:\GitRepos\alisoncreations\resources\videos\Love (flowered).mp4",".mp4","24/09/2025 22:25:46","24/09/2025 21:25:46","24/09/2025 22:25:48","24/09/2025 21:25:48","24/09/2025 22:25:48","24/09/2025 21:25:48",,"-1","Archive"
"Microsoft.PowerShell.Core\FileSystem::C:\GitRepos\alisoncreations\resources\videos\Paw print quote 4.mp4","Microsoft.PowerShell.Core\FileSystem::C:\GitRepos\alisoncreations\resources\videos","Paw print quote 4.mp4","C","Microsoft.PowerShell.Core\FileSystem","False","-a---","-a---","Paw print quote 4","C:\GitRepos\alisoncreations\resources\videos\Paw print quote 4.mp4",,,"Paw print quote 4.mp4",,,"True","C:\GitRepos\alisoncreations\resources\videos\Paw print quote 4.mp4",".mp4","24/09/2025 22:25:49","24/09/2025 21:25:49","24/09/2025 22:25:51","24/09/2025 21:25:51","24/09/2025 22:25:51","24/09/2025 21:25:51",,"-1","Archive"
"Microsoft.PowerShell.Core\FileSystem::C:\GitRepos\alisoncreations\resources\videos\Peek a boo Teddy mix.mp4","Microsoft.PowerShell.Core\FileSystem::C:\GitRepos\alisoncreations\resources\videos","Peek a boo Teddy mix.mp4","C","Microsoft.PowerShell.Core\FileSystem","False","-a---","-a---","Peek a boo Teddy mix","C:\GitRepos\alisoncreations\resources\videos\Peek a boo Teddy mix.mp4",,,"Peek a boo Teddy mix.mp4",,,"True","C:\GitRepos\alisoncreations\resources\videos\Peek a boo Teddy mix.mp4",".mp4","24/09/2025 22:25:52","24/09/2025 21:25:52","24/09/2025 22:25:54","24/09/2025 21:25:54","24/09/2025 22:25:54","24/09/2025 21:25:54",,"-1","Archive"
"Microsoft.PowerShell.Core\FileSystem::C:\GitRepos\alisoncreations\resources\videos\Peek a boo Teddy.mp4","Microsoft.PowerShell.Core\FileSystem::C:\GitRepos\alisoncreations\resources\videos","Peek a boo Teddy.mp4","C","Microsoft.PowerShell.Core\FileSystem","False","-a---","-a---","Peek a boo Teddy","C:\GitRepos\alisoncreations\resources\videos\Peek a boo Teddy.mp4",,,"Peek a boo Teddy.mp4",,,"True","C:\GitRepos\alisoncreations\resources\videos\Peek a boo Teddy.mp4",".mp4","24/09/2025 22:25:55","24/09/2025 21:25:55","24/09/2025 22:25:58","24/09/2025 21:25:58","24/09/2025 22:25:58","24/09/2025 21:25:58",,"-1","Archive"
"Microsoft.PowerShell.Core\FileSystem::C:\GitRepos\alisoncreations\resources\videos\PXL_20250512_130541676.TS.mp4","Microsoft.PowerShell.Core\FileSystem::C:\GitRepos\alisoncreations\resources\videos","PXL_20250512_130541676.TS.mp4","C","Microsoft.PowerShell.Core\FileSystem","False","-a---","-a---","PXL_20250512_130541676.TS","C:\GitRepos\alisoncreations\resources\videos\PXL_20250512_130541676.TS.mp4",,,"PXL_20250512_130541676.TS.mp4",,,"True","C:\GitRepos\alisoncreations\resources\videos\PXL_20250512_130541676.TS.mp4",".mp4","24/09/2025 22:25:58","24/09/2025 21:25:58","24/09/2025 22:26:00","24/09/2025 21:26:00","24/09/2025 22:26:00","24/09/2025 21:26:00",,"-1","Archive"
"Microsoft.PowerShell.Core\FileSystem::C:\GitRepos\alisoncreations\resources\videos\raindeer mix.mp4","Microsoft.PowerShell.Core\FileSystem::C:\GitRepos\alisoncreations\resources\videos","raindeer mix.mp4","C","Microsoft.PowerShell.Core\FileSystem","False","-a---","-a---","raindeer mix","C:\GitRepos\alisoncreations\resources\videos\raindeer mix.mp4",,,"raindeer mix.mp4",,,"True","C:\GitRepos\alisoncreations\resources\videos\raindeer mix.mp4",".mp4","24/09/2025 22:26:01","24/09/2025 21:26:01","24/09/2025 22:26:03","24/09/2025 21:26:03","24/09/2025 22:26:03","24/09/2025 21:26:03",,"-1","Archive"
"Microsoft.PowerShell.Core\FileSystem::C:\GitRepos\alisoncreations\resources\videos\Rose teddy mix.mp4","Microsoft.PowerShell.Core\FileSystem::C:\GitRepos\alisoncreations\resources\videos","Rose teddy mix.mp4","C","Microsoft.PowerShell.Core\FileSystem","False","-a---","-a---","Rose teddy mix","C:\GitRepos\alisoncreations\resources\videos\Rose teddy mix.mp4",,,"Rose teddy mix.mp4",,,"True","C:\GitRepos\alisoncreations\resources\videos\Rose teddy mix.mp4",".mp4","24/09/2025 22:26:04","24/09/2025 21:26:04","24/09/2025 22:26:06","24/09/2025 21:26:06","24/09/2025 22:26:06","24/09/2025 21:26:06",,"-1","Archive"
"Microsoft.PowerShell.Core\FileSystem::C:\GitRepos\alisoncreations\resources\videos\Set of 2 houses with flowers white.mp4","Microsoft.PowerShell.Core\FileSystem::C:\GitRepos\alisoncreations\resources\videos","Set of 2 houses with flowers white.mp4","C","Microsoft.PowerShell.Core\FileSystem","False","-a---","-a---","Set of 2 houses with flowers white","C:\GitRepos\alisoncreations\resources\videos\Set of 2 houses with flowers white.mp4",,,"Set of 2 houses with flowers white.mp4",,,"True","C:\GitRepos\alisoncreations\resources\videos\Set of 2 houses with flowers white.mp4",".mp4","24/09/2025 22:26:07","24/09/2025 21:26:07","24/09/2025 22:26:09","24/09/2025 21:26:09","24/09/2025 22:26:09","24/09/2025 21:26:09",,"-1","Archive"
"Microsoft.PowerShell.Core\FileSystem::C:\GitRepos\alisoncreations\resources\videos\Set of 3 bunnys mix.mp4","Microsoft.PowerShell.Core\FileSystem::C:\GitRepos\alisoncreations\resources\videos","Set of 3 bunnys mix.mp4","C","Microsoft.PowerShell.Core\FileSystem","False","-a---","-a---","Set of 3 bunnys mix","C:\GitRepos\alisoncreations\resources\videos\Set of 3 bunnys mix.mp4",,,"Set of 3 bunnys mix.mp4",,,"True","C:\GitRepos\alisoncreations\resources\videos\Set of 3 bunnys mix.mp4",".mp4","24/09/2025 22:26:10","24/09/2025 21:26:10","24/09/2025 22:26:12","24/09/2025 21:26:12","24/09/2025 22:26:12","24/09/2025 21:26:12",,"-1","Archive"
"Microsoft.PowerShell.Core\FileSystem::C:\GitRepos\alisoncreations\resources\videos\Set of 3 flower vases set 1.mp4","Microsoft.PowerShell.Core\FileSystem::C:\GitRepos\alisoncreations\resources\videos","Set of 3 flower vases set 1.mp4","C","Microsoft.PowerShell.Core\FileSystem","False","-a---","-a---","Set of 3 flower vases set 1","C:\GitRepos\alisoncreations\resources\videos\Set of 3 flower vases set 1.mp4",,,"Set of 3 flower vases set 1.mp4",,,"True","C:\GitRepos\alisoncreations\resources\videos\Set of 3 flower vases set 1.mp4",".mp4","24/09/2025 22:26:12","24/09/2025 21:26:12","24/09/2025 22:26:15","24/09/2025 21:26:15","24/09/2025 22:26:15","24/09/2025 21:26:15",,"-1","Archive"
"Microsoft.PowerShell.Core\FileSystem::C:\GitRepos\alisoncreations\resources\videos\Set of five mushroons.mp4","Microsoft.PowerShell.Core\FileSystem::C:\GitRepos\alisoncreations\resources\videos","Set of five mushroons.mp4","C","Microsoft.PowerShell.Core\FileSystem","False","-a---","-a---","Set of five mushroons","C:\GitRepos\alisoncreations\resources\videos\Set of five mushroons.mp4",,,"Set of five mushroons.mp4",,,"True","C:\GitRepos\alisoncreations\resources\videos\Set of five mushroons.mp4",".mp4","24/09/2025 22:26:15","24/09/2025 21:26:15","24/09/2025 22:26:18","24/09/2025 21:26:18","24/09/2025 22:26:18","24/09/2025 21:26:18",,"-1","Archive"
"Microsoft.PowerShell.Core\FileSystem::C:\GitRepos\alisoncreations\resources\videos\Set of three mushroons.mp4","Microsoft.PowerShell.Core\FileSystem::C:\GitRepos\alisoncreations\resources\videos","Set of three mushroons.mp4","C","Microsoft.PowerShell.Core\FileSystem","False","-a---","-a---","Set of three mushroons","C:\GitRepos\alisoncreations\resources\videos\Set of three mushroons.mp4",,,"Set of three mushroons.mp4",,,"True","C:\GitRepos\alisoncreations\resources\videos\Set of three mushroons.mp4",".mp4","24/09/2025 22:26:18","24/09/2025 21:26:18","24/09/2025 22:26:21","24/09/2025 21:26:21","24/09/2025 22:26:21","24/09/2025 21:26:21",,"-1","Archive"
"Microsoft.PowerShell.Core\FileSystem::C:\GitRepos\alisoncreations\resources\videos\Set of two Gnome.mp4","Microsoft.PowerShell.Core\FileSystem::C:\GitRepos\alisoncreations\resources\videos","Set of two Gnome.mp4","C","Microsoft.PowerShell.Core\FileSystem","False","-a---","-a---","Set of two Gnome","C:\GitRepos\alisoncreations\resources\videos\Set of two Gnome.mp4",,,"Set of two Gnome.mp4",,,"True","C:\GitRepos\alisoncreations\resources\videos\Set of two Gnome.mp4",".mp4","24/09/2025 22:26:21","24/09/2025 21:26:21","24/09/2025 22:26:24","24/09/2025 21:26:24","24/09/2025 22:26:24","24/09/2025 21:26:24",,"-1","Archive"
"Microsoft.PowerShell.Core\FileSystem::C:\GitRepos\alisoncreations\resources\videos\Sets of Balloon Teddy mix.mp4","Microsoft.PowerShell.Core\FileSystem::C:\GitRepos\alisoncreations\resources\videos","Sets of Balloon Teddy mix.mp4","C","Microsoft.PowerShell.Core\FileSystem","False","-a---","-a---","Sets of Balloon Teddy mix","C:\GitRepos\alisoncreations\resources\videos\Sets of Balloon Teddy mix.mp4",,,"Sets of Balloon Teddy mix.mp4",,,"True","C:\GitRepos\alisoncreations\resources\videos\Sets of Balloon Teddy mix.mp4",".mp4","24/09/2025 22:26:25","24/09/2025 21:26:25","24/09/2025 22:26:27","24/09/2025 21:26:27","24/09/2025 22:26:27","24/09/2025 21:26:27",,"-1","Archive"
"Microsoft.PowerShell.Core\FileSystem::C:\GitRepos\alisoncreations\resources\videos\Sitting Angel.mp4","Microsoft.PowerShell.Core\FileSystem::C:\GitRepos\alisoncreations\resources\videos","Sitting Angel.mp4","C","Microsoft.PowerShell.Core\FileSystem","False","-a---","-a---","Sitting Angel","C:\GitRepos\alisoncreations\resources\videos\Sitting Angel.mp4",,,"Sitting Angel.mp4",,,"True","C:\GitRepos\alisoncreations\resources\videos\Sitting Angel.mp4",".mp4","24/09/2025 22:26:28","24/09/2025 21:26:28","24/09/2025 22:26:30","24/09/2025 21:26:30","24/09/2025 22:26:30","24/09/2025 21:26:30",,"-1","Archive"
"Microsoft.PowerShell.Core\FileSystem::C:\GitRepos\alisoncreations\resources\videos\Sitting teddy small mix.mp4","Microsoft.PowerShell.Core\FileSystem::C:\GitRepos\alisoncreations\resources\videos","Sitting teddy small mix.mp4","C","Microsoft.PowerShell.Core\FileSystem","False","-a---","-a---","Sitting teddy small mix","C:\GitRepos\alisoncreations\resources\videos\Sitting teddy small mix.mp4",,,"Sitting teddy small mix.mp4",,,"True","C:\GitRepos\alisoncreations\resources\videos\Sitting teddy small mix.mp4",".mp4","24/09/2025 22:26:31","24/09/2025 21:26:31","24/09/2025 22:26:33","24/09/2025 21:26:33","24/09/2025 22:26:33","24/09/2025 21:26:33",,"-1","Archive"
"Microsoft.PowerShell.Core\FileSystem::C:\GitRepos\alisoncreations\resources\videos\Snow scene mix.mp4","Microsoft.PowerShell.Core\FileSystem::C:\GitRepos\alisoncreations\resources\videos","Snow scene mix.mp4","C","Microsoft.PowerShell.Core\FileSystem","False","-a---","-a---","Snow scene mix","C:\GitRepos\alisoncreations\resources\videos\Snow scene mix.mp4",,,"Snow scene mix.mp4",,,"True","C:\GitRepos\alisoncreations\resources\videos\Snow scene mix.mp4",".mp4","24/09/2025 22:26:34","24/09/2025 21:26:34","24/09/2025 22:26:35","24/09/2025 21:26:35","24/09/2025 22:26:35","24/09/2025 21:26:35",,"-1","Archive"
"Microsoft.PowerShell.Core\FileSystem::C:\GitRepos\alisoncreations\resources\videos\Teddy on bench mix.mp4","Microsoft.PowerShell.Core\FileSystem::C:\GitRepos\alisoncreations\resources\videos","Teddy on bench mix.mp4","C","Microsoft.PowerShell.Core\FileSystem","False","-a---","-a---","Teddy on bench mix","C:\GitRepos\alisoncreations\resources\videos\Teddy on bench mix.mp4",,,"Teddy on bench mix.mp4",,,"True","C:\GitRepos\alisoncreations\resources\videos\Teddy on bench mix.mp4",".mp4","24/09/2025 22:26:36","24/09/2025 21:26:36","24/09/2025 22:26:38","24/09/2025 21:26:38","24/09/2025 22:26:38","24/09/2025 21:26:38",,"-1","Archive"
"Microsoft.PowerShell.Core\FileSystem::C:\GitRepos\alisoncreations\resources\videos\Teddy on heart Bench with flower.mp4","Microsoft.PowerShell.Core\FileSystem::C:\GitRepos\alisoncreations\resources\videos","Teddy on heart Bench with flower.mp4","C","Microsoft.PowerShell.Core\FileSystem","False","-a---","-a---","Teddy on heart Bench with flower","C:\GitRepos\alisoncreations\resources\videos\Teddy on heart Bench with flower.mp4",,,"Teddy on heart Bench with flower.mp4",,,"True","C:\GitRepos\alisoncreations\resources\videos\Teddy on heart Bench with flower.mp4",".mp4","24/09/2025 22:26:39","24/09/2025 21:26:39","24/09/2025 22:26:41","24/09/2025 21:26:41","24/09/2025 22:26:41","24/09/2025 21:26:41",,"-1","Archive"
"Microsoft.PowerShell.Core\FileSystem::C:\GitRepos\alisoncreations\resources\videos\Teddy on Star Bench with flower.mp4","Microsoft.PowerShell.Core\FileSystem::C:\GitRepos\alisoncreations\resources\videos","Teddy on Star Bench with flower.mp4","C","Microsoft.PowerShell.Core\FileSystem","False","-a---","-a---","Teddy on Star Bench with flower","C:\GitRepos\alisoncreations\resources\videos\Teddy on Star Bench with flower.mp4",,,"Teddy on Star Bench with flower.mp4",,,"True","C:\GitRepos\alisoncreations\resources\videos\Teddy on Star Bench with flower.mp4",".mp4","24/09/2025 22:26:42","24/09/2025 21:26:42","24/09/2025 22:26:44","24/09/2025 21:26:44","24/09/2025 22:26:44","24/09/2025 21:26:44",,"-1","Archive"
"Microsoft.PowerShell.Core\FileSystem::C:\GitRepos\alisoncreations\resources\videos\Teddy's with crystals blue.mp4","Microsoft.PowerShell.Core\FileSystem::C:\GitRepos\alisoncreations\resources\videos","Teddy's with crystals blue.mp4","C","Microsoft.PowerShell.Core\FileSystem","False","-a---","-a---","Teddy's with crystals blue","C:\GitRepos\alisoncreations\resources\videos\Teddy's with crystals blue.mp4",,,"Teddy's with crystals blue.mp4",,,"True","C:\GitRepos\alisoncreations\resources\videos\Teddy's with crystals blue.mp4",".mp4","24/09/2025 22:26:45","24/09/2025 21:26:45","24/09/2025 22:26:47","24/09/2025 21:26:47","24/09/2025 22:26:47","24/09/2025 21:26:47",,"-1","Archive"
"Microsoft.PowerShell.Core\FileSystem::C:\GitRepos\alisoncreations\resources\videos\Teddy's with crystals pink.mp4","Microsoft.PowerShell.Core\FileSystem::C:\GitRepos\alisoncreations\resources\videos","Teddy's with crystals pink.mp4","C","Microsoft.PowerShell.Core\FileSystem","False","-a---","-a---","Teddy's with crystals pink","C:\GitRepos\alisoncreations\resources\videos\Teddy's with crystals pink.mp4",,,"Teddy's with crystals pink.mp4",,,"True","C:\GitRepos\alisoncreations\resources\videos\Teddy's with crystals pink.mp4",".mp4","24/09/2025 22:26:48","24/09/2025 21:26:48","24/09/2025 22:26:50","24/09/2025 21:26:50","24/09/2025 22:26:50","24/09/2025 21:26:50",,"-1","Archive"
"Microsoft.PowerShell.Core\FileSystem::C:\GitRepos\alisoncreations\resources\videos\Tents with candel light mix (2).mp4","Microsoft.PowerShell.Core\FileSystem::C:\GitRepos\alisoncreations\resources\videos","Tents with candel light mix (2).mp4","C","Microsoft.PowerShell.Core\FileSystem","False","-a---","-a---","Tents with candel light mix (2)","C:\GitRepos\alisoncreations\resources\videos\Tents with candel light mix (2).mp4",,,"Tents with candel light mix (2).mp4",,,"True","C:\GitRepos\alisoncreations\resources\videos\Tents with candel light mix (2).mp4",".mp4","24/09/2025 22:26:51","24/09/2025 21:26:51","24/09/2025 22:26:53","24/09/2025 21:26:53","24/09/2025 22:26:53","24/09/2025 21:26:53",,"-1","Archive"
"Microsoft.PowerShell.Core\FileSystem::C:\GitRepos\alisoncreations\resources\videos\Tents with candel light mix.mp4","Microsoft.PowerShell.Core\FileSystem::C:\GitRepos\alisoncreations\resources\videos","Tents with candel light mix.mp4","C","Microsoft.PowerShell.Core\FileSystem","False","-a---","-a---","Tents with candel light mix","C:\GitRepos\alisoncreations\resources\videos\Tents with candel light mix.mp4",,,"Tents with candel light mix.mp4",,,"True","C:\GitRepos\alisoncreations\resources\videos\Tents with candel light mix.mp4",".mp4","24/09/2025 22:26:53","24/09/2025 21:26:53","24/09/2025 22:26:54","24/09/2025 21:26:54","24/09/2025 22:26:54","24/09/2025 21:26:54",,"-1","Archive"
"Microsoft.PowerShell.Core\FileSystem::C:\GitRepos\alisoncreations\resources\videos\Tents with candel light pink.mp4","Microsoft.PowerShell.Core\FileSystem::C:\GitRepos\alisoncreations\resources\videos","Tents with candel light pink.mp4","C","Microsoft.PowerShell.Core\FileSystem","False","-a---","-a---","Tents with candel light pink","C:\GitRepos\alisoncreations\resources\videos\Tents with candel light pink.mp4",,,"Tents with candel light pink.mp4",,,"True","C:\GitRepos\alisoncreations\resources\videos\Tents with candel light pink.mp4",".mp4","24/09/2025 22:26:55","24/09/2025 21:26:55","24/09/2025 22:26:57","24/09/2025 21:26:57","24/09/2025 22:26:57","24/09/2025 21:26:57",,"-1","Archive"
"Microsoft.PowerShell.Core\FileSystem::C:\GitRepos\alisoncreations\resources\videos\Unicorn-Teddy set.mp4","Microsoft.PowerShell.Core\FileSystem::C:\GitRepos\alisoncreations\resources\videos","Unicorn-Teddy set.mp4","C","Microsoft.PowerShell.Core\FileSystem","False","-a---","-a---","Unicorn-Teddy set","C:\GitRepos\alisoncreations\resources\videos\Unicorn-Teddy set.mp4",,,"Unicorn-Teddy set.mp4",,,"True","C:\GitRepos\alisoncreations\resources\videos\Unicorn-Teddy set.mp4",".mp4","24/09/2025 22:26:57","24/09/2025 21:26:57","24/09/2025 22:26:59","24/09/2025 21:26:59","24/09/2025 22:26:59","24/09/2025 21:26:59",,"-1","Archive"
"Microsoft.PowerShell.Core\FileSystem::C:\GitRepos\alisoncreations\resources\videos\Unicorn-Teddy- Star set.mp4","Microsoft.PowerShell.Core\FileSystem::C:\GitRepos\alisoncreations\resources\videos","Unicorn-Teddy- Star set.mp4","C","Microsoft.PowerShell.Core\FileSystem","False","-a---","-a---","Unicorn-Teddy- Star set","C:\GitRepos\alisoncreations\resources\videos\Unicorn-Teddy- Star set.mp4",,,"Unicorn-Teddy- Star set.mp4",,,"True","C:\GitRepos\alisoncreations\resources\videos\Unicorn-Teddy- Star set.mp4",".mp4","24/09/2025 22:27:00","24/09/2025 21:27:00","24/09/2025 22:27:02","24/09/2025 21:27:02","24/09/2025 22:27:02","24/09/2025 21:27:02",,"-1","Archive"
"Microsoft.PowerShell.Core\FileSystem::C:\GitRepos\alisoncreations\resources\videos\Wooden house scene mix.mp4","Microsoft.PowerShell.Core\FileSystem::C:\GitRepos\alisoncreations\resources\videos","Wooden house scene mix.mp4","C","Microsoft.PowerShell.Core\FileSystem","False","-a---","-a---","Wooden house scene mix","C:\GitRepos\alisoncreations\resources\videos\Wooden house scene mix.mp4",,,"Wooden house scene mix.mp4",,,"True","C:\GitRepos\alisoncreations\resources\videos\Wooden house scene mix.mp4",".mp4","24/09/2025 22:27:03","24/09/2025 21:27:03","24/09/2025 22:27:05","24/09/2025 21:27:05","24/09/2025 22:27:05","24/09/2025 21:27:05",,"-1","Archive"
