"PSPath","PSParentPath","PSChildName","PSDrive","PSProvider","PSIsContainer","Mode","ModeWithoutHardLink","BaseName","ResolvedTarget","Target","LinkType","Name","Parent","Root","Exists","FullName","Extension","CreationTime","CreationTimeUtc","LastAccessTime","LastAccessTimeUtc","LastWriteTime","LastWriteTimeUtc","LinkTarget","UnixFileMode","Attributes"
"Microsoft.PowerShell.Core\FileSystem::C:\GitRepos\alisoncreations\resources\images","Microsoft.PowerShell.Core\FileSystem::C:\GitRepos\alisoncreations\resources","images","C","Microsoft.PowerShell.Core\FileSystem","True","d----","d----","images","C:\GitRepos\alisoncreations\resources\images",,,"images","C:\GitRepos\alisoncreations\resources","C:\","True","C:\GitRepos\alisoncreations\resources\images","","19/09/2025 13:14:03","19/09/2025 12:14:03","05/10/2025 00:15:34","04/10/2025 23:15:34","05/10/2025 00:15:34","04/10/2025 23:15:34",,"-1","Directory"
"Microsoft.PowerShell.Core\FileSystem::C:\GitRepos\alisoncreations\resources\videos","Microsoft.PowerShell.Core\FileSystem::C:\GitRepos\alisoncreations\resources","videos","C","Microsoft.PowerShell.Core\FileSystem","True","d----","d----","videos","C:\GitRepos\alisoncreations\resources\videos",,,"videos","C:\GitRepos\alisoncreations\resources","C:\","True","C:\GitRepos\alisoncreations\resources\videos","","24/09/2025 22:17:55","24/09/2025 21:17:55","04/10/2025 23:27:42","04/10/2025 22:27:42","24/09/2025 22:27:03","24/09/2025 21:27:03",,"-1","Directory"
"Microsoft.PowerShell.Core\FileSystem::C:\GitRepos\alisoncreations\resources\ARCfiles.csv","Microsoft.PowerShell.Core\FileSystem::C:\GitRepos\alisoncreations\resources","ARCfiles.csv","C","Microsoft.PowerShell.Core\FileSystem","False","-a---","-a---","ARCfiles","C:\GitRepos\alisoncreations\resources\ARCfiles.csv",,,"ARCfiles.csv",,,"True","C:\GitRepos\alisoncreations\resources\ARCfiles.csv",".csv","04/10/2025 23:47:26","04/10/2025 22:47:26","04/10/2025 23:47:26","04/10/2025 22:47:26","04/10/2025 23:39:28","04/10/2025 22:39:28",,"-1","Archive"
"Microsoft.PowerShell.Core\FileSystem::C:\GitRepos\alisoncreations\resources\WebsiteNotes.md","Microsoft.PowerShell.Core\FileSystem::C:\GitRepos\alisoncreations\resources","WebsiteNotes.md","C","Microsoft.PowerShell.Core\FileSystem","False","-a---","-a---","WebsiteNotes","C:\GitRepos\alisoncreations\resources\WebsiteNotes.md",,,"WebsiteNotes.md",,,"True","C:\GitRepos\alisoncreations\resources\WebsiteNotes.md",".md","19/09/2025 13:14:03","19/09/2025 12:14:03","04/10/2025 23:36:52","04/10/2025 22:36:52","19/09/2025 13:14:03","19/09/2025 12:14:03",,"-1","Archive"
"Microsoft.PowerShell.Core\FileSystem::C:\GitRepos\alisoncreations\resources\images\balloon-teddy-set-pink.jpg","Microsoft.PowerShell.Core\FileSystem::C:\GitRepos\alisoncreations\resources\images","balloon-teddy-set-pink.jpg","C","Microsoft.PowerShell.Core\FileSystem","False","-a---","-a---","balloon-teddy-set-pink","C:\GitRepos\alisoncreations\resources\images\balloon-teddy-set-pink.jpg",,,"balloon-teddy-set-pink.jpg",,,"True","C:\GitRepos\alisoncreations\resources\images\balloon-teddy-set-pink.jpg",".jpg","19/09/2025 13:15:13","19/09/2025 12:15:13","05/10/2025 00:12:11","04/10/2025 23:12:11","15/06/2025 14:09:22","15/06/2025 13:09:22",,"-1","Archive"
"Microsoft.PowerShell.Core\FileSystem::C:\GitRepos\alisoncreations\resources\images\balloon-teddy-set-white.jpg","Microsoft.PowerShell.Core\FileSystem::C:\GitRepos\alisoncreations\resources\images","balloon-teddy-set-white.jpg","C","Microsoft.PowerShell.Core\FileSystem","False","-a---","-a---","balloon-teddy-set-white","C:\GitRepos\alisoncreations\resources\images\balloon-teddy-set-white.jpg",,,"balloon-teddy-set-white.jpg",,,"True","C:\GitRepos\alisoncreations\resources\images\balloon-teddy-set-white.jpg",".jpg","19/09/2025 13:15:13","19/09/2025 12:15:13","05/10/2025 00:12:11","04/10/2025 23:12:11","15/06/2025 14:09:24","15/06/2025 13:09:24",,"-1","Archive"
"Microsoft.PowerShell.Core\FileSystem::C:\GitRepos\alisoncreations\resources\images\balloon-teddy-set-yellow.jpg","Microsoft.PowerShell.Core\FileSystem::C:\GitRepos\alisoncreations\resources\images","balloon-teddy-set-yellow.jpg","C","Microsoft.PowerShell.Core\FileSystem","False","-a---","-a---","balloon-teddy-set-yellow","C:\GitRepos\alisoncreations\resources\images\balloon-teddy-set-yellow.jpg",,,"balloon-teddy-set-yellow.jpg",,,"True","C:\GitRepos\alisoncreations\resources\images\balloon-teddy-set-yellow.jpg",".jpg","19/09/2025 13:15:13","19/09/2025 12:15:13","05/10/2025 00:12:11","04/10/2025 23:12:11","15/06/2025 14:09:25","15/06/2025 13:09:25",,"-1","Archive"
"Microsoft.PowerShell.Core\FileSystem::C:\GitRepos\alisoncreations\resources\images\big-coloured-light-up-house-scene.jpg","Microsoft.PowerShell.Core\FileSystem::C:\GitRepos\alisoncreations\resources\images","big-coloured-light-up-house-scene.jpg","C","Microsoft.PowerShell.Core\FileSystem","False","-a---","-a---","big-coloured-light-up-house-scene","C:\GitRepos\alisoncreations\resources\images\big-coloured-light-up-house-scene.jpg",,,"big-coloured-light-up-house-scene.jpg",,,"True","C:\GitRepos\alisoncreations\resources\images\big-coloured-light-up-house-scene.jpg",".jpg","19/09/2025 13:15:13","19/09/2025 12:15:13","05/10/2025 00:12:11","04/10/2025 23:12:11","15/06/2025 14:09:23","15/06/2025 13:09:23",,"-1","Archive"
"Microsoft.PowerShell.Core\FileSystem::C:\GitRepos\alisoncreations\resources\images\big-house-scene-(2).jpg","Microsoft.PowerShell.Core\FileSystem::C:\GitRepos\alisoncreations\resources\images","big-house-scene-(2).jpg","C","Microsoft.PowerShell.Core\FileSystem","False","-a---","-a---","big-house-scene-(2)","C:\GitRepos\alisoncreations\resources\images\big-house-scene-(2).jpg",,,"big-house-scene-(2).jpg",,,"True","C:\GitRepos\alisoncreations\resources\images\big-house-scene-(2).jpg",".jpg","19/09/2025 13:15:13","19/09/2025 12:15:13","05/10/2025 00:12:11","04/10/2025 23:12:11","15/06/2025 14:09:17","15/06/2025 13:09:17",,"-1","Archive"
"Microsoft.PowerShell.Core\FileSystem::C:\GitRepos\alisoncreations\resources\images\big-house-scene.jpg","Microsoft.PowerShell.Core\FileSystem::C:\GitRepos\alisoncreations\resources\images","big-house-scene.jpg","C","Microsoft.PowerShell.Core\FileSystem","False","-a---","-a---","big-house-scene","C:\GitRepos\alisoncreations\resources\images\big-house-scene.jpg",,,"big-house-scene.jpg",,,"True","C:\GitRepos\alisoncreations\resources\images\big-house-scene.jpg",".jpg","19/09/2025 13:15:13","19/09/2025 12:15:13","05/10/2025 00:12:11","04/10/2025 23:12:11","15/06/2025 14:09:25","15/06/2025 13:09:25",,"-1","Archive"
"Microsoft.PowerShell.Core\FileSystem::C:\GitRepos\alisoncreations\resources\images\big-light-up-house-scene.jpg","Microsoft.PowerShell.Core\FileSystem::C:\GitRepos\alisoncreations\resources\images","big-light-up-house-scene.jpg","C","Microsoft.PowerShell.Core\FileSystem","False","-a---","-a---","big-light-up-house-scene","C:\GitRepos\alisoncreations\resources\images\big-light-up-house-scene.jpg",,,"big-light-up-house-scene.jpg",,,"True","C:\GitRepos\alisoncreations\resources\images\big-light-up-house-scene.jpg",".jpg","19/09/2025 13:15:13","19/09/2025 12:15:13","05/10/2025 00:12:11","04/10/2025 23:12:11","15/06/2025 14:09:26","15/06/2025 13:09:26",,"-1","Archive"
"Microsoft.PowerShell.Core\FileSystem::C:\GitRepos\alisoncreations\resources\images\birds-in-house-white.jpg","Microsoft.PowerShell.Core\FileSystem::C:\GitRepos\alisoncreations\resources\images","birds-in-house-white.jpg","C","Microsoft.PowerShell.Core\FileSystem","False","-a---","-a---","birds-in-house-white","C:\GitRepos\alisoncreations\resources\images\birds-in-house-white.jpg",,,"birds-in-house-white.jpg",,,"True","C:\GitRepos\alisoncreations\resources\images\birds-in-house-white.jpg",".jpg","19/09/2025 13:15:13","19/09/2025 12:15:13","05/10/2025 00:12:11","04/10/2025 23:12:11","15/06/2025 14:08:56","15/06/2025 13:08:56",,"-1","Archive"
"Microsoft.PowerShell.Core\FileSystem::C:\GitRepos\alisoncreations\resources\images\birds-on-branch-.jpg","Microsoft.PowerShell.Core\FileSystem::C:\GitRepos\alisoncreations\resources\images","birds-on-branch-.jpg","C","Microsoft.PowerShell.Core\FileSystem","False","-a---","-a---","birds-on-branch-","C:\GitRepos\alisoncreations\resources\images\birds-on-branch-.jpg",,,"birds-on-branch-.jpg",,,"True","C:\GitRepos\alisoncreations\resources\images\birds-on-branch-.jpg",".jpg","19/09/2025 13:15:13","19/09/2025 12:15:13","05/10/2025 00:12:11","04/10/2025 23:12:11","01/06/2025 17:10:12","01/06/2025 16:10:12",,"-1","Archive"
"Microsoft.PowerShell.Core\FileSystem::C:\GitRepos\alisoncreations\resources\images\birds-white-in-circle.jpg","Microsoft.PowerShell.Core\FileSystem::C:\GitRepos\alisoncreations\resources\images","birds-white-in-circle.jpg","C","Microsoft.PowerShell.Core\FileSystem","False","-a---","-a---","birds-white-in-circle","C:\GitRepos\alisoncreations\resources\images\birds-white-in-circle.jpg",,,"birds-white-in-circle.jpg",,,"True","C:\GitRepos\alisoncreations\resources\images\birds-white-in-circle.jpg",".jpg","19/09/2025 13:15:13","19/09/2025 12:15:13","05/10/2025 00:12:11","04/10/2025 23:12:11","15/06/2025 14:08:10","15/06/2025 13:08:10",,"-1","Archive"
"Microsoft.PowerShell.Core\FileSystem::C:\GitRepos\alisoncreations\resources\images\blue-frog-(2).jpg","Microsoft.PowerShell.Core\FileSystem::C:\GitRepos\alisoncreations\resources\images","blue-frog-(2).jpg","C","Microsoft.PowerShell.Core\FileSystem","False","-a---","-a---","blue-frog-(2)","C:\GitRepos\alisoncreations\resources\images\blue-frog-(2).jpg",,,"blue-frog-(2).jpg",,,"True","C:\GitRepos\alisoncreations\resources\images\blue-frog-(2).jpg",".jpg","19/09/2025 13:15:13","19/09/2025 12:15:13","05/10/2025 00:12:11","04/10/2025 23:12:11","15/06/2025 14:08:56","15/06/2025 13:08:56",,"-1","Archive"
"Microsoft.PowerShell.Core\FileSystem::C:\GitRepos\alisoncreations\resources\images\blue-frog.jpg","Microsoft.PowerShell.Core\FileSystem::C:\GitRepos\alisoncreations\resources\images","blue-frog.jpg","C","Microsoft.PowerShell.Core\FileSystem","False","-a---","-a---","blue-frog","C:\GitRepos\alisoncreations\resources\images\blue-frog.jpg",,,"blue-frog.jpg",,,"True","C:\GitRepos\alisoncreations\resources\images\blue-frog.jpg",".jpg","19/09/2025 13:15:13","19/09/2025 12:15:13","05/10/2025 00:12:11","04/10/2025 23:12:11","15/06/2025 14:08:59","15/06/2025 13:08:59",,"-1","Archive"
"Microsoft.PowerShell.Core\FileSystem::C:\GitRepos\alisoncreations\resources\images\boat-with-flower-anchor-gold-rope.jpg","Microsoft.PowerShell.Core\FileSystem::C:\GitRepos\alisoncreations\resources\images","boat-with-flower-anchor-gold-rope.jpg","C","Microsoft.PowerShell.Core\FileSystem","False","-a---","-a---","boat-with-flower-anchor-gold-rope","C:\GitRepos\alisoncreations\resources\images\boat-with-flower-anchor-gold-rope.jpg",,,"boat-with-flower-anchor-gold-rope.jpg",,,"True","C:\GitRepos\alisoncreations\resources\images\boat-with-flower-anchor-gold-rope.jpg",".jpg","19/09/2025 13:15:13","19/09/2025 12:15:13","05/10/2025 00:12:11","04/10/2025 23:12:11","08/06/2025 11:41:07","08/06/2025 10:41:07",,"-1","Archive"
"Microsoft.PowerShell.Core\FileSystem::C:\GitRepos\alisoncreations\resources\images\boat-with-flower-anchor-white.jpg","Microsoft.PowerShell.Core\FileSystem::C:\GitRepos\alisoncreations\resources\images","boat-with-flower-anchor-white.jpg","C","Microsoft.PowerShell.Core\FileSystem","False","-a---","-a---","boat-with-flower-anchor-white","C:\GitRepos\alisoncreations\resources\images\boat-with-flower-anchor-white.jpg",,,"boat-with-flower-anchor-white.jpg",,,"True","C:\GitRepos\alisoncreations\resources\images\boat-with-flower-anchor-white.jpg",".jpg","19/09/2025 13:15:13","19/09/2025 12:15:13","05/10/2025 00:12:11","04/10/2025 23:12:11","08/06/2025 11:41:07","08/06/2025 10:41:07",,"-1","Archive"
"Microsoft.PowerShell.Core\FileSystem::C:\GitRepos\alisoncreations\resources\images\brown-butterfly.jpg","Microsoft.PowerShell.Core\FileSystem::C:\GitRepos\alisoncreations\resources\images","brown-butterfly.jpg","C","Microsoft.PowerShell.Core\FileSystem","False","-a---","-a---","brown-butterfly","C:\GitRepos\alisoncreations\resources\images\brown-butterfly.jpg",,,"brown-butterfly.jpg",,,"True","C:\GitRepos\alisoncreations\resources\images\brown-butterfly.jpg",".jpg","19/09/2025 13:15:13","19/09/2025 12:15:13","05/10/2025 00:12:11","04/10/2025 23:12:11","15/06/2025 14:08:13","15/06/2025 13:08:13",,"-1","Archive"
"Microsoft.PowerShell.Core\FileSystem::C:\GitRepos\alisoncreations\resources\images\Butterfly white quote 2 (2).jpg","Microsoft.PowerShell.Core\FileSystem::C:\GitRepos\alisoncreations\resources\images","Butterfly white quote 2 (2).jpg","C","Microsoft.PowerShell.Core\FileSystem","False","-a---","-a---","Butterfly white quote 2 (2)","C:\GitRepos\alisoncreations\resources\images\Butterfly white quote 2 (2).jpg",,,"Butterfly white quote 2 (2).jpg",,,"True","C:\GitRepos\alisoncreations\resources\images\Butterfly white quote 2 (2).jpg",".jpg","19/09/2025 13:15:13","19/09/2025 12:15:13","05/10/2025 00:11:43","04/10/2025 23:11:43","15/06/2025 14:08:52","15/06/2025 13:08:52",,"-1","Archive"
"Microsoft.PowerShell.Core\FileSystem::C:\GitRepos\alisoncreations\resources\images\butterfly-bday-60-clear.jpg","Microsoft.PowerShell.Core\FileSystem::C:\GitRepos\alisoncreations\resources\images","butterfly-bday-60-clear.jpg","C","Microsoft.PowerShell.Core\FileSystem","False","-a---","-a---","butterfly-bday-60-clear","C:\GitRepos\alisoncreations\resources\images\butterfly-bday-60-clear.jpg",,,"butterfly-bday-60-clear.jpg",,,"True","C:\GitRepos\alisoncreations\resources\images\butterfly-bday-60-clear.jpg",".jpg","19/09/2025 13:15:15","19/09/2025 12:15:15","05/10/2025 00:15:09","04/10/2025 23:15:09","08/06/2025 11:41:08","08/06/2025 10:41:08",,"-1","Archive"
"Microsoft.PowerShell.Core\FileSystem::C:\GitRepos\alisoncreations\resources\images\butterfly-white-quote-1-.jpg","Microsoft.PowerShell.Core\FileSystem::C:\GitRepos\alisoncreations\resources\images","butterfly-white-quote-1-.jpg","C","Microsoft.PowerShell.Core\FileSystem","False","-a---","-a---","butterfly-white-quote-1-","C:\GitRepos\alisoncreations\resources\images\butterfly-white-quote-1-.jpg",,,"butterfly-white-quote-1-.jpg",,,"True","C:\GitRepos\alisoncreations\resources\images\butterfly-white-quote-1-.jpg",".jpg","19/09/2025 13:15:13","19/09/2025 12:15:13","05/10/2025 00:12:11","04/10/2025 23:12:11","08/06/2025 11:41:07","08/06/2025 10:41:07",,"-1","Archive"
"Microsoft.PowerShell.Core\FileSystem::C:\GitRepos\alisoncreations\resources\images\butterfly-white-quote-1.jpg","Microsoft.PowerShell.Core\FileSystem::C:\GitRepos\alisoncreations\resources\images","butterfly-white-quote-1.jpg","C","Microsoft.PowerShell.Core\FileSystem","False","-a---","-a---","butterfly-white-quote-1","C:\GitRepos\alisoncreations\resources\images\butterfly-white-quote-1.jpg",,,"butterfly-white-quote-1.jpg",,,"True","C:\GitRepos\alisoncreations\resources\images\butterfly-white-quote-1.jpg",".jpg","19/09/2025 13:15:13","19/09/2025 12:15:13","05/10/2025 00:12:11","04/10/2025 23:12:11","15/06/2025 14:08:13","15/06/2025 13:08:13",,"-1","Archive"
"Microsoft.PowerShell.Core\FileSystem::C:\GitRepos\alisoncreations\resources\images\butterfly-white-quote-2.jpg","Microsoft.PowerShell.Core\FileSystem::C:\GitRepos\alisoncreations\resources\images","butterfly-white-quote-2.jpg","C","Microsoft.PowerShell.Core\FileSystem","False","-a---","-a---","butterfly-white-quote-2","C:\GitRepos\alisoncreations\resources\images\butterfly-white-quote-2.jpg",,,"butterfly-white-quote-2.jpg",,,"True","C:\GitRepos\alisoncreations\resources\images\butterfly-white-quote-2.jpg",".jpg","19/09/2025 13:15:14","19/09/2025 12:15:14","04/10/2025 23:56:39","04/10/2025 22:56:39","08/06/2025 11:41:07","08/06/2025 10:41:07",,"-1","Archive"
"Microsoft.PowerShell.Core\FileSystem::C:\GitRepos\alisoncreations\resources\images\butterfly-white-quote-3.jpg","Microsoft.PowerShell.Core\FileSystem::C:\GitRepos\alisoncreations\resources\images","butterfly-white-quote-3.jpg","C","Microsoft.PowerShell.Core\FileSystem","False","-a---","-a---","butterfly-white-quote-3","C:\GitRepos\alisoncreations\resources\images\butterfly-white-quote-3.jpg",,,"butterfly-white-quote-3.jpg",,,"True","C:\GitRepos\alisoncreations\resources\images\butterfly-white-quote-3.jpg",".jpg","19/09/2025 13:15:14","19/09/2025 12:15:14","04/10/2025 23:56:39","04/10/2025 22:56:39","15/06/2025 14:08:05","15/06/2025 13:08:05",,"-1","Archive"
"Microsoft.PowerShell.Core\FileSystem::C:\GitRepos\alisoncreations\resources\images\cat-&-dog.jpg","Microsoft.PowerShell.Core\FileSystem::C:\GitRepos\alisoncreations\resources\images","cat-&-dog.jpg","C","Microsoft.PowerShell.Core\FileSystem","False","-a---","-a---","cat-&-dog","C:\GitRepos\alisoncreations\resources\images\cat-&-dog.jpg",,,"cat-&-dog.jpg",,,"True","C:\GitRepos\alisoncreations\resources\images\cat-&-dog.jpg",".jpg","19/09/2025 13:15:14","19/09/2025 12:15:14","04/10/2025 23:56:39","04/10/2025 22:56:39","01/06/2025 17:10:12","01/06/2025 16:10:12",,"-1","Archive"
"Microsoft.PowerShell.Core\FileSystem::C:\GitRepos\alisoncreations\resources\images\cat-brown-white.jpg","Microsoft.PowerShell.Core\FileSystem::C:\GitRepos\alisoncreations\resources\images","cat-brown-white.jpg","C","Microsoft.PowerShell.Core\FileSystem","False","-a---","-a---","cat-brown-white","C:\GitRepos\alisoncreations\resources\images\cat-brown-white.jpg",,,"cat-brown-white.jpg",,,"True","C:\GitRepos\alisoncreations\resources\images\cat-brown-white.jpg",".jpg","19/09/2025 13:15:14","19/09/2025 12:15:14","04/10/2025 23:56:39","04/10/2025 22:56:39","15/06/2025 14:08:44","15/06/2025 13:08:44",,"-1","Archive"
"Microsoft.PowerShell.Core\FileSystem::C:\GitRepos\alisoncreations\resources\images\cat-dark-silver.jpg","Microsoft.PowerShell.Core\FileSystem::C:\GitRepos\alisoncreations\resources\images","cat-dark-silver.jpg","C","Microsoft.PowerShell.Core\FileSystem","False","-a---","-a---","cat-dark-silver","C:\GitRepos\alisoncreations\resources\images\cat-dark-silver.jpg",,,"cat-dark-silver.jpg",,,"True","C:\GitRepos\alisoncreations\resources\images\cat-dark-silver.jpg",".jpg","19/09/2025 13:15:14","19/09/2025 12:15:14","04/10/2025 23:56:39","04/10/2025 22:56:39","15/06/2025 14:08:47","15/06/2025 13:08:47",,"-1","Archive"
"Microsoft.PowerShell.Core\FileSystem::C:\GitRepos\alisoncreations\resources\images\cat-gold-brown.jpg","Microsoft.PowerShell.Core\FileSystem::C:\GitRepos\alisoncreations\resources\images","cat-gold-brown.jpg","C","Microsoft.PowerShell.Core\FileSystem","False","-a---","-a---","cat-gold-brown","C:\GitRepos\alisoncreations\resources\images\cat-gold-brown.jpg",,,"cat-gold-brown.jpg",,,"True","C:\GitRepos\alisoncreations\resources\images\cat-gold-brown.jpg",".jpg","19/09/2025 13:15:14","19/09/2025 12:15:14","04/10/2025 23:56:39","04/10/2025 22:56:39","15/06/2025 14:08:44","15/06/2025 13:08:44",,"-1","Archive"
"Microsoft.PowerShell.Core\FileSystem::C:\GitRepos\alisoncreations\resources\images\cat-jade.jpg","Microsoft.PowerShell.Core\FileSystem::C:\GitRepos\alisoncreations\resources\images","cat-jade.jpg","C","Microsoft.PowerShell.Core\FileSystem","False","-a---","-a---","cat-jade","C:\GitRepos\alisoncreations\resources\images\cat-jade.jpg",,,"cat-jade.jpg",,,"True","C:\GitRepos\alisoncreations\resources\images\cat-jade.jpg",".jpg","19/09/2025 13:15:14","19/09/2025 12:15:14","04/10/2025 23:56:39","04/10/2025 22:56:39","15/06/2025 14:08:46","15/06/2025 13:08:46",,"-1","Archive"
"Microsoft.PowerShell.Core\FileSystem::C:\GitRepos\alisoncreations\resources\images\cat-orange.jpg","Microsoft.PowerShell.Core\FileSystem::C:\GitRepos\alisoncreations\resources\images","cat-orange.jpg","C","Microsoft.PowerShell.Core\FileSystem","False","-a---","-a---","cat-orange","C:\GitRepos\alisoncreations\resources\images\cat-orange.jpg",,,"cat-orange.jpg",,,"True","C:\GitRepos\alisoncreations\resources\images\cat-orange.jpg",".jpg","19/09/2025 13:15:14","19/09/2025 12:15:14","04/10/2025 23:56:39","04/10/2025 22:56:39","15/06/2025 14:09:25","15/06/2025 13:09:25",,"-1","Archive"
"Microsoft.PowerShell.Core\FileSystem::C:\GitRepos\alisoncreations\resources\images\cat-silver.jpg","Microsoft.PowerShell.Core\FileSystem::C:\GitRepos\alisoncreations\resources\images","cat-silver.jpg","C","Microsoft.PowerShell.Core\FileSystem","False","-a---","-a---","cat-silver","C:\GitRepos\alisoncreations\resources\images\cat-silver.jpg",,,"cat-silver.jpg",,,"True","C:\GitRepos\alisoncreations\resources\images\cat-silver.jpg",".jpg","19/09/2025 13:15:14","19/09/2025 12:15:14","04/10/2025 23:56:39","04/10/2025 22:56:39","15/06/2025 14:09:23","15/06/2025 13:09:23",,"-1","Archive"
"Microsoft.PowerShell.Core\FileSystem::C:\GitRepos\alisoncreations\resources\images\christmas-clear-hanging-ornaments.jpg","Microsoft.PowerShell.Core\FileSystem::C:\GitRepos\alisoncreations\resources\images","christmas-clear-hanging-ornaments.jpg","C","Microsoft.PowerShell.Core\FileSystem","False","-a---","-a---","christmas-clear-hanging-ornaments","C:\GitRepos\alisoncreations\resources\images\christmas-clear-hanging-ornaments.jpg",,,"christmas-clear-hanging-ornaments.jpg",,,"True","C:\GitRepos\alisoncreations\resources\images\christmas-clear-hanging-ornaments.jpg",".jpg","19/09/2025 13:15:14","19/09/2025 12:15:14","04/10/2025 23:56:39","04/10/2025 22:56:39","15/06/2025 14:08:59","15/06/2025 13:08:59",,"-1","Archive"
"Microsoft.PowerShell.Core\FileSystem::C:\GitRepos\alisoncreations\resources\images\christmas-scene-2.jpg","Microsoft.PowerShell.Core\FileSystem::C:\GitRepos\alisoncreations\resources\images","christmas-scene-2.jpg","C","Microsoft.PowerShell.Core\FileSystem","False","-a---","-a---","christmas-scene-2","C:\GitRepos\alisoncreations\resources\images\christmas-scene-2.jpg",,,"christmas-scene-2.jpg",,,"True","C:\GitRepos\alisoncreations\resources\images\christmas-scene-2.jpg",".jpg","19/09/2025 13:15:14","19/09/2025 12:15:14","04/10/2025 23:56:39","04/10/2025 22:56:39","15/06/2025 14:08:52","15/06/2025 13:08:52",,"-1","Archive"
"Microsoft.PowerShell.Core\FileSystem::C:\GitRepos\alisoncreations\resources\images\christmas-white-circle-hanging-ornament.jpg","Microsoft.PowerShell.Core\FileSystem::C:\GitRepos\alisoncreations\resources\images","christmas-white-circle-hanging-ornament.jpg","C","Microsoft.PowerShell.Core\FileSystem","False","-a---","-a---","christmas-white-circle-hanging-ornament","C:\GitRepos\alisoncreations\resources\images\christmas-white-circle-hanging-ornament.jpg",,,"christmas-white-circle-hanging-ornament.jpg",,,"True","C:\GitRepos\alisoncreations\resources\images\christmas-white-circle-hanging-ornament.jpg",".jpg","19/09/2025 13:15:14","19/09/2025 12:15:14","04/10/2025 23:56:39","04/10/2025 22:56:39","15/06/2025 14:08:13","15/06/2025 13:08:13",,"-1","Archive"
"Microsoft.PowerShell.Core\FileSystem::C:\GitRepos\alisoncreations\resources\images\christmas-white-hanging-ornament.jpg","Microsoft.PowerShell.Core\FileSystem::C:\GitRepos\alisoncreations\resources\images","christmas-white-hanging-ornament.jpg","C","Microsoft.PowerShell.Core\FileSystem","False","-a---","-a---","christmas-white-hanging-ornament","C:\GitRepos\alisoncreations\resources\images\christmas-white-hanging-ornament.jpg",,,"christmas-white-hanging-ornament.jpg",,,"True","C:\GitRepos\alisoncreations\resources\images\christmas-white-hanging-ornament.jpg",".jpg","19/09/2025 13:15:14","19/09/2025 12:15:14","04/10/2025 23:56:39","04/10/2025 22:56:39","15/06/2025 14:09:24","15/06/2025 13:09:24",,"-1","Archive"
"Microsoft.PowerShell.Core\FileSystem::C:\GitRepos\alisoncreations\resources\images\christmas-white-scene-1.jpg","Microsoft.PowerShell.Core\FileSystem::C:\GitRepos\alisoncreations\resources\images","christmas-white-scene-1.jpg","C","Microsoft.PowerShell.Core\FileSystem","False","-a---","-a---","christmas-white-scene-1","C:\GitRepos\alisoncreations\resources\images\christmas-white-scene-1.jpg",,,"christmas-white-scene-1.jpg",,,"True","C:\GitRepos\alisoncreations\resources\images\christmas-white-scene-1.jpg",".jpg","19/09/2025 13:15:14","19/09/2025 12:15:14","04/10/2025 23:56:39","04/10/2025 22:56:39","15/06/2025 14:08:12","15/06/2025 13:08:12",,"-1","Archive"
"Microsoft.PowerShell.Core\FileSystem::C:\GitRepos\alisoncreations\resources\images\cloud-villiage-with-quote-7.jpg","Microsoft.PowerShell.Core\FileSystem::C:\GitRepos\alisoncreations\resources\images","cloud-villiage-with-quote-7.jpg","C","Microsoft.PowerShell.Core\FileSystem","False","-a---","-a---","cloud-villiage-with-quote-7","C:\GitRepos\alisoncreations\resources\images\cloud-villiage-with-quote-7.jpg",,,"cloud-villiage-with-quote-7.jpg",,,"True","C:\GitRepos\alisoncreations\resources\images\cloud-villiage-with-quote-7.jpg",".jpg","19/09/2025 13:15:14","19/09/2025 12:15:14","04/10/2025 23:56:39","04/10/2025 22:56:39","15/06/2025 14:09:24","15/06/2025 13:09:24",,"-1","Archive"
"Microsoft.PowerShell.Core\FileSystem::C:\GitRepos\alisoncreations\resources\images\dingy-and-anchor-sets-white-rope-(2).jpg","Microsoft.PowerShell.Core\FileSystem::C:\GitRepos\alisoncreations\resources\images","dingy-and-anchor-sets-white-rope-(2).jpg","C","Microsoft.PowerShell.Core\FileSystem","False","-a---","-a---","dingy-and-anchor-sets-white-rope-(2)","C:\GitRepos\alisoncreations\resources\images\dingy-and-anchor-sets-white-rope-(2).jpg",,,"dingy-and-anchor-sets-white-rope-(2).jpg",,,"True","C:\GitRepos\alisoncreations\resources\images\dingy-and-anchor-sets-white-rope-(2).jpg",".jpg","19/09/2025 13:15:14","19/09/2025 12:15:14","04/10/2025 23:56:39","04/10/2025 22:56:39","15/06/2025 14:09:15","15/06/2025 13:09:15",,"-1","Archive"
"Microsoft.PowerShell.Core\FileSystem::C:\GitRepos\alisoncreations\resources\images\dingy-and-anchor-sets-white-rope.jpg","Microsoft.PowerShell.Core\FileSystem::C:\GitRepos\alisoncreations\resources\images","dingy-and-anchor-sets-white-rope.jpg","C","Microsoft.PowerShell.Core\FileSystem","False","-a---","-a---","dingy-and-anchor-sets-white-rope","C:\GitRepos\alisoncreations\resources\images\dingy-and-anchor-sets-white-rope.jpg",,,"dingy-and-anchor-sets-white-rope.jpg",,,"True","C:\GitRepos\alisoncreations\resources\images\dingy-and-anchor-sets-white-rope.jpg",".jpg","19/09/2025 13:15:14","19/09/2025 12:15:14","04/10/2025 23:56:39","04/10/2025 22:56:39","15/06/2025 14:08:59","15/06/2025 13:08:59",,"-1","Archive"
"Microsoft.PowerShell.Core\FileSystem::C:\GitRepos\alisoncreations\resources\images\dingy-and-anchor-sets-with-gold-rope-(2).jpg","Microsoft.PowerShell.Core\FileSystem::C:\GitRepos\alisoncreations\resources\images","dingy-and-anchor-sets-with-gold-rope-(2).jpg","C","Microsoft.PowerShell.Core\FileSystem","False","-a---","-a---","dingy-and-anchor-sets-with-gold-rope-(2)","C:\GitRepos\alisoncreations\resources\images\dingy-and-anchor-sets-with-gold-rope-(2).jpg",,,"dingy-and-anchor-sets-with-gold-rope-(2).jpg",,,"True","C:\GitRepos\alisoncreations\resources\images\dingy-and-anchor-sets-with-gold-rope-(2).jpg",".jpg","19/09/2025 13:15:14","19/09/2025 12:15:14","04/10/2025 23:56:39","04/10/2025 22:56:39","15/06/2025 14:08:58","15/06/2025 13:08:58",,"-1","Archive"
"Microsoft.PowerShell.Core\FileSystem::C:\GitRepos\alisoncreations\resources\images\dingy-and-anchor-sets-with-gold-rope.jpg","Microsoft.PowerShell.Core\FileSystem::C:\GitRepos\alisoncreations\resources\images","dingy-and-anchor-sets-with-gold-rope.jpg","C","Microsoft.PowerShell.Core\FileSystem","False","-a---","-a---","dingy-and-anchor-sets-with-gold-rope","C:\GitRepos\alisoncreations\resources\images\dingy-and-anchor-sets-with-gold-rope.jpg",,,"dingy-and-anchor-sets-with-gold-rope.jpg",,,"True","C:\GitRepos\alisoncreations\resources\images\dingy-and-anchor-sets-with-gold-rope.jpg",".jpg","19/09/2025 13:15:14","19/09/2025 12:15:14","04/10/2025 23:56:39","04/10/2025 22:56:39","15/06/2025 14:09:09","15/06/2025 13:09:09",,"-1","Archive"
"Microsoft.PowerShell.Core\FileSystem::C:\GitRepos\alisoncreations\resources\images\dingy-and-anchor-sets.jpg","Microsoft.PowerShell.Core\FileSystem::C:\GitRepos\alisoncreations\resources\images","dingy-and-anchor-sets.jpg","C","Microsoft.PowerShell.Core\FileSystem","False","-a---","-a---","dingy-and-anchor-sets","C:\GitRepos\alisoncreations\resources\images\dingy-and-anchor-sets.jpg",,,"dingy-and-anchor-sets.jpg",,,"True","C:\GitRepos\alisoncreations\resources\images\dingy-and-anchor-sets.jpg",".jpg","19/09/2025 13:15:14","19/09/2025 12:15:14","04/10/2025 23:56:39","04/10/2025 22:56:39","15/06/2025 14:09:03","15/06/2025 13:09:03",,"-1","Archive"
"Microsoft.PowerShell.Core\FileSystem::C:\GitRepos\alisoncreations\resources\images\dog-&-cat-white.jpg","Microsoft.PowerShell.Core\FileSystem::C:\GitRepos\alisoncreations\resources\images","dog-&-cat-white.jpg","C","Microsoft.PowerShell.Core\FileSystem","False","-a---","-a---","dog-&-cat-white","C:\GitRepos\alisoncreations\resources\images\dog-&-cat-white.jpg",,,"dog-&-cat-white.jpg",,,"True","C:\GitRepos\alisoncreations\resources\images\dog-&-cat-white.jpg",".jpg","19/09/2025 13:15:14","19/09/2025 12:15:14","04/10/2025 23:56:39","04/10/2025 22:56:39","15/06/2025 14:08:56","15/06/2025 13:08:56",,"-1","Archive"
"Microsoft.PowerShell.Core\FileSystem::C:\GitRepos\alisoncreations\resources\images\dragon-fly-with-flowers-clear.jpg","Microsoft.PowerShell.Core\FileSystem::C:\GitRepos\alisoncreations\resources\images","dragon-fly-with-flowers-clear.jpg","C","Microsoft.PowerShell.Core\FileSystem","False","-a---","-a---","dragon-fly-with-flowers-clear","C:\GitRepos\alisoncreations\resources\images\dragon-fly-with-flowers-clear.jpg",,,"dragon-fly-with-flowers-clear.jpg",,,"True","C:\GitRepos\alisoncreations\resources\images\dragon-fly-with-flowers-clear.jpg",".jpg","19/09/2025 13:15:14","19/09/2025 12:15:14","04/10/2025 23:56:39","04/10/2025 22:56:39","01/06/2025 13:36:41","01/06/2025 12:36:41",,"-1","Archive"
"Microsoft.PowerShell.Core\FileSystem::C:\GitRepos\alisoncreations\resources\images\dragon.jpg","Microsoft.PowerShell.Core\FileSystem::C:\GitRepos\alisoncreations\resources\images","dragon.jpg","C","Microsoft.PowerShell.Core\FileSystem","False","-a---","-a---","dragon","C:\GitRepos\alisoncreations\resources\images\dragon.jpg",,,"dragon.jpg",,,"True","C:\GitRepos\alisoncreations\resources\images\dragon.jpg",".jpg","19/09/2025 13:15:14","19/09/2025 12:15:14","04/10/2025 23:56:39","04/10/2025 22:56:39","15/06/2025 14:08:05","15/06/2025 13:08:05",,"-1","Archive"
"Microsoft.PowerShell.Core\FileSystem::C:\GitRepos\alisoncreations\resources\images\dragonfly-plaque-1.jpg","Microsoft.PowerShell.Core\FileSystem::C:\GitRepos\alisoncreations\resources\images","dragonfly-plaque-1.jpg","C","Microsoft.PowerShell.Core\FileSystem","False","-a---","-a---","dragonfly-plaque-1","C:\GitRepos\alisoncreations\resources\images\dragonfly-plaque-1.jpg",,,"dragonfly-plaque-1.jpg",,,"True","C:\GitRepos\alisoncreations\resources\images\dragonfly-plaque-1.jpg",".jpg","19/09/2025 13:15:14","19/09/2025 12:15:14","04/10/2025 23:56:39","04/10/2025 22:56:39","15/06/2025 14:08:13","15/06/2025 13:08:13",,"-1","Archive"
"Microsoft.PowerShell.Core\FileSystem::C:\GitRepos\alisoncreations\resources\images\dragonfly-plaque-2.jpg","Microsoft.PowerShell.Core\FileSystem::C:\GitRepos\alisoncreations\resources\images","dragonfly-plaque-2.jpg","C","Microsoft.PowerShell.Core\FileSystem","False","-a---","-a---","dragonfly-plaque-2","C:\GitRepos\alisoncreations\resources\images\dragonfly-plaque-2.jpg",,,"dragonfly-plaque-2.jpg",,,"True","C:\GitRepos\alisoncreations\resources\images\dragonfly-plaque-2.jpg",".jpg","19/09/2025 13:15:14","19/09/2025 12:15:14","04/10/2025 23:56:39","04/10/2025 22:56:39","15/06/2025 14:08:36","15/06/2025 13:08:36",,"-1","Archive"
"Microsoft.PowerShell.Core\FileSystem::C:\GitRepos\alisoncreations\resources\images\dragonfly-purple.jpg","Microsoft.PowerShell.Core\FileSystem::C:\GitRepos\alisoncreations\resources\images","dragonfly-purple.jpg","C","Microsoft.PowerShell.Core\FileSystem","False","-a---","-a---","dragonfly-purple","C:\GitRepos\alisoncreations\resources\images\dragonfly-purple.jpg",,,"dragonfly-purple.jpg",,,"True","C:\GitRepos\alisoncreations\resources\images\dragonfly-purple.jpg",".jpg","19/09/2025 13:15:14","19/09/2025 12:15:14","04/10/2025 23:56:39","04/10/2025 22:56:39","01/06/2025 13:36:41","01/06/2025 12:36:41",,"-1","Archive"
"Microsoft.PowerShell.Core\FileSystem::C:\GitRepos\alisoncreations\resources\images\dragonfly-red.jpg","Microsoft.PowerShell.Core\FileSystem::C:\GitRepos\alisoncreations\resources\images","dragonfly-red.jpg","C","Microsoft.PowerShell.Core\FileSystem","False","-a---","-a---","dragonfly-red","C:\GitRepos\alisoncreations\resources\images\dragonfly-red.jpg",,,"dragonfly-red.jpg",,,"True","C:\GitRepos\alisoncreations\resources\images\dragonfly-red.jpg",".jpg","19/09/2025 13:15:14","19/09/2025 12:15:14","04/10/2025 23:56:39","04/10/2025 22:56:39","01/06/2025 13:36:41","01/06/2025 12:36:41",,"-1","Archive"
"Microsoft.PowerShell.Core\FileSystem::C:\GitRepos\alisoncreations\resources\images\dragonfly-with-flowers-white-back.jpg","Microsoft.PowerShell.Core\FileSystem::C:\GitRepos\alisoncreations\resources\images","dragonfly-with-flowers-white-back.jpg","C","Microsoft.PowerShell.Core\FileSystem","False","-a---","-a---","dragonfly-with-flowers-white-back","C:\GitRepos\alisoncreations\resources\images\dragonfly-with-flowers-white-back.jpg",,,"dragonfly-with-flowers-white-back.jpg",,,"True","C:\GitRepos\alisoncreations\resources\images\dragonfly-with-flowers-white-back.jpg",".jpg","19/09/2025 13:15:14","19/09/2025 12:15:14","04/10/2025 23:56:39","04/10/2025 22:56:39","01/06/2025 13:36:41","01/06/2025 12:36:41",,"-1","Archive"
"Microsoft.PowerShell.Core\FileSystem::C:\GitRepos\alisoncreations\resources\images\elephant-jade.jpg","Microsoft.PowerShell.Core\FileSystem::C:\GitRepos\alisoncreations\resources\images","elephant-jade.jpg","C","Microsoft.PowerShell.Core\FileSystem","False","-a---","-a---","elephant-jade","C:\GitRepos\alisoncreations\resources\images\elephant-jade.jpg",,,"elephant-jade.jpg",,,"True","C:\GitRepos\alisoncreations\resources\images\elephant-jade.jpg",".jpg","19/09/2025 13:15:14","19/09/2025 12:15:14","04/10/2025 23:56:39","04/10/2025 22:56:39","15/06/2025 14:08:46","15/06/2025 13:08:46",,"-1","Archive"
"Microsoft.PowerShell.Core\FileSystem::C:\GitRepos\alisoncreations\resources\images\elephant-white-green.jpg","Microsoft.PowerShell.Core\FileSystem::C:\GitRepos\alisoncreations\resources\images","elephant-white-green.jpg","C","Microsoft.PowerShell.Core\FileSystem","False","-a---","-a---","elephant-white-green","C:\GitRepos\alisoncreations\resources\images\elephant-white-green.jpg",,,"elephant-white-green.jpg",,,"True","C:\GitRepos\alisoncreations\resources\images\elephant-white-green.jpg",".jpg","19/09/2025 13:15:14","19/09/2025 12:15:14","04/10/2025 23:56:39","04/10/2025 22:56:39","15/06/2025 14:08:52","15/06/2025 13:08:52",,"-1","Archive"
"Microsoft.PowerShell.Core\FileSystem::C:\GitRepos\alisoncreations\resources\images\fairy-cream.jpg","Microsoft.PowerShell.Core\FileSystem::C:\GitRepos\alisoncreations\resources\images","fairy-cream.jpg","C","Microsoft.PowerShell.Core\FileSystem","False","-a---","-a---","fairy-cream","C:\GitRepos\alisoncreations\resources\images\fairy-cream.jpg",,,"fairy-cream.jpg",,,"True","C:\GitRepos\alisoncreations\resources\images\fairy-cream.jpg",".jpg","19/09/2025 13:15:14","19/09/2025 12:15:14","04/10/2025 23:56:39","04/10/2025 22:56:39","15/06/2025 14:08:35","15/06/2025 13:08:35",,"-1","Archive"
"Microsoft.PowerShell.Core\FileSystem::C:\GitRepos\alisoncreations\resources\images\fairy-mauve.jpg","Microsoft.PowerShell.Core\FileSystem::C:\GitRepos\alisoncreations\resources\images","fairy-mauve.jpg","C","Microsoft.PowerShell.Core\FileSystem","False","-a---","-a---","fairy-mauve","C:\GitRepos\alisoncreations\resources\images\fairy-mauve.jpg",,,"fairy-mauve.jpg",,,"True","C:\GitRepos\alisoncreations\resources\images\fairy-mauve.jpg",".jpg","19/09/2025 13:15:14","19/09/2025 12:15:14","04/10/2025 23:56:39","04/10/2025 22:56:39","15/06/2025 14:08:41","15/06/2025 13:08:41",,"-1","Archive"
"Microsoft.PowerShell.Core\FileSystem::C:\GitRepos\alisoncreations\resources\images\fairy-silver.jpg","Microsoft.PowerShell.Core\FileSystem::C:\GitRepos\alisoncreations\resources\images","fairy-silver.jpg","C","Microsoft.PowerShell.Core\FileSystem","False","-a---","-a---","fairy-silver","C:\GitRepos\alisoncreations\resources\images\fairy-silver.jpg",,,"fairy-silver.jpg",,,"True","C:\GitRepos\alisoncreations\resources\images\fairy-silver.jpg",".jpg","19/09/2025 13:15:14","19/09/2025 12:15:14","04/10/2025 23:56:39","04/10/2025 22:56:39","15/06/2025 14:08:46","15/06/2025 13:08:46",,"-1","Archive"
"Microsoft.PowerShell.Core\FileSystem::C:\GitRepos\alisoncreations\resources\images\fairy-white-silver-2.jpg","Microsoft.PowerShell.Core\FileSystem::C:\GitRepos\alisoncreations\resources\images","fairy-white-silver-2.jpg","C","Microsoft.PowerShell.Core\FileSystem","False","-a---","-a---","fairy-white-silver-2","C:\GitRepos\alisoncreations\resources\images\fairy-white-silver-2.jpg",,,"fairy-white-silver-2.jpg",,,"True","C:\GitRepos\alisoncreations\resources\images\fairy-white-silver-2.jpg",".jpg","19/09/2025 13:15:14","19/09/2025 12:15:14","04/10/2025 23:56:39","04/10/2025 22:56:39","01/06/2025 13:36:41","01/06/2025 12:36:41",,"-1","Archive"
"Microsoft.PowerShell.Core\FileSystem::C:\GitRepos\alisoncreations\resources\images\fairy-white-sliver.jpg","Microsoft.PowerShell.Core\FileSystem::C:\GitRepos\alisoncreations\resources\images","fairy-white-sliver.jpg","C","Microsoft.PowerShell.Core\FileSystem","False","-a---","-a---","fairy-white-sliver","C:\GitRepos\alisoncreations\resources\images\fairy-white-sliver.jpg",,,"fairy-white-sliver.jpg",,,"True","C:\GitRepos\alisoncreations\resources\images\fairy-white-sliver.jpg",".jpg","19/09/2025 13:15:14","19/09/2025 12:15:14","04/10/2025 23:56:39","04/10/2025 22:56:39","01/06/2025 13:36:41","01/06/2025 12:36:41",,"-1","Archive"
"Microsoft.PowerShell.Core\FileSystem::C:\GitRepos\alisoncreations\resources\images\family-(flowered).jpg","Microsoft.PowerShell.Core\FileSystem::C:\GitRepos\alisoncreations\resources\images","family-(flowered).jpg","C","Microsoft.PowerShell.Core\FileSystem","False","-a---","-a---","family-(flowered)","C:\GitRepos\alisoncreations\resources\images\family-(flowered).jpg",,,"family-(flowered).jpg",,,"True","C:\GitRepos\alisoncreations\resources\images\family-(flowered).jpg",".jpg","19/09/2025 13:15:14","19/09/2025 12:15:14","04/10/2025 23:56:39","04/10/2025 22:56:39","15/06/2025 14:09:01","15/06/2025 13:09:01",,"-1","Archive"
"Microsoft.PowerShell.Core\FileSystem::C:\GitRepos\alisoncreations\resources\images\flower-cup-saucer-blue-.jpg","Microsoft.PowerShell.Core\FileSystem::C:\GitRepos\alisoncreations\resources\images","flower-cup-saucer-blue-.jpg","C","Microsoft.PowerShell.Core\FileSystem","False","-a---","-a---","flower-cup-saucer-blue-","C:\GitRepos\alisoncreations\resources\images\flower-cup-saucer-blue-.jpg",,,"flower-cup-saucer-blue-.jpg",,,"True","C:\GitRepos\alisoncreations\resources\images\flower-cup-saucer-blue-.jpg",".jpg","19/09/2025 13:15:14","19/09/2025 12:15:14","04/10/2025 23:56:39","04/10/2025 22:56:39","15/06/2025 14:08:53","15/06/2025 13:08:53",,"-1","Archive"
"Microsoft.PowerShell.Core\FileSystem::C:\GitRepos\alisoncreations\resources\images\flower-cup-saucer-blue.jpg","Microsoft.PowerShell.Core\FileSystem::C:\GitRepos\alisoncreations\resources\images","flower-cup-saucer-blue.jpg","C","Microsoft.PowerShell.Core\FileSystem","False","-a---","-a---","flower-cup-saucer-blue","C:\GitRepos\alisoncreations\resources\images\flower-cup-saucer-blue.jpg",,,"flower-cup-saucer-blue.jpg",,,"True","C:\GitRepos\alisoncreations\resources\images\flower-cup-saucer-blue.jpg",".jpg","19/09/2025 13:15:14","19/09/2025 12:15:14","04/10/2025 23:56:39","04/10/2025 22:56:39","15/06/2025 14:08:56","15/06/2025 13:08:56",,"-1","Archive"
"Microsoft.PowerShell.Core\FileSystem::C:\GitRepos\alisoncreations\resources\images\flower-cup-saucer-white-2.jpg","Microsoft.PowerShell.Core\FileSystem::C:\GitRepos\alisoncreations\resources\images","flower-cup-saucer-white-2.jpg","C","Microsoft.PowerShell.Core\FileSystem","False","-a---","-a---","flower-cup-saucer-white-2","C:\GitRepos\alisoncreations\resources\images\flower-cup-saucer-white-2.jpg",,,"flower-cup-saucer-white-2.jpg",,,"True","C:\GitRepos\alisoncreations\resources\images\flower-cup-saucer-white-2.jpg",".jpg","19/09/2025 13:15:14","19/09/2025 12:15:14","04/10/2025 23:56:39","04/10/2025 22:56:39","15/06/2025 14:09:01","15/06/2025 13:09:01",,"-1","Archive"
"Microsoft.PowerShell.Core\FileSystem::C:\GitRepos\alisoncreations\resources\images\flower-cup-saucer-white1-.jpg","Microsoft.PowerShell.Core\FileSystem::C:\GitRepos\alisoncreations\resources\images","flower-cup-saucer-white1-.jpg","C","Microsoft.PowerShell.Core\FileSystem","False","-a---","-a---","flower-cup-saucer-white1-","C:\GitRepos\alisoncreations\resources\images\flower-cup-saucer-white1-.jpg",,,"flower-cup-saucer-white1-.jpg",,,"True","C:\GitRepos\alisoncreations\resources\images\flower-cup-saucer-white1-.jpg",".jpg","19/09/2025 13:15:14","19/09/2025 12:15:14","04/10/2025 23:56:39","04/10/2025 22:56:39","15/06/2025 14:09:01","15/06/2025 13:09:01",,"-1","Archive"
"Microsoft.PowerShell.Core\FileSystem::C:\GitRepos\alisoncreations\resources\images\flower-cup-saucer-white1.jpg","Microsoft.PowerShell.Core\FileSystem::C:\GitRepos\alisoncreations\resources\images","flower-cup-saucer-white1.jpg","C","Microsoft.PowerShell.Core\FileSystem","False","-a---","-a---","flower-cup-saucer-white1","C:\GitRepos\alisoncreations\resources\images\flower-cup-saucer-white1.jpg",,,"flower-cup-saucer-white1.jpg",,,"True","C:\GitRepos\alisoncreations\resources\images\flower-cup-saucer-white1.jpg",".jpg","19/09/2025 13:15:14","19/09/2025 12:15:14","04/10/2025 23:56:39","04/10/2025 22:56:39","15/06/2025 14:09:24","15/06/2025 13:09:24",,"-1","Archive"
"Microsoft.PowerShell.Core\FileSystem::C:\GitRepos\alisoncreations\resources\images\flower-cup-saucer-white2.jpg","Microsoft.PowerShell.Core\FileSystem::C:\GitRepos\alisoncreations\resources\images","flower-cup-saucer-white2.jpg","C","Microsoft.PowerShell.Core\FileSystem","False","-a---","-a---","flower-cup-saucer-white2","C:\GitRepos\alisoncreations\resources\images\flower-cup-saucer-white2.jpg",,,"flower-cup-saucer-white2.jpg",,,"True","C:\GitRepos\alisoncreations\resources\images\flower-cup-saucer-white2.jpg",".jpg","19/09/2025 13:15:14","19/09/2025 12:15:14","04/10/2025 23:56:39","04/10/2025 22:56:39","15/06/2025 14:08:52","15/06/2025 13:08:52",,"-1","Archive"
"Microsoft.PowerShell.Core\FileSystem::C:\GitRepos\alisoncreations\resources\images\flower-cup-saucer-yellow-(2).jpg","Microsoft.PowerShell.Core\FileSystem::C:\GitRepos\alisoncreations\resources\images","flower-cup-saucer-yellow-(2).jpg","C","Microsoft.PowerShell.Core\FileSystem","False","-a---","-a---","flower-cup-saucer-yellow-(2)","C:\GitRepos\alisoncreations\resources\images\flower-cup-saucer-yellow-(2).jpg",,,"flower-cup-saucer-yellow-(2).jpg",,,"True","C:\GitRepos\alisoncreations\resources\images\flower-cup-saucer-yellow-(2).jpg",".jpg","19/09/2025 13:15:14","19/09/2025 12:15:14","04/10/2025 23:56:39","04/10/2025 22:56:39","15/06/2025 14:09:25","15/06/2025 13:09:25",,"-1","Archive"
"Microsoft.PowerShell.Core\FileSystem::C:\GitRepos\alisoncreations\resources\images\flower-cup-saucer-yellow.jpg","Microsoft.PowerShell.Core\FileSystem::C:\GitRepos\alisoncreations\resources\images","flower-cup-saucer-yellow.jpg","C","Microsoft.PowerShell.Core\FileSystem","False","-a---","-a---","flower-cup-saucer-yellow","C:\GitRepos\alisoncreations\resources\images\flower-cup-saucer-yellow.jpg",,,"flower-cup-saucer-yellow.jpg",,,"True","C:\GitRepos\alisoncreations\resources\images\flower-cup-saucer-yellow.jpg",".jpg","19/09/2025 13:15:14","19/09/2025 12:15:14","04/10/2025 23:56:39","04/10/2025 22:56:39","15/06/2025 14:08:54","15/06/2025 13:08:54",,"-1","Archive"
"Microsoft.PowerShell.Core\FileSystem::C:\GitRepos\alisoncreations\resources\images\flower-cup-saucerwhite2.jpg","Microsoft.PowerShell.Core\FileSystem::C:\GitRepos\alisoncreations\resources\images","flower-cup-saucerwhite2.jpg","C","Microsoft.PowerShell.Core\FileSystem","False","-a---","-a---","flower-cup-saucerwhite2","C:\GitRepos\alisoncreations\resources\images\flower-cup-saucerwhite2.jpg",,,"flower-cup-saucerwhite2.jpg",,,"True","C:\GitRepos\alisoncreations\resources\images\flower-cup-saucerwhite2.jpg",".jpg","19/09/2025 13:15:14","19/09/2025 12:15:14","04/10/2025 23:56:39","04/10/2025 22:56:39","15/06/2025 14:08:52","15/06/2025 13:08:52",,"-1","Archive"
"Microsoft.PowerShell.Core\FileSystem::C:\GitRepos\alisoncreations\resources\images\flower-jars-blue.jpg","Microsoft.PowerShell.Core\FileSystem::C:\GitRepos\alisoncreations\resources\images","flower-jars-blue.jpg","C","Microsoft.PowerShell.Core\FileSystem","False","-a---","-a---","flower-jars-blue","C:\GitRepos\alisoncreations\resources\images\flower-jars-blue.jpg",,,"flower-jars-blue.jpg",,,"True","C:\GitRepos\alisoncreations\resources\images\flower-jars-blue.jpg",".jpg","19/09/2025 13:15:14","19/09/2025 12:15:14","04/10/2025 23:56:39","04/10/2025 22:56:39","15/06/2025 14:09:15","15/06/2025 13:09:15",,"-1","Archive"
"Microsoft.PowerShell.Core\FileSystem::C:\GitRepos\alisoncreations\resources\images\flower-jars-mauve.jpg","Microsoft.PowerShell.Core\FileSystem::C:\GitRepos\alisoncreations\resources\images","flower-jars-mauve.jpg","C","Microsoft.PowerShell.Core\FileSystem","False","-a---","-a---","flower-jars-mauve","C:\GitRepos\alisoncreations\resources\images\flower-jars-mauve.jpg",,,"flower-jars-mauve.jpg",,,"True","C:\GitRepos\alisoncreations\resources\images\flower-jars-mauve.jpg",".jpg","19/09/2025 13:15:14","19/09/2025 12:15:14","04/10/2025 23:56:39","04/10/2025 22:56:39","15/06/2025 14:09:25","15/06/2025 13:09:25",,"-1","Archive"
"Microsoft.PowerShell.Core\FileSystem::C:\GitRepos\alisoncreations\resources\images\flower-jars-mix.light-red.jpg","Microsoft.PowerShell.Core\FileSystem::C:\GitRepos\alisoncreations\resources\images","flower-jars-mix.light-red.jpg","C","Microsoft.PowerShell.Core\FileSystem","False","-a---","-a---","flower-jars-mix.light-red","C:\GitRepos\alisoncreations\resources\images\flower-jars-mix.light-red.jpg",,,"flower-jars-mix.light-red.jpg",,,"True","C:\GitRepos\alisoncreations\resources\images\flower-jars-mix.light-red.jpg",".jpg","19/09/2025 13:15:14","19/09/2025 12:15:14","04/10/2025 23:56:39","04/10/2025 22:56:39","15/06/2025 14:09:25","15/06/2025 13:09:25",,"-1","Archive"
"Microsoft.PowerShell.Core\FileSystem::C:\GitRepos\alisoncreations\resources\images\flower-jars-pink-1.jpg","Microsoft.PowerShell.Core\FileSystem::C:\GitRepos\alisoncreations\resources\images","flower-jars-pink-1.jpg","C","Microsoft.PowerShell.Core\FileSystem","False","-a---","-a---","flower-jars-pink-1","C:\GitRepos\alisoncreations\resources\images\flower-jars-pink-1.jpg",,,"flower-jars-pink-1.jpg",,,"True","C:\GitRepos\alisoncreations\resources\images\flower-jars-pink-1.jpg",".jpg","19/09/2025 13:15:14","19/09/2025 12:15:14","04/10/2025 23:56:39","04/10/2025 22:56:39","15/06/2025 14:09:24","15/06/2025 13:09:24",,"-1","Archive"
"Microsoft.PowerShell.Core\FileSystem::C:\GitRepos\alisoncreations\resources\images\flower-jars-pink.jpg","Microsoft.PowerShell.Core\FileSystem::C:\GitRepos\alisoncreations\resources\images","flower-jars-pink.jpg","C","Microsoft.PowerShell.Core\FileSystem","False","-a---","-a---","flower-jars-pink","C:\GitRepos\alisoncreations\resources\images\flower-jars-pink.jpg",,,"flower-jars-pink.jpg",,,"True","C:\GitRepos\alisoncreations\resources\images\flower-jars-pink.jpg",".jpg","19/09/2025 13:15:14","19/09/2025 12:15:14","04/10/2025 23:56:39","04/10/2025 22:56:39","15/06/2025 14:09:25","15/06/2025 13:09:25",,"-1","Archive"
"Microsoft.PowerShell.Core\FileSystem::C:\GitRepos\alisoncreations\resources\images\flower-jars-red.jpg","Microsoft.PowerShell.Core\FileSystem::C:\GitRepos\alisoncreations\resources\images","flower-jars-red.jpg","C","Microsoft.PowerShell.Core\FileSystem","False","-a---","-a---","flower-jars-red","C:\GitRepos\alisoncreations\resources\images\flower-jars-red.jpg",,,"flower-jars-red.jpg",,,"True","C:\GitRepos\alisoncreations\resources\images\flower-jars-red.jpg",".jpg","19/09/2025 13:15:14","19/09/2025 12:15:14","04/10/2025 23:56:39","04/10/2025 22:56:39","15/06/2025 14:09:25","15/06/2025 13:09:25",,"-1","Archive"
"Microsoft.PowerShell.Core\FileSystem::C:\GitRepos\alisoncreations\resources\images\flower-pot-light-yellow.jpg","Microsoft.PowerShell.Core\FileSystem::C:\GitRepos\alisoncreations\resources\images","flower-pot-light-yellow.jpg","C","Microsoft.PowerShell.Core\FileSystem","False","-a---","-a---","flower-pot-light-yellow","C:\GitRepos\alisoncreations\resources\images\flower-pot-light-yellow.jpg",,,"flower-pot-light-yellow.jpg",,,"True","C:\GitRepos\alisoncreations\resources\images\flower-pot-light-yellow.jpg",".jpg","19/09/2025 13:15:14","19/09/2025 12:15:14","04/10/2025 23:56:39","04/10/2025 22:56:39","15/06/2025 14:08:52","15/06/2025 13:08:52",,"-1","Archive"
"Microsoft.PowerShell.Core\FileSystem::C:\GitRepos\alisoncreations\resources\images\flower-pot-white.jpg","Microsoft.PowerShell.Core\FileSystem::C:\GitRepos\alisoncreations\resources\images","flower-pot-white.jpg","C","Microsoft.PowerShell.Core\FileSystem","False","-a---","-a---","flower-pot-white","C:\GitRepos\alisoncreations\resources\images\flower-pot-white.jpg",,,"flower-pot-white.jpg",,,"True","C:\GitRepos\alisoncreations\resources\images\flower-pot-white.jpg",".jpg","19/09/2025 13:15:14","19/09/2025 12:15:14","04/10/2025 23:56:39","04/10/2025 22:56:39","15/06/2025 14:09:25","15/06/2025 13:09:25",,"-1","Archive"
"Microsoft.PowerShell.Core\FileSystem::C:\GitRepos\alisoncreations\resources\images\flower-pots-blue.jpg","Microsoft.PowerShell.Core\FileSystem::C:\GitRepos\alisoncreations\resources\images","flower-pots-blue.jpg","C","Microsoft.PowerShell.Core\FileSystem","False","-a---","-a---","flower-pots-blue","C:\GitRepos\alisoncreations\resources\images\flower-pots-blue.jpg",,,"flower-pots-blue.jpg",,,"True","C:\GitRepos\alisoncreations\resources\images\flower-pots-blue.jpg",".jpg","19/09/2025 13:15:14","19/09/2025 12:15:14","04/10/2025 23:56:39","04/10/2025 22:56:39","15/06/2025 14:08:49","15/06/2025 13:08:49",,"-1","Archive"
"Microsoft.PowerShell.Core\FileSystem::C:\GitRepos\alisoncreations\resources\images\flower-pots-grey.jpg","Microsoft.PowerShell.Core\FileSystem::C:\GitRepos\alisoncreations\resources\images","flower-pots-grey.jpg","C","Microsoft.PowerShell.Core\FileSystem","False","-a---","-a---","flower-pots-grey","C:\GitRepos\alisoncreations\resources\images\flower-pots-grey.jpg",,,"flower-pots-grey.jpg",,,"True","C:\GitRepos\alisoncreations\resources\images\flower-pots-grey.jpg",".jpg","19/09/2025 13:15:14","19/09/2025 12:15:14","04/10/2025 23:56:39","04/10/2025 22:56:39","15/06/2025 14:08:52","15/06/2025 13:08:52",,"-1","Archive"
"Microsoft.PowerShell.Core\FileSystem::C:\GitRepos\alisoncreations\resources\images\flower-pots-yellow.jpg","Microsoft.PowerShell.Core\FileSystem::C:\GitRepos\alisoncreations\resources\images","flower-pots-yellow.jpg","C","Microsoft.PowerShell.Core\FileSystem","False","-a---","-a---","flower-pots-yellow","C:\GitRepos\alisoncreations\resources\images\flower-pots-yellow.jpg",,,"flower-pots-yellow.jpg",,,"True","C:\GitRepos\alisoncreations\resources\images\flower-pots-yellow.jpg",".jpg","19/09/2025 13:15:14","19/09/2025 12:15:14","04/10/2025 23:56:39","04/10/2025 22:56:39","15/06/2025 14:08:49","15/06/2025 13:08:49",,"-1","Archive"
"Microsoft.PowerShell.Core\FileSystem::C:\GitRepos\alisoncreations\resources\images\flowered-butterfly-clear.jpg","Microsoft.PowerShell.Core\FileSystem::C:\GitRepos\alisoncreations\resources\images","flowered-butterfly-clear.jpg","C","Microsoft.PowerShell.Core\FileSystem","False","-a---","-a---","flowered-butterfly-clear","C:\GitRepos\alisoncreations\resources\images\flowered-butterfly-clear.jpg",,,"flowered-butterfly-clear.jpg",,,"True","C:\GitRepos\alisoncreations\resources\images\flowered-butterfly-clear.jpg",".jpg","19/09/2025 13:15:14","19/09/2025 12:15:14","04/10/2025 23:56:39","04/10/2025 22:56:39","15/06/2025 14:09:23","15/06/2025 13:09:23",,"-1","Archive"
"Microsoft.PowerShell.Core\FileSystem::C:\GitRepos\alisoncreations\resources\images\flowered-butterfly-white.jpg","Microsoft.PowerShell.Core\FileSystem::C:\GitRepos\alisoncreations\resources\images","flowered-butterfly-white.jpg","C","Microsoft.PowerShell.Core\FileSystem","False","-a---","-a---","flowered-butterfly-white","C:\GitRepos\alisoncreations\resources\images\flowered-butterfly-white.jpg",,,"flowered-butterfly-white.jpg",,,"True","C:\GitRepos\alisoncreations\resources\images\flowered-butterfly-white.jpg",".jpg","19/09/2025 13:15:14","19/09/2025 12:15:14","04/10/2025 23:56:39","04/10/2025 22:56:39","15/06/2025 14:08:10","15/06/2025 13:08:10",,"-1","Archive"
"Microsoft.PowerShell.Core\FileSystem::C:\GitRepos\alisoncreations\resources\images\flowers-on-wood-with-quote-1-blue-mauve.jpg","Microsoft.PowerShell.Core\FileSystem::C:\GitRepos\alisoncreations\resources\images","flowers-on-wood-with-quote-1-blue-mauve.jpg","C","Microsoft.PowerShell.Core\FileSystem","False","-a---","-a---","flowers-on-wood-with-quote-1-blue-mauve","C:\GitRepos\alisoncreations\resources\images\flowers-on-wood-with-quote-1-blue-mauve.jpg",,,"flowers-on-wood-with-quote-1-blue-mauve.jpg",,,"True","C:\GitRepos\alisoncreations\resources\images\flowers-on-wood-with-quote-1-blue-mauve.jpg",".jpg","19/09/2025 13:15:14","19/09/2025 12:15:14","04/10/2025 23:56:39","04/10/2025 22:56:39","08/06/2025 11:41:07","08/06/2025 10:41:07",,"-1","Archive"
"Microsoft.PowerShell.Core\FileSystem::C:\GitRepos\alisoncreations\resources\images\green-frog-(2).jpg","Microsoft.PowerShell.Core\FileSystem::C:\GitRepos\alisoncreations\resources\images","green-frog-(2).jpg","C","Microsoft.PowerShell.Core\FileSystem","False","-a---","-a---","green-frog-(2)","C:\GitRepos\alisoncreations\resources\images\green-frog-(2).jpg",,,"green-frog-(2).jpg",,,"True","C:\GitRepos\alisoncreations\resources\images\green-frog-(2).jpg",".jpg","19/09/2025 13:15:14","19/09/2025 12:15:14","04/10/2025 23:56:39","04/10/2025 22:56:39","15/06/2025 14:09:01","15/06/2025 13:09:01",,"-1","Archive"
"Microsoft.PowerShell.Core\FileSystem::C:\GitRepos\alisoncreations\resources\images\green-frog-(3).jpg","Microsoft.PowerShell.Core\FileSystem::C:\GitRepos\alisoncreations\resources\images","green-frog-(3).jpg","C","Microsoft.PowerShell.Core\FileSystem","False","-a---","-a---","green-frog-(3)","C:\GitRepos\alisoncreations\resources\images\green-frog-(3).jpg",,,"green-frog-(3).jpg",,,"True","C:\GitRepos\alisoncreations\resources\images\green-frog-(3).jpg",".jpg","19/09/2025 13:15:14","19/09/2025 12:15:14","04/10/2025 23:56:39","04/10/2025 22:56:39","15/06/2025 14:08:56","15/06/2025 13:08:56",,"-1","Archive"
"Microsoft.PowerShell.Core\FileSystem::C:\GitRepos\alisoncreations\resources\images\green-frog.jpg","Microsoft.PowerShell.Core\FileSystem::C:\GitRepos\alisoncreations\resources\images","green-frog.jpg","C","Microsoft.PowerShell.Core\FileSystem","False","-a---","-a---","green-frog","C:\GitRepos\alisoncreations\resources\images\green-frog.jpg",,,"green-frog.jpg",,,"True","C:\GitRepos\alisoncreations\resources\images\green-frog.jpg",".jpg","19/09/2025 13:15:14","19/09/2025 12:15:14","04/10/2025 23:56:39","04/10/2025 22:56:39","15/06/2025 14:09:03","15/06/2025 13:09:03",,"-1","Archive"
"Microsoft.PowerShell.Core\FileSystem::C:\GitRepos\alisoncreations\resources\images\hanging-ballon-white.jpg","Microsoft.PowerShell.Core\FileSystem::C:\GitRepos\alisoncreations\resources\images","hanging-ballon-white.jpg","C","Microsoft.PowerShell.Core\FileSystem","False","-a---","-a---","hanging-ballon-white","C:\GitRepos\alisoncreations\resources\images\hanging-ballon-white.jpg",,,"hanging-ballon-white.jpg",,,"True","C:\GitRepos\alisoncreations\resources\images\hanging-ballon-white.jpg",".jpg","19/09/2025 13:15:14","19/09/2025 12:15:14","04/10/2025 23:56:39","04/10/2025 22:56:39","08/06/2025 11:41:07","08/06/2025 10:41:07",,"-1","Archive"
"Microsoft.PowerShell.Core\FileSystem::C:\GitRepos\alisoncreations\resources\images\hanging-balloon-flowers-qoute-5.jpg","Microsoft.PowerShell.Core\FileSystem::C:\GitRepos\alisoncreations\resources\images","hanging-balloon-flowers-qoute-5.jpg","C","Microsoft.PowerShell.Core\FileSystem","False","-a---","-a---","hanging-balloon-flowers-qoute-5","C:\GitRepos\alisoncreations\resources\images\hanging-balloon-flowers-qoute-5.jpg",,,"hanging-balloon-flowers-qoute-5.jpg",,,"True","C:\GitRepos\alisoncreations\resources\images\hanging-balloon-flowers-qoute-5.jpg",".jpg","19/09/2025 13:15:14","19/09/2025 12:15:14","04/10/2025 23:56:39","04/10/2025 22:56:39","08/06/2025 11:41:08","08/06/2025 10:41:08",,"-1","Archive"
"Microsoft.PowerShell.Core\FileSystem::C:\GitRepos\alisoncreations\resources\images\hanging-balloon-with-jewels.jpg","Microsoft.PowerShell.Core\FileSystem::C:\GitRepos\alisoncreations\resources\images","hanging-balloon-with-jewels.jpg","C","Microsoft.PowerShell.Core\FileSystem","False","-a---","-a---","hanging-balloon-with-jewels","C:\GitRepos\alisoncreations\resources\images\hanging-balloon-with-jewels.jpg",,,"hanging-balloon-with-jewels.jpg",,,"True","C:\GitRepos\alisoncreations\resources\images\hanging-balloon-with-jewels.jpg",".jpg","19/09/2025 13:15:14","19/09/2025 12:15:14","04/10/2025 23:56:39","04/10/2025 22:56:39","08/06/2025 11:41:07","08/06/2025 10:41:07",,"-1","Archive"
"Microsoft.PowerShell.Core\FileSystem::C:\GitRepos\alisoncreations\resources\images\hanging-butterfly-brown.jpg","Microsoft.PowerShell.Core\FileSystem::C:\GitRepos\alisoncreations\resources\images","hanging-butterfly-brown.jpg","C","Microsoft.PowerShell.Core\FileSystem","False","-a---","-a---","hanging-butterfly-brown","C:\GitRepos\alisoncreations\resources\images\hanging-butterfly-brown.jpg",,,"hanging-butterfly-brown.jpg",,,"True","C:\GitRepos\alisoncreations\resources\images\hanging-butterfly-brown.jpg",".jpg","19/09/2025 13:15:14","19/09/2025 12:15:14","04/10/2025 23:56:39","04/10/2025 22:56:39","08/06/2025 11:41:07","08/06/2025 10:41:07",,"-1","Archive"
"Microsoft.PowerShell.Core\FileSystem::C:\GitRepos\alisoncreations\resources\images\hanging-butterfly-with-flowers.jpg","Microsoft.PowerShell.Core\FileSystem::C:\GitRepos\alisoncreations\resources\images","hanging-butterfly-with-flowers.jpg","C","Microsoft.PowerShell.Core\FileSystem","False","-a---","-a---","hanging-butterfly-with-flowers","C:\GitRepos\alisoncreations\resources\images\hanging-butterfly-with-flowers.jpg",,,"hanging-butterfly-with-flowers.jpg",,,"True","C:\GitRepos\alisoncreations\resources\images\hanging-butterfly-with-flowers.jpg",".jpg","19/09/2025 13:15:14","19/09/2025 12:15:14","04/10/2025 23:56:39","04/10/2025 22:56:39","01/06/2025 13:36:42","01/06/2025 12:36:42",,"-1","Archive"
"Microsoft.PowerShell.Core\FileSystem::C:\GitRepos\alisoncreations\resources\images\hanging-houses-white-.jpg","Microsoft.PowerShell.Core\FileSystem::C:\GitRepos\alisoncreations\resources\images","hanging-houses-white-.jpg","C","Microsoft.PowerShell.Core\FileSystem","False","-a---","-a---","hanging-houses-white-","C:\GitRepos\alisoncreations\resources\images\hanging-houses-white-.jpg",,,"hanging-houses-white-.jpg",,,"True","C:\GitRepos\alisoncreations\resources\images\hanging-houses-white-.jpg",".jpg","19/09/2025 13:15:14","19/09/2025 12:15:14","04/10/2025 23:56:40","04/10/2025 22:56:40","01/06/2025 13:36:42","01/06/2025 12:36:42",,"-1","Archive"
"Microsoft.PowerShell.Core\FileSystem::C:\GitRepos\alisoncreations\resources\images\hanging-houses-white-silver-.jpg","Microsoft.PowerShell.Core\FileSystem::C:\GitRepos\alisoncreations\resources\images","hanging-houses-white-silver-.jpg","C","Microsoft.PowerShell.Core\FileSystem","False","-a---","-a---","hanging-houses-white-silver-","C:\GitRepos\alisoncreations\resources\images\hanging-houses-white-silver-.jpg",,,"hanging-houses-white-silver-.jpg",,,"True","C:\GitRepos\alisoncreations\resources\images\hanging-houses-white-silver-.jpg",".jpg","19/09/2025 13:15:14","19/09/2025 12:15:14","04/10/2025 23:56:39","04/10/2025 22:56:39","01/06/2025 13:36:42","01/06/2025 12:36:42",,"-1","Archive"
"Microsoft.PowerShell.Core\FileSystem::C:\GitRepos\alisoncreations\resources\images\heart-candel-holder-white-with-house-2.jpg","Microsoft.PowerShell.Core\FileSystem::C:\GitRepos\alisoncreations\resources\images","heart-candel-holder-white-with-house-2.jpg","C","Microsoft.PowerShell.Core\FileSystem","False","-a---","-a---","heart-candel-holder-white-with-house-2","C:\GitRepos\alisoncreations\resources\images\heart-candel-holder-white-with-house-2.jpg",,,"heart-candel-holder-white-with-house-2.jpg",,,"True","C:\GitRepos\alisoncreations\resources\images\heart-candel-holder-white-with-house-2.jpg",".jpg","19/09/2025 13:15:14","19/09/2025 12:15:14","04/10/2025 23:56:40","04/10/2025 22:56:40","15/06/2025 14:08:13","15/06/2025 13:08:13",,"-1","Archive"
"Microsoft.PowerShell.Core\FileSystem::C:\GitRepos\alisoncreations\resources\images\heart-candel-holder-white-with-house.jpg","Microsoft.PowerShell.Core\FileSystem::C:\GitRepos\alisoncreations\resources\images","heart-candel-holder-white-with-house.jpg","C","Microsoft.PowerShell.Core\FileSystem","False","-a---","-a---","heart-candel-holder-white-with-house","C:\GitRepos\alisoncreations\resources\images\heart-candel-holder-white-with-house.jpg",,,"heart-candel-holder-white-with-house.jpg",,,"True","C:\GitRepos\alisoncreations\resources\images\heart-candel-holder-white-with-house.jpg",".jpg","19/09/2025 13:15:14","19/09/2025 12:15:14","04/10/2025 23:56:40","04/10/2025 22:56:40","15/06/2025 14:09:24","15/06/2025 13:09:24",,"-1","Archive"
"Microsoft.PowerShell.Core\FileSystem::C:\GitRepos\alisoncreations\resources\images\heart-candel-stich-holder-with-house-flowers-l-white.jpg","Microsoft.PowerShell.Core\FileSystem::C:\GitRepos\alisoncreations\resources\images","heart-candel-stich-holder-with-house-flowers-l-white.jpg","C","Microsoft.PowerShell.Core\FileSystem","False","-a---","-a---","heart-candel-stich-holder-with-house-flowers-l-white","C:\GitRepos\alisoncreations\resources\images\heart-candel-stich-holder-with-house-flowers-l-white.jpg",,,"heart-candel-stich-holder-with-house-flowers-l-white.jpg",,,"True","C:\GitRepos\alisoncreations\resources\images\heart-candel-stich-holder-with-house-flowers-l-white.jpg",".jpg","19/09/2025 13:15:14","19/09/2025 12:15:14","04/10/2025 23:56:40","04/10/2025 22:56:40","08/06/2025 11:41:07","08/06/2025 10:41:07",,"-1","Archive"
"Microsoft.PowerShell.Core\FileSystem::C:\GitRepos\alisoncreations\resources\images\heart-candel-stich-holder-with-house-flowers-rwhite.jpg","Microsoft.PowerShell.Core\FileSystem::C:\GitRepos\alisoncreations\resources\images","heart-candel-stich-holder-with-house-flowers-rwhite.jpg","C","Microsoft.PowerShell.Core\FileSystem","False","-a---","-a---","heart-candel-stich-holder-with-house-flowers-rwhite","C:\GitRepos\alisoncreations\resources\images\heart-candel-stich-holder-with-house-flowers-rwhite.jpg",,,"heart-candel-stich-holder-with-house-flowers-rwhite.jpg",,,"True","C:\GitRepos\alisoncreations\resources\images\heart-candel-stich-holder-with-house-flowers-rwhite.jpg",".jpg","19/09/2025 13:15:14","19/09/2025 12:15:14","04/10/2025 23:56:40","04/10/2025 22:56:40","08/06/2025 11:41:07","08/06/2025 10:41:07",,"-1","Archive"
"Microsoft.PowerShell.Core\FileSystem::C:\GitRepos\alisoncreations\resources\images\home-(flowered).jpg","Microsoft.PowerShell.Core\FileSystem::C:\GitRepos\alisoncreations\resources\images","home-(flowered).jpg","C","Microsoft.PowerShell.Core\FileSystem","False","-a---","-a---","home-(flowered)","C:\GitRepos\alisoncreations\resources\images\home-(flowered).jpg",,,"home-(flowered).jpg",,,"True","C:\GitRepos\alisoncreations\resources\images\home-(flowered).jpg",".jpg","19/09/2025 13:15:14","19/09/2025 12:15:14","04/10/2025 23:56:40","04/10/2025 22:56:40","15/06/2025 14:09:22","15/06/2025 13:09:22",,"-1","Archive"
"Microsoft.PowerShell.Core\FileSystem::C:\GitRepos\alisoncreations\resources\images\hot-air-balloon-quote-5.jpg","Microsoft.PowerShell.Core\FileSystem::C:\GitRepos\alisoncreations\resources\images","hot-air-balloon-quote-5.jpg","C","Microsoft.PowerShell.Core\FileSystem","False","-a---","-a---","hot-air-balloon-quote-5","C:\GitRepos\alisoncreations\resources\images\hot-air-balloon-quote-5.jpg",,,"hot-air-balloon-quote-5.jpg",,,"True","C:\GitRepos\alisoncreations\resources\images\hot-air-balloon-quote-5.jpg",".jpg","19/09/2025 13:15:14","19/09/2025 12:15:14","04/10/2025 23:56:40","04/10/2025 22:56:40","15/06/2025 14:09:26","15/06/2025 13:09:26",,"-1","Archive"
"Microsoft.PowerShell.Core\FileSystem::C:\GitRepos\alisoncreations\resources\images\hot-air-balloon-white-long.jpg","Microsoft.PowerShell.Core\FileSystem::C:\GitRepos\alisoncreations\resources\images","hot-air-balloon-white-long.jpg","C","Microsoft.PowerShell.Core\FileSystem","False","-a---","-a---","hot-air-balloon-white-long","C:\GitRepos\alisoncreations\resources\images\hot-air-balloon-white-long.jpg",,,"hot-air-balloon-white-long.jpg",,,"True","C:\GitRepos\alisoncreations\resources\images\hot-air-balloon-white-long.jpg",".jpg","19/09/2025 13:15:14","19/09/2025 12:15:14","04/10/2025 23:56:40","04/10/2025 22:56:40","15/06/2025 14:09:01","15/06/2025 13:09:01",,"-1","Archive"
"Microsoft.PowerShell.Core\FileSystem::C:\GitRepos\alisoncreations\resources\images\hot-air-balloon-white-short.jpg","Microsoft.PowerShell.Core\FileSystem::C:\GitRepos\alisoncreations\resources\images","hot-air-balloon-white-short.jpg","C","Microsoft.PowerShell.Core\FileSystem","False","-a---","-a---","hot-air-balloon-white-short","C:\GitRepos\alisoncreations\resources\images\hot-air-balloon-white-short.jpg",,,"hot-air-balloon-white-short.jpg",,,"True","C:\GitRepos\alisoncreations\resources\images\hot-air-balloon-white-short.jpg",".jpg","19/09/2025 13:15:14","19/09/2025 12:15:14","04/10/2025 23:56:40","04/10/2025 22:56:40","15/06/2025 14:08:10","15/06/2025 13:08:10",,"-1","Archive"
"Microsoft.PowerShell.Core\FileSystem::C:\GitRepos\alisoncreations\resources\images\house_scene_log_2.jpg","Microsoft.PowerShell.Core\FileSystem::C:\GitRepos\alisoncreations\resources\images","house_scene_log_2.jpg","C","Microsoft.PowerShell.Core\FileSystem","False","-a---","-a---","house_scene_log_2","C:\GitRepos\alisoncreations\resources\images\house_scene_log_2.jpg",,,"house_scene_log_2.jpg",,,"True","C:\GitRepos\alisoncreations\resources\images\house_scene_log_2.jpg",".jpg","19/09/2025 13:15:14","19/09/2025 12:15:14","04/10/2025 23:56:40","04/10/2025 22:56:40","01/06/2025 13:36:35","01/06/2025 12:36:35",,"-1","Archive"
"Microsoft.PowerShell.Core\FileSystem::C:\GitRepos\alisoncreations\resources\images\house_scene_log.jpg","Microsoft.PowerShell.Core\FileSystem::C:\GitRepos\alisoncreations\resources\images","house_scene_log.jpg","C","Microsoft.PowerShell.Core\FileSystem","False","-a---","-a---","house_scene_log","C:\GitRepos\alisoncreations\resources\images\house_scene_log.jpg",,,"house_scene_log.jpg",,,"True","C:\GitRepos\alisoncreations\resources\images\house_scene_log.jpg",".jpg","19/09/2025 13:15:14","19/09/2025 12:15:14","04/10/2025 23:56:40","04/10/2025 22:56:40","01/06/2025 13:36:35","01/06/2025 12:36:35",,"-1","Archive"
"Microsoft.PowerShell.Core\FileSystem::C:\GitRepos\alisoncreations\resources\images\house-green.jpg","Microsoft.PowerShell.Core\FileSystem::C:\GitRepos\alisoncreations\resources\images","house-green.jpg","C","Microsoft.PowerShell.Core\FileSystem","False","-a---","-a---","house-green","C:\GitRepos\alisoncreations\resources\images\house-green.jpg",,,"house-green.jpg",,,"True","C:\GitRepos\alisoncreations\resources\images\house-green.jpg",".jpg","19/09/2025 13:15:14","19/09/2025 12:15:14","04/10/2025 23:56:40","04/10/2025 22:56:40","15/06/2025 14:09:25","15/06/2025 13:09:25",,"-1","Archive"
"Microsoft.PowerShell.Core\FileSystem::C:\GitRepos\alisoncreations\resources\images\house-heart-white.jpg","Microsoft.PowerShell.Core\FileSystem::C:\GitRepos\alisoncreations\resources\images","house-heart-white.jpg","C","Microsoft.PowerShell.Core\FileSystem","False","-a---","-a---","house-heart-white","C:\GitRepos\alisoncreations\resources\images\house-heart-white.jpg",,,"house-heart-white.jpg",,,"True","C:\GitRepos\alisoncreations\resources\images\house-heart-white.jpg",".jpg","19/09/2025 13:15:14","19/09/2025 12:15:14","04/10/2025 23:56:40","04/10/2025 22:56:40","15/06/2025 14:08:01","15/06/2025 13:08:01",,"-1","Archive"
"Microsoft.PowerShell.Core\FileSystem::C:\GitRepos\alisoncreations\resources\images\house-scene.jpg","Microsoft.PowerShell.Core\FileSystem::C:\GitRepos\alisoncreations\resources\images","house-scene.jpg","C","Microsoft.PowerShell.Core\FileSystem","False","-a---","-a---","house-scene","C:\GitRepos\alisoncreations\resources\images\house-scene.jpg",,,"house-scene.jpg",,,"True","C:\GitRepos\alisoncreations\resources\images\house-scene.jpg",".jpg","19/09/2025 13:15:14","19/09/2025 12:15:14","04/10/2025 23:56:40","04/10/2025 22:56:40","01/06/2025 13:45:24","01/06/2025 12:45:24",,"-1","Archive"
"Microsoft.PowerShell.Core\FileSystem::C:\GitRepos\alisoncreations\resources\images\houses-scene-1.jpg","Microsoft.PowerShell.Core\FileSystem::C:\GitRepos\alisoncreations\resources\images","houses-scene-1.jpg","C","Microsoft.PowerShell.Core\FileSystem","False","-a---","-a---","houses-scene-1","C:\GitRepos\alisoncreations\resources\images\houses-scene-1.jpg",,,"houses-scene-1.jpg",,,"True","C:\GitRepos\alisoncreations\resources\images\houses-scene-1.jpg",".jpg","19/09/2025 13:15:14","19/09/2025 12:15:14","04/10/2025 23:56:40","04/10/2025 22:56:40","15/06/2025 14:09:22","15/06/2025 13:09:22",,"-1","Archive"
"Microsoft.PowerShell.Core\FileSystem::C:\GitRepos\alisoncreations\resources\images\houses-scene-2.jpg","Microsoft.PowerShell.Core\FileSystem::C:\GitRepos\alisoncreations\resources\images","houses-scene-2.jpg","C","Microsoft.PowerShell.Core\FileSystem","False","-a---","-a---","houses-scene-2","C:\GitRepos\alisoncreations\resources\images\houses-scene-2.jpg",,,"houses-scene-2.jpg",,,"True","C:\GitRepos\alisoncreations\resources\images\houses-scene-2.jpg",".jpg","19/09/2025 13:15:14","19/09/2025 12:15:14","04/10/2025 23:56:40","04/10/2025 22:56:40","15/06/2025 14:08:52","15/06/2025 13:08:52",,"-1","Archive"
"Microsoft.PowerShell.Core\FileSystem::C:\GitRepos\alisoncreations\resources\images\houses-scene-3.jpg","Microsoft.PowerShell.Core\FileSystem::C:\GitRepos\alisoncreations\resources\images","houses-scene-3.jpg","C","Microsoft.PowerShell.Core\FileSystem","False","-a---","-a---","houses-scene-3","C:\GitRepos\alisoncreations\resources\images\houses-scene-3.jpg",,,"houses-scene-3.jpg",,,"True","C:\GitRepos\alisoncreations\resources\images\houses-scene-3.jpg",".jpg","19/09/2025 13:15:14","19/09/2025 12:15:14","04/10/2025 23:56:40","04/10/2025 22:56:40","15/06/2025 14:08:05","15/06/2025 13:08:05",,"-1","Archive"
"Microsoft.PowerShell.Core\FileSystem::C:\GitRepos\alisoncreations\resources\images\houses-yellow.jpg","Microsoft.PowerShell.Core\FileSystem::C:\GitRepos\alisoncreations\resources\images","houses-yellow.jpg","C","Microsoft.PowerShell.Core\FileSystem","False","-a---","-a---","houses-yellow","C:\GitRepos\alisoncreations\resources\images\houses-yellow.jpg",,,"houses-yellow.jpg",,,"True","C:\GitRepos\alisoncreations\resources\images\houses-yellow.jpg",".jpg","19/09/2025 13:15:14","19/09/2025 12:15:14","04/10/2025 23:56:40","04/10/2025 22:56:40","01/06/2025 13:36:42","01/06/2025 12:36:42",,"-1","Archive"
"Microsoft.PowerShell.Core\FileSystem::C:\GitRepos\alisoncreations\resources\images\light-up-christmas-trees.jpg","Microsoft.PowerShell.Core\FileSystem::C:\GitRepos\alisoncreations\resources\images","light-up-christmas-trees.jpg","C","Microsoft.PowerShell.Core\FileSystem","False","-a---","-a---","light-up-christmas-trees","C:\GitRepos\alisoncreations\resources\images\light-up-christmas-trees.jpg",,,"light-up-christmas-trees.jpg",,,"True","C:\GitRepos\alisoncreations\resources\images\light-up-christmas-trees.jpg",".jpg","19/09/2025 13:15:15","19/09/2025 12:15:15","04/10/2025 23:56:40","04/10/2025 22:56:40","15/06/2025 14:08:13","15/06/2025 13:08:13",,"-1","Archive"
"Microsoft.PowerShell.Core\FileSystem::C:\GitRepos\alisoncreations\resources\images\love-birds-.jpg","Microsoft.PowerShell.Core\FileSystem::C:\GitRepos\alisoncreations\resources\images","love-birds-.jpg","C","Microsoft.PowerShell.Core\FileSystem","False","-a---","-a---","love-birds-","C:\GitRepos\alisoncreations\resources\images\love-birds-.jpg",,,"love-birds-.jpg",,,"True","C:\GitRepos\alisoncreations\resources\images\love-birds-.jpg",".jpg","19/09/2025 13:15:15","19/09/2025 12:15:15","04/10/2025 23:56:40","04/10/2025 22:56:40","01/06/2025 17:10:12","01/06/2025 16:10:12",,"-1","Archive"
"Microsoft.PowerShell.Core\FileSystem::C:\GitRepos\alisoncreations\resources\images\ouote-on-wood-blue-mauve-quote-1.jpg","Microsoft.PowerShell.Core\FileSystem::C:\GitRepos\alisoncreations\resources\images","ouote-on-wood-blue-mauve-quote-1.jpg","C","Microsoft.PowerShell.Core\FileSystem","False","-a---","-a---","ouote-on-wood-blue-mauve-quote-1","C:\GitRepos\alisoncreations\resources\images\ouote-on-wood-blue-mauve-quote-1.jpg",,,"ouote-on-wood-blue-mauve-quote-1.jpg",,,"True","C:\GitRepos\alisoncreations\resources\images\ouote-on-wood-blue-mauve-quote-1.jpg",".jpg","19/09/2025 13:15:15","19/09/2025 12:15:15","04/10/2025 23:56:40","04/10/2025 22:56:40","15/06/2025 14:08:10","15/06/2025 13:08:10",,"-1","Archive"
"Microsoft.PowerShell.Core\FileSystem::C:\GitRepos\alisoncreations\resources\images\paw-print-quote-4.jpg","Microsoft.PowerShell.Core\FileSystem::C:\GitRepos\alisoncreations\resources\images","paw-print-quote-4.jpg","C","Microsoft.PowerShell.Core\FileSystem","False","-a---","-a---","paw-print-quote-4","C:\GitRepos\alisoncreations\resources\images\paw-print-quote-4.jpg",,,"paw-print-quote-4.jpg",,,"True","C:\GitRepos\alisoncreations\resources\images\paw-print-quote-4.jpg",".jpg","19/09/2025 13:15:15","19/09/2025 12:15:15","04/10/2025 23:56:40","04/10/2025 22:56:40","15/06/2025 14:08:10","15/06/2025 13:08:10",,"-1","Archive"
"Microsoft.PowerShell.Core\FileSystem::C:\GitRepos\alisoncreations\resources\images\pawprint-quote-4.jpg","Microsoft.PowerShell.Core\FileSystem::C:\GitRepos\alisoncreations\resources\images","pawprint-quote-4.jpg","C","Microsoft.PowerShell.Core\FileSystem","False","-a---","-a---","pawprint-quote-4","C:\GitRepos\alisoncreations\resources\images\pawprint-quote-4.jpg",,,"pawprint-quote-4.jpg",,,"True","C:\GitRepos\alisoncreations\resources\images\pawprint-quote-4.jpg",".jpg","19/09/2025 13:15:15","19/09/2025 12:15:15","04/10/2025 23:56:40","04/10/2025 22:56:40","15/06/2025 14:08:10","15/06/2025 13:08:10",,"-1","Archive"
"Microsoft.PowerShell.Core\FileSystem::C:\GitRepos\alisoncreations\resources\images\peek-a-boo-teddy-blue-.jpg","Microsoft.PowerShell.Core\FileSystem::C:\GitRepos\alisoncreations\resources\images","peek-a-boo-teddy-blue-.jpg","C","Microsoft.PowerShell.Core\FileSystem","False","-a---","-a---","peek-a-boo-teddy-blue-","C:\GitRepos\alisoncreations\resources\images\peek-a-boo-teddy-blue-.jpg",,,"peek-a-boo-teddy-blue-.jpg",,,"True","C:\GitRepos\alisoncreations\resources\images\peek-a-boo-teddy-blue-.jpg",".jpg","19/09/2025 13:15:15","19/09/2025 12:15:15","04/10/2025 23:56:40","04/10/2025 22:56:40","15/06/2025 14:09:25","15/06/2025 13:09:25",,"-1","Archive"
"Microsoft.PowerShell.Core\FileSystem::C:\GitRepos\alisoncreations\resources\images\peek-a-boo-teddy-jade.jpg","Microsoft.PowerShell.Core\FileSystem::C:\GitRepos\alisoncreations\resources\images","peek-a-boo-teddy-jade.jpg","C","Microsoft.PowerShell.Core\FileSystem","False","-a---","-a---","peek-a-boo-teddy-jade","C:\GitRepos\alisoncreations\resources\images\peek-a-boo-teddy-jade.jpg",,,"peek-a-boo-teddy-jade.jpg",,,"True","C:\GitRepos\alisoncreations\resources\images\peek-a-boo-teddy-jade.jpg",".jpg","19/09/2025 13:15:15","19/09/2025 12:15:15","04/10/2025 23:56:40","04/10/2025 22:56:40","15/06/2025 14:09:24","15/06/2025 13:09:24",,"-1","Archive"
"Microsoft.PowerShell.Core\FileSystem::C:\GitRepos\alisoncreations\resources\images\peek-a-boo-teddy-light-blue.jpg","Microsoft.PowerShell.Core\FileSystem::C:\GitRepos\alisoncreations\resources\images","peek-a-boo-teddy-light-blue.jpg","C","Microsoft.PowerShell.Core\FileSystem","False","-a---","-a---","peek-a-boo-teddy-light-blue","C:\GitRepos\alisoncreations\resources\images\peek-a-boo-teddy-light-blue.jpg",,,"peek-a-boo-teddy-light-blue.jpg",,,"True","C:\GitRepos\alisoncreations\resources\images\peek-a-boo-teddy-light-blue.jpg",".jpg","19/09/2025 13:15:15","19/09/2025 12:15:15","04/10/2025 23:56:40","04/10/2025 22:56:40","15/06/2025 14:09:24","15/06/2025 13:09:24",,"-1","Archive"
"Microsoft.PowerShell.Core\FileSystem::C:\GitRepos\alisoncreations\resources\images\peek-a-boo-teddy-pink-white.jpg","Microsoft.PowerShell.Core\FileSystem::C:\GitRepos\alisoncreations\resources\images","peek-a-boo-teddy-pink-white.jpg","C","Microsoft.PowerShell.Core\FileSystem","False","-a---","-a---","peek-a-boo-teddy-pink-white","C:\GitRepos\alisoncreations\resources\images\peek-a-boo-teddy-pink-white.jpg",,,"peek-a-boo-teddy-pink-white.jpg",,,"True","C:\GitRepos\alisoncreations\resources\images\peek-a-boo-teddy-pink-white.jpg",".jpg","19/09/2025 13:15:15","19/09/2025 12:15:15","04/10/2025 23:56:40","04/10/2025 22:56:40","15/06/2025 14:09:25","15/06/2025 13:09:25",,"-1","Archive"
"Microsoft.PowerShell.Core\FileSystem::C:\GitRepos\alisoncreations\resources\images\peek-a-boo-teddy-pink.jpg","Microsoft.PowerShell.Core\FileSystem::C:\GitRepos\alisoncreations\resources\images","peek-a-boo-teddy-pink.jpg","C","Microsoft.PowerShell.Core\FileSystem","False","-a---","-a---","peek-a-boo-teddy-pink","C:\GitRepos\alisoncreations\resources\images\peek-a-boo-teddy-pink.jpg",,,"peek-a-boo-teddy-pink.jpg",,,"True","C:\GitRepos\alisoncreations\resources\images\peek-a-boo-teddy-pink.jpg",".jpg","19/09/2025 13:15:15","19/09/2025 12:15:15","04/10/2025 23:56:40","04/10/2025 22:56:40","15/06/2025 14:09:20","15/06/2025 13:09:20",,"-1","Archive"
"Microsoft.PowerShell.Core\FileSystem::C:\GitRepos\alisoncreations\resources\images\peek-a-boo-teddy-white.jpg","Microsoft.PowerShell.Core\FileSystem::C:\GitRepos\alisoncreations\resources\images","peek-a-boo-teddy-white.jpg","C","Microsoft.PowerShell.Core\FileSystem","False","-a---","-a---","peek-a-boo-teddy-white","C:\GitRepos\alisoncreations\resources\images\peek-a-boo-teddy-white.jpg",,,"peek-a-boo-teddy-white.jpg",,,"True","C:\GitRepos\alisoncreations\resources\images\peek-a-boo-teddy-white.jpg",".jpg","19/09/2025 13:15:15","19/09/2025 12:15:15","04/10/2025 23:56:40","04/10/2025 22:56:40","15/06/2025 14:09:22","15/06/2025 13:09:22",,"-1","Archive"
"Microsoft.PowerShell.Core\FileSystem::C:\GitRepos\alisoncreations\resources\images\peek-a-boo-teddy.jpg","Microsoft.PowerShell.Core\FileSystem::C:\GitRepos\alisoncreations\resources\images","peek-a-boo-teddy.jpg","C","Microsoft.PowerShell.Core\FileSystem","False","-a---","-a---","peek-a-boo-teddy","C:\GitRepos\alisoncreations\resources\images\peek-a-boo-teddy.jpg",,,"peek-a-boo-teddy.jpg",,,"True","C:\GitRepos\alisoncreations\resources\images\peek-a-boo-teddy.jpg",".jpg","19/09/2025 13:15:15","19/09/2025 12:15:15","04/10/2025 23:56:40","04/10/2025 22:56:40","08/06/2025 11:41:07","08/06/2025 10:41:07",,"-1","Archive"
"Microsoft.PowerShell.Core\FileSystem::C:\GitRepos\alisoncreations\resources\images\raindeer-blue.jpg","Microsoft.PowerShell.Core\FileSystem::C:\GitRepos\alisoncreations\resources\images","raindeer-blue.jpg","C","Microsoft.PowerShell.Core\FileSystem","False","-a---","-a---","raindeer-blue","C:\GitRepos\alisoncreations\resources\images\raindeer-blue.jpg",,,"raindeer-blue.jpg",,,"True","C:\GitRepos\alisoncreations\resources\images\raindeer-blue.jpg",".jpg","19/09/2025 13:15:15","19/09/2025 12:15:15","04/10/2025 23:56:40","04/10/2025 22:56:40","15/06/2025 14:08:52","15/06/2025 13:08:52",,"-1","Archive"
"Microsoft.PowerShell.Core\FileSystem::C:\GitRepos\alisoncreations\resources\images\raindeer-brown-clear.jpg","Microsoft.PowerShell.Core\FileSystem::C:\GitRepos\alisoncreations\resources\images","raindeer-brown-clear.jpg","C","Microsoft.PowerShell.Core\FileSystem","False","-a---","-a---","raindeer-brown-clear","C:\GitRepos\alisoncreations\resources\images\raindeer-brown-clear.jpg",,,"raindeer-brown-clear.jpg",,,"True","C:\GitRepos\alisoncreations\resources\images\raindeer-brown-clear.jpg",".jpg","19/09/2025 13:15:15","19/09/2025 12:15:15","04/10/2025 23:56:40","04/10/2025 22:56:40","15/06/2025 14:09:20","15/06/2025 13:09:20",,"-1","Archive"
"Microsoft.PowerShell.Core\FileSystem::C:\GitRepos\alisoncreations\resources\images\raindeer-brown.jpg","Microsoft.PowerShell.Core\FileSystem::C:\GitRepos\alisoncreations\resources\images","raindeer-brown.jpg","C","Microsoft.PowerShell.Core\FileSystem","False","-a---","-a---","raindeer-brown","C:\GitRepos\alisoncreations\resources\images\raindeer-brown.jpg",,,"raindeer-brown.jpg",,,"True","C:\GitRepos\alisoncreations\resources\images\raindeer-brown.jpg",".jpg","19/09/2025 13:15:15","19/09/2025 12:15:15","04/10/2025 23:56:40","04/10/2025 22:56:40","15/06/2025 14:08:49","15/06/2025 13:08:49",,"-1","Archive"
"Microsoft.PowerShell.Core\FileSystem::C:\GitRepos\alisoncreations\resources\images\raindeer-green.jpg","Microsoft.PowerShell.Core\FileSystem::C:\GitRepos\alisoncreations\resources\images","raindeer-green.jpg","C","Microsoft.PowerShell.Core\FileSystem","False","-a---","-a---","raindeer-green","C:\GitRepos\alisoncreations\resources\images\raindeer-green.jpg",,,"raindeer-green.jpg",,,"True","C:\GitRepos\alisoncreations\resources\images\raindeer-green.jpg",".jpg","19/09/2025 13:15:15","19/09/2025 12:15:15","04/10/2025 23:56:40","04/10/2025 22:56:40","15/06/2025 14:08:52","15/06/2025 13:08:52",,"-1","Archive"
"Microsoft.PowerShell.Core\FileSystem::C:\GitRepos\alisoncreations\resources\images\raindeer-white.jpg","Microsoft.PowerShell.Core\FileSystem::C:\GitRepos\alisoncreations\resources\images","raindeer-white.jpg","C","Microsoft.PowerShell.Core\FileSystem","False","-a---","-a---","raindeer-white","C:\GitRepos\alisoncreations\resources\images\raindeer-white.jpg",,,"raindeer-white.jpg",,,"True","C:\GitRepos\alisoncreations\resources\images\raindeer-white.jpg",".jpg","19/09/2025 13:15:15","19/09/2025 12:15:15","04/10/2025 23:56:40","04/10/2025 22:56:40","15/06/2025 14:08:13","15/06/2025 13:08:13",,"-1","Archive"
"Microsoft.PowerShell.Core\FileSystem::C:\GitRepos\alisoncreations\resources\images\rose-teddy-blue-white.jpg","Microsoft.PowerShell.Core\FileSystem::C:\GitRepos\alisoncreations\resources\images","rose-teddy-blue-white.jpg","C","Microsoft.PowerShell.Core\FileSystem","False","-a---","-a---","rose-teddy-blue-white","C:\GitRepos\alisoncreations\resources\images\rose-teddy-blue-white.jpg",,,"rose-teddy-blue-white.jpg",,,"True","C:\GitRepos\alisoncreations\resources\images\rose-teddy-blue-white.jpg",".jpg","19/09/2025 13:15:15","19/09/2025 12:15:15","04/10/2025 23:56:40","04/10/2025 22:56:40","15/06/2025 14:09:24","15/06/2025 13:09:24",,"-1","Archive"
"Microsoft.PowerShell.Core\FileSystem::C:\GitRepos\alisoncreations\resources\images\rose-teddy-brown-red.jpg","Microsoft.PowerShell.Core\FileSystem::C:\GitRepos\alisoncreations\resources\images","rose-teddy-brown-red.jpg","C","Microsoft.PowerShell.Core\FileSystem","False","-a---","-a---","rose-teddy-brown-red","C:\GitRepos\alisoncreations\resources\images\rose-teddy-brown-red.jpg",,,"rose-teddy-brown-red.jpg",,,"True","C:\GitRepos\alisoncreations\resources\images\rose-teddy-brown-red.jpg",".jpg","19/09/2025 13:15:15","19/09/2025 12:15:15","04/10/2025 23:56:40","04/10/2025 22:56:40","15/06/2025 14:09:26","15/06/2025 13:09:26",,"-1","Archive"
"Microsoft.PowerShell.Core\FileSystem::C:\GitRepos\alisoncreations\resources\images\rose-teddy-pink-glow-in-the-dark.jpg","Microsoft.PowerShell.Core\FileSystem::C:\GitRepos\alisoncreations\resources\images","rose-teddy-pink-glow-in-the-dark.jpg","C","Microsoft.PowerShell.Core\FileSystem","False","-a---","-a---","rose-teddy-pink-glow-in-the-dark","C:\GitRepos\alisoncreations\resources\images\rose-teddy-pink-glow-in-the-dark.jpg",,,"rose-teddy-pink-glow-in-the-dark.jpg",,,"True","C:\GitRepos\alisoncreations\resources\images\rose-teddy-pink-glow-in-the-dark.jpg",".jpg","19/09/2025 13:15:15","19/09/2025 12:15:15","04/10/2025 23:56:40","04/10/2025 22:56:40","15/06/2025 14:09:20","15/06/2025 13:09:20",,"-1","Archive"
"Microsoft.PowerShell.Core\FileSystem::C:\GitRepos\alisoncreations\resources\images\rose-teddy-red.jpg","Microsoft.PowerShell.Core\FileSystem::C:\GitRepos\alisoncreations\resources\images","rose-teddy-red.jpg","C","Microsoft.PowerShell.Core\FileSystem","False","-a---","-a---","rose-teddy-red","C:\GitRepos\alisoncreations\resources\images\rose-teddy-red.jpg",,,"rose-teddy-red.jpg",,,"True","C:\GitRepos\alisoncreations\resources\images\rose-teddy-red.jpg",".jpg","19/09/2025 13:15:15","19/09/2025 12:15:15","04/10/2025 23:56:40","04/10/2025 22:56:40","15/06/2025 14:08:13","15/06/2025 13:08:13",,"-1","Archive"
"Microsoft.PowerShell.Core\FileSystem::C:\GitRepos\alisoncreations\resources\images\rose-teddy-silver.jpg","Microsoft.PowerShell.Core\FileSystem::C:\GitRepos\alisoncreations\resources\images","rose-teddy-silver.jpg","C","Microsoft.PowerShell.Core\FileSystem","False","-a---","-a---","rose-teddy-silver","C:\GitRepos\alisoncreations\resources\images\rose-teddy-silver.jpg",,,"rose-teddy-silver.jpg",,,"True","C:\GitRepos\alisoncreations\resources\images\rose-teddy-silver.jpg",".jpg","19/09/2025 13:15:15","19/09/2025 12:15:15","04/10/2025 23:56:40","04/10/2025 22:56:40","15/06/2025 14:08:44","15/06/2025 13:08:44",,"-1","Archive"
"Microsoft.PowerShell.Core\FileSystem::C:\GitRepos\alisoncreations\resources\images\rose-teddyglow-in-the-dark-blue.jpg","Microsoft.PowerShell.Core\FileSystem::C:\GitRepos\alisoncreations\resources\images","rose-teddyglow-in-the-dark-blue.jpg","C","Microsoft.PowerShell.Core\FileSystem","False","-a---","-a---","rose-teddyglow-in-the-dark-blue","C:\GitRepos\alisoncreations\resources\images\rose-teddyglow-in-the-dark-blue.jpg",,,"rose-teddyglow-in-the-dark-blue.jpg",,,"True","C:\GitRepos\alisoncreations\resources\images\rose-teddyglow-in-the-dark-blue.jpg",".jpg","19/09/2025 13:15:15","19/09/2025 12:15:15","04/10/2025 23:56:40","04/10/2025 22:56:40","15/06/2025 14:08:12","15/06/2025 13:08:12",,"-1","Archive"
"Microsoft.PowerShell.Core\FileSystem::C:\GitRepos\alisoncreations\resources\images\set-of-2-houses-with-flowers-white.jpg","Microsoft.PowerShell.Core\FileSystem::C:\GitRepos\alisoncreations\resources\images","set-of-2-houses-with-flowers-white.jpg","C","Microsoft.PowerShell.Core\FileSystem","False","-a---","-a---","set-of-2-houses-with-flowers-white","C:\GitRepos\alisoncreations\resources\images\set-of-2-houses-with-flowers-white.jpg",,,"set-of-2-houses-with-flowers-white.jpg",,,"True","C:\GitRepos\alisoncreations\resources\images\set-of-2-houses-with-flowers-white.jpg",".jpg","19/09/2025 13:15:15","19/09/2025 12:15:15","04/10/2025 23:56:40","04/10/2025 22:56:40","15/06/2025 14:08:05","15/06/2025 13:08:05",,"-1","Archive"
"Microsoft.PowerShell.Core\FileSystem::C:\GitRepos\alisoncreations\resources\images\set-of-3-bunnys-blue.jpg","Microsoft.PowerShell.Core\FileSystem::C:\GitRepos\alisoncreations\resources\images","set-of-3-bunnys-blue.jpg","C","Microsoft.PowerShell.Core\FileSystem","False","-a---","-a---","set-of-3-bunnys-blue","C:\GitRepos\alisoncreations\resources\images\set-of-3-bunnys-blue.jpg",,,"set-of-3-bunnys-blue.jpg",,,"True","C:\GitRepos\alisoncreations\resources\images\set-of-3-bunnys-blue.jpg",".jpg","19/09/2025 13:15:15","19/09/2025 12:15:15","04/10/2025 23:56:40","04/10/2025 22:56:40","15/06/2025 14:09:09","15/06/2025 13:09:09",,"-1","Archive"
"Microsoft.PowerShell.Core\FileSystem::C:\GitRepos\alisoncreations\resources\images\set-of-3-bunnys-pink-(2).jpg","Microsoft.PowerShell.Core\FileSystem::C:\GitRepos\alisoncreations\resources\images","set-of-3-bunnys-pink-(2).jpg","C","Microsoft.PowerShell.Core\FileSystem","False","-a---","-a---","set-of-3-bunnys-pink-(2)","C:\GitRepos\alisoncreations\resources\images\set-of-3-bunnys-pink-(2).jpg",,,"set-of-3-bunnys-pink-(2).jpg",,,"True","C:\GitRepos\alisoncreations\resources\images\set-of-3-bunnys-pink-(2).jpg",".jpg","19/09/2025 13:15:15","19/09/2025 12:15:15","04/10/2025 23:56:40","04/10/2025 22:56:40","15/06/2025 14:09:10","15/06/2025 13:09:10",,"-1","Archive"
"Microsoft.PowerShell.Core\FileSystem::C:\GitRepos\alisoncreations\resources\images\set-of-3-bunnys-pink.jpg","Microsoft.PowerShell.Core\FileSystem::C:\GitRepos\alisoncreations\resources\images","set-of-3-bunnys-pink.jpg","C","Microsoft.PowerShell.Core\FileSystem","False","-a---","-a---","set-of-3-bunnys-pink","C:\GitRepos\alisoncreations\resources\images\set-of-3-bunnys-pink.jpg",,,"set-of-3-bunnys-pink.jpg",,,"True","C:\GitRepos\alisoncreations\resources\images\set-of-3-bunnys-pink.jpg",".jpg","19/09/2025 13:15:15","19/09/2025 12:15:15","04/10/2025 23:56:40","04/10/2025 22:56:40","15/06/2025 14:08:58","15/06/2025 13:08:58",,"-1","Archive"
"Microsoft.PowerShell.Core\FileSystem::C:\GitRepos\alisoncreations\resources\images\set-of-3-bunnys-white.jpg","Microsoft.PowerShell.Core\FileSystem::C:\GitRepos\alisoncreations\resources\images","set-of-3-bunnys-white.jpg","C","Microsoft.PowerShell.Core\FileSystem","False","-a---","-a---","set-of-3-bunnys-white","C:\GitRepos\alisoncreations\resources\images\set-of-3-bunnys-white.jpg",,,"set-of-3-bunnys-white.jpg",,,"True","C:\GitRepos\alisoncreations\resources\images\set-of-3-bunnys-white.jpg",".jpg","19/09/2025 13:15:15","19/09/2025 12:15:15","04/10/2025 23:56:40","04/10/2025 22:56:40","15/06/2025 14:09:25","15/06/2025 13:09:25",,"-1","Archive"
"Microsoft.PowerShell.Core\FileSystem::C:\GitRepos\alisoncreations\resources\images\set-of-3-bunnys-yellow.jpg","Microsoft.PowerShell.Core\FileSystem::C:\GitRepos\alisoncreations\resources\images","set-of-3-bunnys-yellow.jpg","C","Microsoft.PowerShell.Core\FileSystem","False","-a---","-a---","set-of-3-bunnys-yellow","C:\GitRepos\alisoncreations\resources\images\set-of-3-bunnys-yellow.jpg",,,"set-of-3-bunnys-yellow.jpg",,,"True","C:\GitRepos\alisoncreations\resources\images\set-of-3-bunnys-yellow.jpg",".jpg","19/09/2025 13:15:15","19/09/2025 12:15:15","04/10/2025 23:56:40","04/10/2025 22:56:40","15/06/2025 14:08:59","15/06/2025 13:08:59",,"-1","Archive"
"Microsoft.PowerShell.Core\FileSystem::C:\GitRepos\alisoncreations\resources\images\set-of-3-flower-vases-set-1.jpg","Microsoft.PowerShell.Core\FileSystem::C:\GitRepos\alisoncreations\resources\images","set-of-3-flower-vases-set-1.jpg","C","Microsoft.PowerShell.Core\FileSystem","False","-a---","-a---","set-of-3-flower-vases-set-1","C:\GitRepos\alisoncreations\resources\images\set-of-3-flower-vases-set-1.jpg",,,"set-of-3-flower-vases-set-1.jpg",,,"True","C:\GitRepos\alisoncreations\resources\images\set-of-3-flower-vases-set-1.jpg",".jpg","19/09/2025 13:15:15","19/09/2025 12:15:15","04/10/2025 23:56:40","04/10/2025 22:56:40","15/06/2025 14:08:05","15/06/2025 13:08:05",,"-1","Archive"
"Microsoft.PowerShell.Core\FileSystem::C:\GitRepos\alisoncreations\resources\images\set-of-3-flower-vases-set-2.jpg","Microsoft.PowerShell.Core\FileSystem::C:\GitRepos\alisoncreations\resources\images","set-of-3-flower-vases-set-2.jpg","C","Microsoft.PowerShell.Core\FileSystem","False","-a---","-a---","set-of-3-flower-vases-set-2","C:\GitRepos\alisoncreations\resources\images\set-of-3-flower-vases-set-2.jpg",,,"set-of-3-flower-vases-set-2.jpg",,,"True","C:\GitRepos\alisoncreations\resources\images\set-of-3-flower-vases-set-2.jpg",".jpg","19/09/2025 13:15:15","19/09/2025 12:15:15","04/10/2025 23:56:40","04/10/2025 22:56:40","15/06/2025 14:09:17","15/06/2025 13:09:17",,"-1","Archive"
"Microsoft.PowerShell.Core\FileSystem::C:\GitRepos\alisoncreations\resources\images\set-of-five-mushroons.jpg","Microsoft.PowerShell.Core\FileSystem::C:\GitRepos\alisoncreations\resources\images","set-of-five-mushroons.jpg","C","Microsoft.PowerShell.Core\FileSystem","False","-a---","-a---","set-of-five-mushroons","C:\GitRepos\alisoncreations\resources\images\set-of-five-mushroons.jpg",,,"set-of-five-mushroons.jpg",,,"True","C:\GitRepos\alisoncreations\resources\images\set-of-five-mushroons.jpg",".jpg","19/09/2025 13:15:15","19/09/2025 12:15:15","04/10/2025 23:56:40","04/10/2025 22:56:40","15/06/2025 14:09:20","15/06/2025 13:09:20",,"-1","Archive"
"Microsoft.PowerShell.Core\FileSystem::C:\GitRepos\alisoncreations\resources\images\set-of-three-mushroons.jpg","Microsoft.PowerShell.Core\FileSystem::C:\GitRepos\alisoncreations\resources\images","set-of-three-mushroons.jpg","C","Microsoft.PowerShell.Core\FileSystem","False","-a---","-a---","set-of-three-mushroons","C:\GitRepos\alisoncreations\resources\images\set-of-three-mushroons.jpg",,,"set-of-three-mushroons.jpg",,,"True","C:\GitRepos\alisoncreations\resources\images\set-of-three-mushroons.jpg",".jpg","19/09/2025 13:15:15","19/09/2025 12:15:15","04/10/2025 23:56:40","04/10/2025 22:56:40","15/06/2025 14:09:24","15/06/2025 13:09:24",,"-1","Archive"
"Microsoft.PowerShell.Core\FileSystem::C:\GitRepos\alisoncreations\resources\images\set-of-two-gnome.jpg","Microsoft.PowerShell.Core\FileSystem::C:\GitRepos\alisoncreations\resources\images","set-of-two-gnome.jpg","C","Microsoft.PowerShell.Core\FileSystem","False","-a---","-a---","set-of-two-gnome","C:\GitRepos\alisoncreations\resources\images\set-of-two-gnome.jpg",,,"set-of-two-gnome.jpg",,,"True","C:\GitRepos\alisoncreations\resources\images\set-of-two-gnome.jpg",".jpg","19/09/2025 13:15:15","19/09/2025 12:15:15","04/10/2025 23:56:40","04/10/2025 22:56:40","15/06/2025 14:09:03","15/06/2025 13:09:03",,"-1","Archive"
"Microsoft.PowerShell.Core\FileSystem::C:\GitRepos\alisoncreations\resources\images\sitting-angel-cream.jpg","Microsoft.PowerShell.Core\FileSystem::C:\GitRepos\alisoncreations\resources\images","sitting-angel-cream.jpg","C","Microsoft.PowerShell.Core\FileSystem","False","-a---","-a---","sitting-angel-cream","C:\GitRepos\alisoncreations\resources\images\sitting-angel-cream.jpg",,,"sitting-angel-cream.jpg",,,"True","C:\GitRepos\alisoncreations\resources\images\sitting-angel-cream.jpg",".jpg","19/09/2025 13:15:15","19/09/2025 12:15:15","04/10/2025 23:56:40","04/10/2025 22:56:40","15/06/2025 14:09:25","15/06/2025 13:09:25",,"-1","Archive"
"Microsoft.PowerShell.Core\FileSystem::C:\GitRepos\alisoncreations\resources\images\sitting-angel-pink.jpg","Microsoft.PowerShell.Core\FileSystem::C:\GitRepos\alisoncreations\resources\images","sitting-angel-pink.jpg","C","Microsoft.PowerShell.Core\FileSystem","False","-a---","-a---","sitting-angel-pink","C:\GitRepos\alisoncreations\resources\images\sitting-angel-pink.jpg",,,"sitting-angel-pink.jpg",,,"True","C:\GitRepos\alisoncreations\resources\images\sitting-angel-pink.jpg",".jpg","19/09/2025 13:15:15","19/09/2025 12:15:15","04/10/2025 23:56:40","04/10/2025 22:56:40","15/06/2025 14:08:56","15/06/2025 13:08:56",,"-1","Archive"
"Microsoft.PowerShell.Core\FileSystem::C:\GitRepos\alisoncreations\resources\images\sitting-angel-white.jpg","Microsoft.PowerShell.Core\FileSystem::C:\GitRepos\alisoncreations\resources\images","sitting-angel-white.jpg","C","Microsoft.PowerShell.Core\FileSystem","False","-a---","-a---","sitting-angel-white","C:\GitRepos\alisoncreations\resources\images\sitting-angel-white.jpg",,,"sitting-angel-white.jpg",,,"True","C:\GitRepos\alisoncreations\resources\images\sitting-angel-white.jpg",".jpg","19/09/2025 13:15:15","19/09/2025 12:15:15","04/10/2025 23:56:40","04/10/2025 22:56:40","15/06/2025 14:08:35","15/06/2025 13:08:35",,"-1","Archive"
"Microsoft.PowerShell.Core\FileSystem::C:\GitRepos\alisoncreations\resources\images\sitting-angel.jpg","Microsoft.PowerShell.Core\FileSystem::C:\GitRepos\alisoncreations\resources\images","sitting-angel.jpg","C","Microsoft.PowerShell.Core\FileSystem","False","-a---","-a---","sitting-angel","C:\GitRepos\alisoncreations\resources\images\sitting-angel.jpg",,,"sitting-angel.jpg",,,"True","C:\GitRepos\alisoncreations\resources\images\sitting-angel.jpg",".jpg","19/09/2025 13:15:15","19/09/2025 12:15:15","04/10/2025 23:56:40","04/10/2025 22:56:40","15/06/2025 14:08:35","15/06/2025 13:08:35",,"-1","Archive"
"Microsoft.PowerShell.Core\FileSystem::C:\GitRepos\alisoncreations\resources\images\sitting-teddy-small-blue.jpg","Microsoft.PowerShell.Core\FileSystem::C:\GitRepos\alisoncreations\resources\images","sitting-teddy-small-blue.jpg","C","Microsoft.PowerShell.Core\FileSystem","False","-a---","-a---","sitting-teddy-small-blue","C:\GitRepos\alisoncreations\resources\images\sitting-teddy-small-blue.jpg",,,"sitting-teddy-small-blue.jpg",,,"True","C:\GitRepos\alisoncreations\resources\images\sitting-teddy-small-blue.jpg",".jpg","19/09/2025 13:15:15","19/09/2025 12:15:15","04/10/2025 23:56:40","04/10/2025 22:56:40","15/06/2025 14:08:13","15/06/2025 13:08:13",,"-1","Archive"
"Microsoft.PowerShell.Core\FileSystem::C:\GitRepos\alisoncreations\resources\images\sitting-teddy-small-clear.jpg","Microsoft.PowerShell.Core\FileSystem::C:\GitRepos\alisoncreations\resources\images","sitting-teddy-small-clear.jpg","C","Microsoft.PowerShell.Core\FileSystem","False","-a---","-a---","sitting-teddy-small-clear","C:\GitRepos\alisoncreations\resources\images\sitting-teddy-small-clear.jpg",,,"sitting-teddy-small-clear.jpg",,,"True","C:\GitRepos\alisoncreations\resources\images\sitting-teddy-small-clear.jpg",".jpg","19/09/2025 13:15:15","19/09/2025 12:15:15","04/10/2025 23:56:40","04/10/2025 22:56:40","15/06/2025 14:08:52","15/06/2025 13:08:52",,"-1","Archive"
"Microsoft.PowerShell.Core\FileSystem::C:\GitRepos\alisoncreations\resources\images\sitting-teddy-small-light-blue.jpg","Microsoft.PowerShell.Core\FileSystem::C:\GitRepos\alisoncreations\resources\images","sitting-teddy-small-light-blue.jpg","C","Microsoft.PowerShell.Core\FileSystem","False","-a---","-a---","sitting-teddy-small-light-blue","C:\GitRepos\alisoncreations\resources\images\sitting-teddy-small-light-blue.jpg",,,"sitting-teddy-small-light-blue.jpg",,,"True","C:\GitRepos\alisoncreations\resources\images\sitting-teddy-small-light-blue.jpg",".jpg","19/09/2025 13:15:15","19/09/2025 12:15:15","04/10/2025 23:56:40","04/10/2025 22:56:40","15/06/2025 14:08:00","15/06/2025 13:08:00",,"-1","Archive"
"Microsoft.PowerShell.Core\FileSystem::C:\GitRepos\alisoncreations\resources\images\sitting-teddy-small-light-brown.jpg","Microsoft.PowerShell.Core\FileSystem::C:\GitRepos\alisoncreations\resources\images","sitting-teddy-small-light-brown.jpg","C","Microsoft.PowerShell.Core\FileSystem","False","-a---","-a---","sitting-teddy-small-light-brown","C:\GitRepos\alisoncreations\resources\images\sitting-teddy-small-light-brown.jpg",,,"sitting-teddy-small-light-brown.jpg",,,"True","C:\GitRepos\alisoncreations\resources\images\sitting-teddy-small-light-brown.jpg",".jpg","19/09/2025 13:15:15","19/09/2025 12:15:15","04/10/2025 23:56:40","04/10/2025 22:56:40","15/06/2025 14:08:01","15/06/2025 13:08:01",,"-1","Archive"
"Microsoft.PowerShell.Core\FileSystem::C:\GitRepos\alisoncreations\resources\images\sitting-teddy-small-silver.jpg","Microsoft.PowerShell.Core\FileSystem::C:\GitRepos\alisoncreations\resources\images","sitting-teddy-small-silver.jpg","C","Microsoft.PowerShell.Core\FileSystem","False","-a---","-a---","sitting-teddy-small-silver","C:\GitRepos\alisoncreations\resources\images\sitting-teddy-small-silver.jpg",,,"sitting-teddy-small-silver.jpg",,,"True","C:\GitRepos\alisoncreations\resources\images\sitting-teddy-small-silver.jpg",".jpg","19/09/2025 13:15:15","19/09/2025 12:15:15","04/10/2025 23:56:40","04/10/2025 22:56:40","15/06/2025 14:08:05","15/06/2025 13:08:05",,"-1","Archive"
"Microsoft.PowerShell.Core\FileSystem::C:\GitRepos\alisoncreations\resources\images\small-hanging-welcome-sign.jpg","Microsoft.PowerShell.Core\FileSystem::C:\GitRepos\alisoncreations\resources\images","small-hanging-welcome-sign.jpg","C","Microsoft.PowerShell.Core\FileSystem","False","-a---","-a---","small-hanging-welcome-sign","C:\GitRepos\alisoncreations\resources\images\small-hanging-welcome-sign.jpg",,,"small-hanging-welcome-sign.jpg",,,"True","C:\GitRepos\alisoncreations\resources\images\small-hanging-welcome-sign.jpg",".jpg","19/09/2025 13:15:15","19/09/2025 12:15:15","04/10/2025 23:56:40","04/10/2025 22:56:40","15/06/2025 14:09:24","15/06/2025 13:09:24",,"-1","Archive"
"Microsoft.PowerShell.Core\FileSystem::C:\GitRepos\alisoncreations\resources\images\snow-scene-blue-(2).jpg","Microsoft.PowerShell.Core\FileSystem::C:\GitRepos\alisoncreations\resources\images","snow-scene-blue-(2).jpg","C","Microsoft.PowerShell.Core\FileSystem","False","-a---","-a---","snow-scene-blue-(2)","C:\GitRepos\alisoncreations\resources\images\snow-scene-blue-(2).jpg",,,"snow-scene-blue-(2).jpg",,,"True","C:\GitRepos\alisoncreations\resources\images\snow-scene-blue-(2).jpg",".jpg","19/09/2025 13:15:15","19/09/2025 12:15:15","04/10/2025 23:56:40","04/10/2025 22:56:40","15/06/2025 14:08:56","15/06/2025 13:08:56",,"-1","Archive"
"Microsoft.PowerShell.Core\FileSystem::C:\GitRepos\alisoncreations\resources\images\snow-scene-blue.jpg","Microsoft.PowerShell.Core\FileSystem::C:\GitRepos\alisoncreations\resources\images","snow-scene-blue.jpg","C","Microsoft.PowerShell.Core\FileSystem","False","-a---","-a---","snow-scene-blue","C:\GitRepos\alisoncreations\resources\images\snow-scene-blue.jpg",,,"snow-scene-blue.jpg",,,"True","C:\GitRepos\alisoncreations\resources\images\snow-scene-blue.jpg",".jpg","19/09/2025 13:15:15","19/09/2025 12:15:15","04/10/2025 23:56:40","04/10/2025 22:56:40","15/06/2025 14:09:10","15/06/2025 13:09:10",,"-1","Archive"
"Microsoft.PowerShell.Core\FileSystem::C:\GitRepos\alisoncreations\resources\images\snow-scene-orange-(2).jpg","Microsoft.PowerShell.Core\FileSystem::C:\GitRepos\alisoncreations\resources\images","snow-scene-orange-(2).jpg","C","Microsoft.PowerShell.Core\FileSystem","False","-a---","-a---","snow-scene-orange-(2)","C:\GitRepos\alisoncreations\resources\images\snow-scene-orange-(2).jpg",,,"snow-scene-orange-(2).jpg",,,"True","C:\GitRepos\alisoncreations\resources\images\snow-scene-orange-(2).jpg",".jpg","19/09/2025 13:15:15","19/09/2025 12:15:15","04/10/2025 23:56:40","04/10/2025 22:56:40","15/06/2025 14:09:25","15/06/2025 13:09:25",,"-1","Archive"
"Microsoft.PowerShell.Core\FileSystem::C:\GitRepos\alisoncreations\resources\images\snow-scene-orange.jpg","Microsoft.PowerShell.Core\FileSystem::C:\GitRepos\alisoncreations\resources\images","snow-scene-orange.jpg","C","Microsoft.PowerShell.Core\FileSystem","False","-a---","-a---","snow-scene-orange","C:\GitRepos\alisoncreations\resources\images\snow-scene-orange.jpg",,,"snow-scene-orange.jpg",,,"True","C:\GitRepos\alisoncreations\resources\images\snow-scene-orange.jpg",".jpg","19/09/2025 13:15:15","19/09/2025 12:15:15","04/10/2025 23:56:40","04/10/2025 22:56:40","15/06/2025 14:08:56","15/06/2025 13:08:56",,"-1","Archive"
"Microsoft.PowerShell.Core\FileSystem::C:\GitRepos\alisoncreations\resources\images\snow-scene-red-(2).jpg","Microsoft.PowerShell.Core\FileSystem::C:\GitRepos\alisoncreations\resources\images","snow-scene-red-(2).jpg","C","Microsoft.PowerShell.Core\FileSystem","False","-a---","-a---","snow-scene-red-(2)","C:\GitRepos\alisoncreations\resources\images\snow-scene-red-(2).jpg",,,"snow-scene-red-(2).jpg",,,"True","C:\GitRepos\alisoncreations\resources\images\snow-scene-red-(2).jpg",".jpg","19/09/2025 13:15:15","19/09/2025 12:15:15","04/10/2025 23:56:40","04/10/2025 22:56:40","15/06/2025 14:09:17","15/06/2025 13:09:17",,"-1","Archive"
"Microsoft.PowerShell.Core\FileSystem::C:\GitRepos\alisoncreations\resources\images\snow-scene-red.jpg","Microsoft.PowerShell.Core\FileSystem::C:\GitRepos\alisoncreations\resources\images","snow-scene-red.jpg","C","Microsoft.PowerShell.Core\FileSystem","False","-a---","-a---","snow-scene-red","C:\GitRepos\alisoncreations\resources\images\snow-scene-red.jpg",,,"snow-scene-red.jpg",,,"True","C:\GitRepos\alisoncreations\resources\images\snow-scene-red.jpg",".jpg","19/09/2025 13:15:15","19/09/2025 12:15:15","04/10/2025 23:56:40","04/10/2025 22:56:40","15/06/2025 14:08:56","15/06/2025 13:08:56",,"-1","Archive"
"Microsoft.PowerShell.Core\FileSystem::C:\GitRepos\alisoncreations\resources\images\snow-scene-white-(2).jpg","Microsoft.PowerShell.Core\FileSystem::C:\GitRepos\alisoncreations\resources\images","snow-scene-white-(2).jpg","C","Microsoft.PowerShell.Core\FileSystem","False","-a---","-a---","snow-scene-white-(2)","C:\GitRepos\alisoncreations\resources\images\snow-scene-white-(2).jpg",,,"snow-scene-white-(2).jpg",,,"True","C:\GitRepos\alisoncreations\resources\images\snow-scene-white-(2).jpg",".jpg","19/09/2025 13:15:15","19/09/2025 12:15:15","04/10/2025 23:56:40","04/10/2025 22:56:40","15/06/2025 14:09:20","15/06/2025 13:09:20",,"-1","Archive"
"Microsoft.PowerShell.Core\FileSystem::C:\GitRepos\alisoncreations\resources\images\snow-scene-white-(3).jpg","Microsoft.PowerShell.Core\FileSystem::C:\GitRepos\alisoncreations\resources\images","snow-scene-white-(3).jpg","C","Microsoft.PowerShell.Core\FileSystem","False","-a---","-a---","snow-scene-white-(3)","C:\GitRepos\alisoncreations\resources\images\snow-scene-white-(3).jpg",,,"snow-scene-white-(3).jpg",,,"True","C:\GitRepos\alisoncreations\resources\images\snow-scene-white-(3).jpg",".jpg","19/09/2025 13:15:15","19/09/2025 12:15:15","04/10/2025 23:56:40","04/10/2025 22:56:40","15/06/2025 14:08:59","15/06/2025 13:08:59",,"-1","Archive"
"Microsoft.PowerShell.Core\FileSystem::C:\GitRepos\alisoncreations\resources\images\snow-scene-white.jpg","Microsoft.PowerShell.Core\FileSystem::C:\GitRepos\alisoncreations\resources\images","snow-scene-white.jpg","C","Microsoft.PowerShell.Core\FileSystem","False","-a---","-a---","snow-scene-white","C:\GitRepos\alisoncreations\resources\images\snow-scene-white.jpg",,,"snow-scene-white.jpg",,,"True","C:\GitRepos\alisoncreations\resources\images\snow-scene-white.jpg",".jpg","19/09/2025 13:15:15","19/09/2025 12:15:15","04/10/2025 23:56:40","04/10/2025 22:56:40","15/06/2025 14:08:56","15/06/2025 13:08:56",,"-1","Archive"
"Microsoft.PowerShell.Core\FileSystem::C:\GitRepos\alisoncreations\resources\images\snow-scene-yellow-(2).jpg","Microsoft.PowerShell.Core\FileSystem::C:\GitRepos\alisoncreations\resources\images","snow-scene-yellow-(2).jpg","C","Microsoft.PowerShell.Core\FileSystem","False","-a---","-a---","snow-scene-yellow-(2)","C:\GitRepos\alisoncreations\resources\images\snow-scene-yellow-(2).jpg",,,"snow-scene-yellow-(2).jpg",,,"True","C:\GitRepos\alisoncreations\resources\images\snow-scene-yellow-(2).jpg",".jpg","19/09/2025 13:15:15","19/09/2025 12:15:15","04/10/2025 23:56:40","04/10/2025 22:56:40","15/06/2025 14:09:17","15/06/2025 13:09:17",,"-1","Archive"
"Microsoft.PowerShell.Core\FileSystem::C:\GitRepos\alisoncreations\resources\images\snow-scene-yellow-(3).jpg","Microsoft.PowerShell.Core\FileSystem::C:\GitRepos\alisoncreations\resources\images","snow-scene-yellow-(3).jpg","C","Microsoft.PowerShell.Core\FileSystem","False","-a---","-a---","snow-scene-yellow-(3)","C:\GitRepos\alisoncreations\resources\images\snow-scene-yellow-(3).jpg",,,"snow-scene-yellow-(3).jpg",,,"True","C:\GitRepos\alisoncreations\resources\images\snow-scene-yellow-(3).jpg",".jpg","19/09/2025 13:15:15","19/09/2025 12:15:15","04/10/2025 23:56:40","04/10/2025 22:56:40","15/06/2025 14:09:01","15/06/2025 13:09:01",,"-1","Archive"
"Microsoft.PowerShell.Core\FileSystem::C:\GitRepos\alisoncreations\resources\images\snow-scene-yellow.jpg","Microsoft.PowerShell.Core\FileSystem::C:\GitRepos\alisoncreations\resources\images","snow-scene-yellow.jpg","C","Microsoft.PowerShell.Core\FileSystem","False","-a---","-a---","snow-scene-yellow","C:\GitRepos\alisoncreations\resources\images\snow-scene-yellow.jpg",,,"snow-scene-yellow.jpg",,,"True","C:\GitRepos\alisoncreations\resources\images\snow-scene-yellow.jpg",".jpg","19/09/2025 13:15:15","19/09/2025 12:15:15","04/10/2025 23:56:40","04/10/2025 22:56:40","15/06/2025 14:09:15","15/06/2025 13:09:15",,"-1","Archive"
"Microsoft.PowerShell.Core\FileSystem::C:\GitRepos\alisoncreations\resources\images\stag-head-white.jpg","Microsoft.PowerShell.Core\FileSystem::C:\GitRepos\alisoncreations\resources\images","stag-head-white.jpg","C","Microsoft.PowerShell.Core\FileSystem","False","-a---","-a---","stag-head-white","C:\GitRepos\alisoncreations\resources\images\stag-head-white.jpg",,,"stag-head-white.jpg",,,"True","C:\GitRepos\alisoncreations\resources\images\stag-head-white.jpg",".jpg","19/09/2025 13:15:15","19/09/2025 12:15:15","04/10/2025 23:56:40","04/10/2025 22:56:40","15/06/2025 14:08:05","15/06/2025 13:08:05",,"-1","Archive"
"Microsoft.PowerShell.Core\FileSystem::C:\GitRepos\alisoncreations\resources\images\stag.jpg","Microsoft.PowerShell.Core\FileSystem::C:\GitRepos\alisoncreations\resources\images","stag.jpg","C","Microsoft.PowerShell.Core\FileSystem","False","-a---","-a---","stag","C:\GitRepos\alisoncreations\resources\images\stag.jpg",,,"stag.jpg",,,"True","C:\GitRepos\alisoncreations\resources\images\stag.jpg",".jpg","19/09/2025 13:15:15","19/09/2025 12:15:15","04/10/2025 23:56:40","04/10/2025 22:56:40","01/06/2025 13:45:24","01/06/2025 12:45:24",,"-1","Archive"
"Microsoft.PowerShell.Core\FileSystem::C:\GitRepos\alisoncreations\resources\images\teddy-crystal.jpg","Microsoft.PowerShell.Core\FileSystem::C:\GitRepos\alisoncreations\resources\images","teddy-crystal.jpg","C","Microsoft.PowerShell.Core\FileSystem","False","-a---","-a---","teddy-crystal","C:\GitRepos\alisoncreations\resources\images\teddy-crystal.jpg",,,"teddy-crystal.jpg",,,"True","C:\GitRepos\alisoncreations\resources\images\teddy-crystal.jpg",".jpg","19/09/2025 13:15:16","19/09/2025 12:15:16","04/10/2025 23:56:40","04/10/2025 22:56:40","01/06/2025 17:10:11","01/06/2025 16:10:11",,"-1","Archive"
"Microsoft.PowerShell.Core\FileSystem::C:\GitRepos\alisoncreations\resources\images\teddy-on-heart-bench-with-flower.jpg","Microsoft.PowerShell.Core\FileSystem::C:\GitRepos\alisoncreations\resources\images","teddy-on-heart-bench-with-flower.jpg","C","Microsoft.PowerShell.Core\FileSystem","False","-a---","-a---","teddy-on-heart-bench-with-flower","C:\GitRepos\alisoncreations\resources\images\teddy-on-heart-bench-with-flower.jpg",,,"teddy-on-heart-bench-with-flower.jpg",,,"True","C:\GitRepos\alisoncreations\resources\images\teddy-on-heart-bench-with-flower.jpg",".jpg","19/09/2025 13:15:15","19/09/2025 12:15:15","04/10/2025 23:56:40","04/10/2025 22:56:40","01/06/2025 13:36:42","01/06/2025 12:36:42",,"-1","Archive"
"Microsoft.PowerShell.Core\FileSystem::C:\GitRepos\alisoncreations\resources\images\teddy-on-heart-bench.jpg","Microsoft.PowerShell.Core\FileSystem::C:\GitRepos\alisoncreations\resources\images","teddy-on-heart-bench.jpg","C","Microsoft.PowerShell.Core\FileSystem","False","-a---","-a---","teddy-on-heart-bench","C:\GitRepos\alisoncreations\resources\images\teddy-on-heart-bench.jpg",,,"teddy-on-heart-bench.jpg",,,"True","C:\GitRepos\alisoncreations\resources\images\teddy-on-heart-bench.jpg",".jpg","19/09/2025 13:15:15","19/09/2025 12:15:15","04/10/2025 23:56:40","04/10/2025 22:56:40","15/06/2025 14:08:46","15/06/2025 13:08:46",,"-1","Archive"
"Microsoft.PowerShell.Core\FileSystem::C:\GitRepos\alisoncreations\resources\images\teddy-on-heart-bench1.jpg","Microsoft.PowerShell.Core\FileSystem::C:\GitRepos\alisoncreations\resources\images","teddy-on-heart-bench1.jpg","C","Microsoft.PowerShell.Core\FileSystem","False","-a---","-a---","teddy-on-heart-bench1","C:\GitRepos\alisoncreations\resources\images\teddy-on-heart-bench1.jpg",,,"teddy-on-heart-bench1.jpg",,,"True","C:\GitRepos\alisoncreations\resources\images\teddy-on-heart-bench1.jpg",".jpg","19/09/2025 13:15:15","19/09/2025 12:15:15","04/10/2025 23:56:40","04/10/2025 22:56:40","15/06/2025 14:08:44","15/06/2025 13:08:44",,"-1","Archive"
"Microsoft.PowerShell.Core\FileSystem::C:\GitRepos\alisoncreations\resources\images\teddy-on-star-bench-with-flower.jpg","Microsoft.PowerShell.Core\FileSystem::C:\GitRepos\alisoncreations\resources\images","teddy-on-star-bench-with-flower.jpg","C","Microsoft.PowerShell.Core\FileSystem","False","-a---","-a---","teddy-on-star-bench-with-flower","C:\GitRepos\alisoncreations\resources\images\teddy-on-star-bench-with-flower.jpg",,,"teddy-on-star-bench-with-flower.jpg",,,"True","C:\GitRepos\alisoncreations\resources\images\teddy-on-star-bench-with-flower.jpg",".jpg","19/09/2025 13:15:15","19/09/2025 12:15:15","04/10/2025 23:56:40","04/10/2025 22:56:40","01/06/2025 13:36:43","01/06/2025 12:36:43",,"-1","Archive"
"Microsoft.PowerShell.Core\FileSystem::C:\GitRepos\alisoncreations\resources\images\teddy-on-star-bench.jpg","Microsoft.PowerShell.Core\FileSystem::C:\GitRepos\alisoncreations\resources\images","teddy-on-star-bench.jpg","C","Microsoft.PowerShell.Core\FileSystem","False","-a---","-a---","teddy-on-star-bench","C:\GitRepos\alisoncreations\resources\images\teddy-on-star-bench.jpg",,,"teddy-on-star-bench.jpg",,,"True","C:\GitRepos\alisoncreations\resources\images\teddy-on-star-bench.jpg",".jpg","19/09/2025 13:15:16","19/09/2025 12:15:16","04/10/2025 23:56:40","04/10/2025 22:56:40","15/06/2025 14:08:52","15/06/2025 13:08:52",,"-1","Archive"
"Microsoft.PowerShell.Core\FileSystem::C:\GitRepos\alisoncreations\resources\images\teddy's-with-crystals-blue.jpg","Microsoft.PowerShell.Core\FileSystem::C:\GitRepos\alisoncreations\resources\images","teddy's-with-crystals-blue.jpg","C","Microsoft.PowerShell.Core\FileSystem","False","-a---","-a---","teddy's-with-crystals-blue","C:\GitRepos\alisoncreations\resources\images\teddy's-with-crystals-blue.jpg",,,"teddy's-with-crystals-blue.jpg",,,"True","C:\GitRepos\alisoncreations\resources\images\teddy's-with-crystals-blue.jpg",".jpg","19/09/2025 13:15:16","19/09/2025 12:15:16","04/10/2025 23:56:40","04/10/2025 22:56:40","15/06/2025 14:08:05","15/06/2025 13:08:05",,"-1","Archive"
"Microsoft.PowerShell.Core\FileSystem::C:\GitRepos\alisoncreations\resources\images\teddy's-with-crystals-pink.jpg","Microsoft.PowerShell.Core\FileSystem::C:\GitRepos\alisoncreations\resources\images","teddy's-with-crystals-pink.jpg","C","Microsoft.PowerShell.Core\FileSystem","False","-a---","-a---","teddy's-with-crystals-pink","C:\GitRepos\alisoncreations\resources\images\teddy's-with-crystals-pink.jpg",,,"teddy's-with-crystals-pink.jpg",,,"True","C:\GitRepos\alisoncreations\resources\images\teddy's-with-crystals-pink.jpg",".jpg","19/09/2025 13:15:16","19/09/2025 12:15:16","04/10/2025 23:56:40","04/10/2025 22:56:40","15/06/2025 14:08:59","15/06/2025 13:08:59",,"-1","Archive"
"Microsoft.PowerShell.Core\FileSystem::C:\GitRepos\alisoncreations\resources\images\tents-with-candel-light-blue.jpg","Microsoft.PowerShell.Core\FileSystem::C:\GitRepos\alisoncreations\resources\images","tents-with-candel-light-blue.jpg","C","Microsoft.PowerShell.Core\FileSystem","False","-a---","-a---","tents-with-candel-light-blue","C:\GitRepos\alisoncreations\resources\images\tents-with-candel-light-blue.jpg",,,"tents-with-candel-light-blue.jpg",,,"True","C:\GitRepos\alisoncreations\resources\images\tents-with-candel-light-blue.jpg",".jpg","19/09/2025 13:15:16","19/09/2025 12:15:16","04/10/2025 23:56:40","04/10/2025 22:56:40","15/06/2025 14:09:17","15/06/2025 13:09:17",,"-1","Archive"
"Microsoft.PowerShell.Core\FileSystem::C:\GitRepos\alisoncreations\resources\images\tents-with-candel-light-pink.jpg","Microsoft.PowerShell.Core\FileSystem::C:\GitRepos\alisoncreations\resources\images","tents-with-candel-light-pink.jpg","C","Microsoft.PowerShell.Core\FileSystem","False","-a---","-a---","tents-with-candel-light-pink","C:\GitRepos\alisoncreations\resources\images\tents-with-candel-light-pink.jpg",,,"tents-with-candel-light-pink.jpg",,,"True","C:\GitRepos\alisoncreations\resources\images\tents-with-candel-light-pink.jpg",".jpg","19/09/2025 13:15:16","19/09/2025 12:15:16","04/10/2025 23:56:40","04/10/2025 22:56:40","15/06/2025 14:09:24","15/06/2025 13:09:24",,"-1","Archive"
"Microsoft.PowerShell.Core\FileSystem::C:\GitRepos\alisoncreations\resources\images\tents-with-candel-light-yellow.jpg","Microsoft.PowerShell.Core\FileSystem::C:\GitRepos\alisoncreations\resources\images","tents-with-candel-light-yellow.jpg","C","Microsoft.PowerShell.Core\FileSystem","False","-a---","-a---","tents-with-candel-light-yellow","C:\GitRepos\alisoncreations\resources\images\tents-with-candel-light-yellow.jpg",,,"tents-with-candel-light-yellow.jpg",,,"True","C:\GitRepos\alisoncreations\resources\images\tents-with-candel-light-yellow.jpg",".jpg","19/09/2025 13:15:16","19/09/2025 12:15:16","04/10/2025 23:56:40","04/10/2025 22:56:40","15/06/2025 14:09:25","15/06/2025 13:09:25",,"-1","Archive"
"Microsoft.PowerShell.Core\FileSystem::C:\GitRepos\alisoncreations\resources\images\unicorn-tedd-set.jpg","Microsoft.PowerShell.Core\FileSystem::C:\GitRepos\alisoncreations\resources\images","unicorn-tedd-set.jpg","C","Microsoft.PowerShell.Core\FileSystem","False","-a---","-a---","unicorn-tedd-set","C:\GitRepos\alisoncreations\resources\images\unicorn-tedd-set.jpg",,,"unicorn-tedd-set.jpg",,,"True","C:\GitRepos\alisoncreations\resources\images\unicorn-tedd-set.jpg",".jpg","19/09/2025 13:15:16","19/09/2025 12:15:16","04/10/2025 23:56:40","04/10/2025 22:56:40","15/06/2025 14:08:36","15/06/2025 13:08:36",,"-1","Archive"
"Microsoft.PowerShell.Core\FileSystem::C:\GitRepos\alisoncreations\resources\images\unicorn-teddy-star-set.jpg","Microsoft.PowerShell.Core\FileSystem::C:\GitRepos\alisoncreations\resources\images","unicorn-teddy-star-set.jpg","C","Microsoft.PowerShell.Core\FileSystem","False","-a---","-a---","unicorn-teddy-star-set","C:\GitRepos\alisoncreations\resources\images\unicorn-teddy-star-set.jpg",,,"unicorn-teddy-star-set.jpg",,,"True","C:\GitRepos\alisoncreations\resources\images\unicorn-teddy-star-set.jpg",".jpg","19/09/2025 13:15:16","19/09/2025 12:15:16","04/10/2025 23:56:40","04/10/2025 22:56:40","15/06/2025 14:08:46","15/06/2025 13:08:46",,"-1","Archive"
"Microsoft.PowerShell.Core\FileSystem::C:\GitRepos\alisoncreations\resources\images\whiteb-hanging-xmas-trees.jpg","Microsoft.PowerShell.Core\FileSystem::C:\GitRepos\alisoncreations\resources\images","whiteb-hanging-xmas-trees.jpg","C","Microsoft.PowerShell.Core\FileSystem","False","-a---","-a---","whiteb-hanging-xmas-trees","C:\GitRepos\alisoncreations\resources\images\whiteb-hanging-xmas-trees.jpg",,,"whiteb-hanging-xmas-trees.jpg",,,"True","C:\GitRepos\alisoncreations\resources\images\whiteb-hanging-xmas-trees.jpg",".jpg","19/09/2025 13:15:16","19/09/2025 12:15:16","04/10/2025 23:56:40","04/10/2025 22:56:40","15/06/2025 14:08:10","15/06/2025 13:08:10",,"-1","Archive"
"Microsoft.PowerShell.Core\FileSystem::C:\GitRepos\alisoncreations\resources\images\wooden-house-scene-1.jpg","Microsoft.PowerShell.Core\FileSystem::C:\GitRepos\alisoncreations\resources\images","wooden-house-scene-1.jpg","C","Microsoft.PowerShell.Core\FileSystem","False","-a---","-a---","wooden-house-scene-1","C:\GitRepos\alisoncreations\resources\images\wooden-house-scene-1.jpg",,,"wooden-house-scene-1.jpg",,,"True","C:\GitRepos\alisoncreations\resources\images\wooden-house-scene-1.jpg",".jpg","19/09/2025 13:15:16","19/09/2025 12:15:16","04/10/2025 23:56:40","04/10/2025 22:56:40","15/06/2025 14:09:17","15/06/2025 13:09:17",,"-1","Archive"
"Microsoft.PowerShell.Core\FileSystem::C:\GitRepos\alisoncreations\resources\images\wooden-house-scene-2.jpg","Microsoft.PowerShell.Core\FileSystem::C:\GitRepos\alisoncreations\resources\images","wooden-house-scene-2.jpg","C","Microsoft.PowerShell.Core\FileSystem","False","-a---","-a---","wooden-house-scene-2","C:\GitRepos\alisoncreations\resources\images\wooden-house-scene-2.jpg",,,"wooden-house-scene-2.jpg",,,"True","C:\GitRepos\alisoncreations\resources\images\wooden-house-scene-2.jpg",".jpg","19/09/2025 13:15:16","19/09/2025 12:15:16","04/10/2025 23:56:40","04/10/2025 22:56:40","15/06/2025 14:09:03","15/06/2025 13:09:03",,"-1","Archive"
"Microsoft.PowerShell.Core\FileSystem::C:\GitRepos\alisoncreations\resources\images\wooden-house-scene-3.jpg","Microsoft.PowerShell.Core\FileSystem::C:\GitRepos\alisoncreations\resources\images","wooden-house-scene-3.jpg","C","Microsoft.PowerShell.Core\FileSystem","False","-a---","-a---","wooden-house-scene-3","C:\GitRepos\alisoncreations\resources\images\wooden-house-scene-3.jpg",,,"wooden-house-scene-3.jpg",,,"True","C:\GitRepos\alisoncreations\resources\images\wooden-house-scene-3.jpg",".jpg","19/09/2025 13:15:16","19/09/2025 12:15:16","04/10/2025 23:56:40","04/10/2025 22:56:40","15/06/2025 14:09:25","15/06/2025 13:09:25",,"-1","Archive"
"Microsoft.PowerShell.Core\FileSystem::C:\GitRepos\alisoncreations\resources\images\wooden-quote-blue.jpg","Microsoft.PowerShell.Core\FileSystem::C:\GitRepos\alisoncreations\resources\images","wooden-quote-blue.jpg","C","Microsoft.PowerShell.Core\FileSystem","False","-a---","-a---","wooden-quote-blue","C:\GitRepos\alisoncreations\resources\images\wooden-quote-blue.jpg",,,"wooden-quote-blue.jpg",,,"True","C:\GitRepos\alisoncreations\resources\images\wooden-quote-blue.jpg",".jpg","19/09/2025 13:15:16","19/09/2025 12:15:16","04/10/2025 23:56:40","04/10/2025 22:56:40","15/06/2025 14:08:25","15/06/2025 13:08:25",,"-1","Archive"
"Microsoft.PowerShell.Core\FileSystem::C:\GitRepos\alisoncreations\resources\images\wooden-quote-mauve.jpg","Microsoft.PowerShell.Core\FileSystem::C:\GitRepos\alisoncreations\resources\images","wooden-quote-mauve.jpg","C","Microsoft.PowerShell.Core\FileSystem","False","-a---","-a---","wooden-quote-mauve","C:\GitRepos\alisoncreations\resources\images\wooden-quote-mauve.jpg",,,"wooden-quote-mauve.jpg",,,"True","C:\GitRepos\alisoncreations\resources\images\wooden-quote-mauve.jpg",".jpg","19/09/2025 13:15:16","19/09/2025 12:15:16","04/10/2025 23:56:40","04/10/2025 22:56:40","15/06/2025 14:08:56","15/06/2025 13:08:56",,"-1","Archive"
"Microsoft.PowerShell.Core\FileSystem::C:\GitRepos\alisoncreations\resources\videos\Big  house scene.mp4","Microsoft.PowerShell.Core\FileSystem::C:\GitRepos\alisoncreations\resources\videos","Big  house scene.mp4","C","Microsoft.PowerShell.Core\FileSystem","False","-a---","-a---","Big  house scene","C:\GitRepos\alisoncreations\resources\videos\Big  house scene.mp4",,,"Big  house scene.mp4",,,"True","C:\GitRepos\alisoncreations\resources\videos\Big  house scene.mp4",".mp4","24/09/2025 22:24:32","24/09/2025 21:24:32","04/10/2025 23:55:14","04/10/2025 22:55:14","24/09/2025 22:24:34","24/09/2025 21:24:34",,"-1","Archive"
"Microsoft.PowerShell.Core\FileSystem::C:\GitRepos\alisoncreations\resources\videos\Big coloured light up house scene.mp4","Microsoft.PowerShell.Core\FileSystem::C:\GitRepos\alisoncreations\resources\videos","Big coloured light up house scene.mp4","C","Microsoft.PowerShell.Core\FileSystem","False","-a---","-a---","Big coloured light up house scene","C:\GitRepos\alisoncreations\resources\videos\Big coloured light up house scene.mp4",,,"Big coloured light up house scene.mp4",,,"True","C:\GitRepos\alisoncreations\resources\videos\Big coloured light up house scene.mp4",".mp4","24/09/2025 22:24:35","24/09/2025 21:24:35","04/10/2025 23:55:14","04/10/2025 22:55:14","24/09/2025 22:24:37","24/09/2025 21:24:37",,"-1","Archive"
"Microsoft.PowerShell.Core\FileSystem::C:\GitRepos\alisoncreations\resources\videos\Big light up house scene.mp4","Microsoft.PowerShell.Core\FileSystem::C:\GitRepos\alisoncreations\resources\videos","Big light up house scene.mp4","C","Microsoft.PowerShell.Core\FileSystem","False","-a---","-a---","Big light up house scene","C:\GitRepos\alisoncreations\resources\videos\Big light up house scene.mp4",,,"Big light up house scene.mp4",,,"True","C:\GitRepos\alisoncreations\resources\videos\Big light up house scene.mp4",".mp4","24/09/2025 22:24:38","24/09/2025 21:24:38","04/10/2025 23:55:14","04/10/2025 22:55:14","24/09/2025 22:24:40","24/09/2025 21:24:40",,"-1","Archive"
"Microsoft.PowerShell.Core\FileSystem::C:\GitRepos\alisoncreations\resources\videos\Blue -green frod mix.mp4","Microsoft.PowerShell.Core\FileSystem::C:\GitRepos\alisoncreations\resources\videos","Blue -green frod mix.mp4","C","Microsoft.PowerShell.Core\FileSystem","False","-a---","-a---","Blue -green frod mix","C:\GitRepos\alisoncreations\resources\videos\Blue -green frod mix.mp4",,,"Blue -green frod mix.mp4",,,"True","C:\GitRepos\alisoncreations\resources\videos\Blue -green frod mix.mp4",".mp4","24/09/2025 22:24:41","24/09/2025 21:24:41","04/10/2025 23:55:14","04/10/2025 22:55:14","24/09/2025 22:24:42","24/09/2025 21:24:42",,"-1","Archive"
"Microsoft.PowerShell.Core\FileSystem::C:\GitRepos\alisoncreations\resources\videos\Boat with flower Anchor gold rope.mp4","Microsoft.PowerShell.Core\FileSystem::C:\GitRepos\alisoncreations\resources\videos","Boat with flower Anchor gold rope.mp4","C","Microsoft.PowerShell.Core\FileSystem","False","-a---","-a---","Boat with flower Anchor gold rope","C:\GitRepos\alisoncreations\resources\videos\Boat with flower Anchor gold rope.mp4",,,"Boat with flower Anchor gold rope.mp4",,,"True","C:\GitRepos\alisoncreations\resources\videos\Boat with flower Anchor gold rope.mp4",".mp4","24/09/2025 22:24:43","24/09/2025 21:24:43","04/10/2025 23:55:14","04/10/2025 22:55:14","24/09/2025 22:24:45","24/09/2025 21:24:45",,"-1","Archive"
"Microsoft.PowerShell.Core\FileSystem::C:\GitRepos\alisoncreations\resources\videos\Boat with flower Anchor white.mp4","Microsoft.PowerShell.Core\FileSystem::C:\GitRepos\alisoncreations\resources\videos","Boat with flower Anchor white.mp4","C","Microsoft.PowerShell.Core\FileSystem","False","-a---","-a---","Boat with flower Anchor white","C:\GitRepos\alisoncreations\resources\videos\Boat with flower Anchor white.mp4",,,"Boat with flower Anchor white.mp4",,,"True","C:\GitRepos\alisoncreations\resources\videos\Boat with flower Anchor white.mp4",".mp4","24/09/2025 22:24:46","24/09/2025 21:24:46","04/10/2025 23:55:14","04/10/2025 22:55:14","24/09/2025 22:24:48","24/09/2025 21:24:48",,"-1","Archive"
"Microsoft.PowerShell.Core\FileSystem::C:\GitRepos\alisoncreations\resources\videos\Cat mix.mp4","Microsoft.PowerShell.Core\FileSystem::C:\GitRepos\alisoncreations\resources\videos","Cat mix.mp4","C","Microsoft.PowerShell.Core\FileSystem","False","-a---","-a---","Cat mix","C:\GitRepos\alisoncreations\resources\videos\Cat mix.mp4",,,"Cat mix.mp4",,,"True","C:\GitRepos\alisoncreations\resources\videos\Cat mix.mp4",".mp4","24/09/2025 22:24:48","24/09/2025 21:24:48","04/10/2025 23:55:14","04/10/2025 22:55:14","24/09/2025 22:24:50","24/09/2025 21:24:50",,"-1","Archive"
"Microsoft.PowerShell.Core\FileSystem::C:\GitRepos\alisoncreations\resources\videos\Cloud villiage with quote 7.mp4","Microsoft.PowerShell.Core\FileSystem::C:\GitRepos\alisoncreations\resources\videos","Cloud villiage with quote 7.mp4","C","Microsoft.PowerShell.Core\FileSystem","False","-a---","-a---","Cloud villiage with quote 7","C:\GitRepos\alisoncreations\resources\videos\Cloud villiage with quote 7.mp4",,,"Cloud villiage with quote 7.mp4",,,"True","C:\GitRepos\alisoncreations\resources\videos\Cloud villiage with quote 7.mp4",".mp4","24/09/2025 22:24:51","24/09/2025 21:24:51","04/10/2025 23:55:14","04/10/2025 22:55:14","24/09/2025 22:24:53","24/09/2025 21:24:53",,"-1","Archive"
"Microsoft.PowerShell.Core\FileSystem::C:\GitRepos\alisoncreations\resources\videos\Dingy and Anchor sets.mp4","Microsoft.PowerShell.Core\FileSystem::C:\GitRepos\alisoncreations\resources\videos","Dingy and Anchor sets.mp4","C","Microsoft.PowerShell.Core\FileSystem","False","-a---","-a---","Dingy and Anchor sets","C:\GitRepos\alisoncreations\resources\videos\Dingy and Anchor sets.mp4",,,"Dingy and Anchor sets.mp4",,,"True","C:\GitRepos\alisoncreations\resources\videos\Dingy and Anchor sets.mp4",".mp4","24/09/2025 22:24:53","24/09/2025 21:24:53","04/10/2025 23:55:14","04/10/2025 22:55:14","24/09/2025 22:24:55","24/09/2025 21:24:55",,"-1","Archive"
"Microsoft.PowerShell.Core\FileSystem::C:\GitRepos\alisoncreations\resources\videos\Elephant .mp4","Microsoft.PowerShell.Core\FileSystem::C:\GitRepos\alisoncreations\resources\videos","Elephant .mp4","C","Microsoft.PowerShell.Core\FileSystem","False","-a---","-a---","Elephant ","C:\GitRepos\alisoncreations\resources\videos\Elephant .mp4",,,"Elephant .mp4",,,"True","C:\GitRepos\alisoncreations\resources\videos\Elephant .mp4",".mp4","24/09/2025 22:24:56","24/09/2025 21:24:56","04/10/2025 23:55:14","04/10/2025 22:55:14","24/09/2025 22:24:58","24/09/2025 21:24:58",,"-1","Archive"
"Microsoft.PowerShell.Core\FileSystem::C:\GitRepos\alisoncreations\resources\videos\Family (flowered).mp4","Microsoft.PowerShell.Core\FileSystem::C:\GitRepos\alisoncreations\resources\videos","Family (flowered).mp4","C","Microsoft.PowerShell.Core\FileSystem","False","-a---","-a---","Family (flowered)","C:\GitRepos\alisoncreations\resources\videos\Family (flowered).mp4",,,"Family (flowered).mp4",,,"True","C:\GitRepos\alisoncreations\resources\videos\Family (flowered).mp4",".mp4","24/09/2025 22:24:58","24/09/2025 21:24:58","04/10/2025 23:55:14","04/10/2025 22:55:14","24/09/2025 22:25:00","24/09/2025 21:25:00",,"-1","Archive"
"Microsoft.PowerShell.Core\FileSystem::C:\GitRepos\alisoncreations\resources\videos\Flower cup-saucer mix.mp4","Microsoft.PowerShell.Core\FileSystem::C:\GitRepos\alisoncreations\resources\videos","Flower cup-saucer mix.mp4","C","Microsoft.PowerShell.Core\FileSystem","False","-a---","-a---","Flower cup-saucer mix","C:\GitRepos\alisoncreations\resources\videos\Flower cup-saucer mix.mp4",,,"Flower cup-saucer mix.mp4",,,"True","C:\GitRepos\alisoncreations\resources\videos\Flower cup-saucer mix.mp4",".mp4","24/09/2025 22:25:01","24/09/2025 21:25:01","04/10/2025 23:55:14","04/10/2025 22:55:14","24/09/2025 22:25:03","24/09/2025 21:25:03",,"-1","Archive"
"Microsoft.PowerShell.Core\FileSystem::C:\GitRepos\alisoncreations\resources\videos\Flower jars mix.mp4","Microsoft.PowerShell.Core\FileSystem::C:\GitRepos\alisoncreations\resources\videos","Flower jars mix.mp4","C","Microsoft.PowerShell.Core\FileSystem","False","-a---","-a---","Flower jars mix","C:\GitRepos\alisoncreations\resources\videos\Flower jars mix.mp4",,,"Flower jars mix.mp4",,,"True","C:\GitRepos\alisoncreations\resources\videos\Flower jars mix.mp4",".mp4","24/09/2025 22:25:03","24/09/2025 21:25:03","04/10/2025 23:55:14","04/10/2025 22:55:14","24/09/2025 22:25:05","24/09/2025 21:25:05",,"-1","Archive"
"Microsoft.PowerShell.Core\FileSystem::C:\GitRepos\alisoncreations\resources\videos\Flower Pots mix.mp4","Microsoft.PowerShell.Core\FileSystem::C:\GitRepos\alisoncreations\resources\videos","Flower Pots mix.mp4","C","Microsoft.PowerShell.Core\FileSystem","False","-a---","-a---","Flower Pots mix","C:\GitRepos\alisoncreations\resources\videos\Flower Pots mix.mp4",,,"Flower Pots mix.mp4",,,"True","C:\GitRepos\alisoncreations\resources\videos\Flower Pots mix.mp4",".mp4","24/09/2025 22:25:06","24/09/2025 21:25:06","04/10/2025 23:55:14","04/10/2025 22:55:14","24/09/2025 22:25:08","24/09/2025 21:25:08",,"-1","Archive"
"Microsoft.PowerShell.Core\FileSystem::C:\GitRepos\alisoncreations\resources\videos\Hanging Butterfly with flowers.mp4","Microsoft.PowerShell.Core\FileSystem::C:\GitRepos\alisoncreations\resources\videos","Hanging Butterfly with flowers.mp4","C","Microsoft.PowerShell.Core\FileSystem","False","-a---","-a---","Hanging Butterfly with flowers","C:\GitRepos\alisoncreations\resources\videos\Hanging Butterfly with flowers.mp4",,,"Hanging Butterfly with flowers.mp4",,,"True","C:\GitRepos\alisoncreations\resources\videos\Hanging Butterfly with flowers.mp4",".mp4","24/09/2025 22:25:09","24/09/2025 21:25:09","04/10/2025 23:55:14","04/10/2025 22:55:14","24/09/2025 22:25:11","24/09/2025 21:25:11",,"-1","Archive"
"Microsoft.PowerShell.Core\FileSystem::C:\GitRepos\alisoncreations\resources\videos\Heart candel holder white with house 2.mp4","Microsoft.PowerShell.Core\FileSystem::C:\GitRepos\alisoncreations\resources\videos","Heart candel holder white with house 2.mp4","C","Microsoft.PowerShell.Core\FileSystem","False","-a---","-a---","Heart candel holder white with house 2","C:\GitRepos\alisoncreations\resources\videos\Heart candel holder white with house 2.mp4",,,"Heart candel holder white with house 2.mp4",,,"True","C:\GitRepos\alisoncreations\resources\videos\Heart candel holder white with house 2.mp4",".mp4","24/09/2025 22:25:13","24/09/2025 21:25:13","04/10/2025 23:55:14","04/10/2025 22:55:14","24/09/2025 22:25:17","24/09/2025 21:25:17",,"-1","Archive"
"Microsoft.PowerShell.Core\FileSystem::C:\GitRepos\alisoncreations\resources\videos\Heart candel holder white with house.mp4","Microsoft.PowerShell.Core\FileSystem::C:\GitRepos\alisoncreations\resources\videos","Heart candel holder white with house.mp4","C","Microsoft.PowerShell.Core\FileSystem","False","-a---","-a---","Heart candel holder white with house","C:\GitRepos\alisoncreations\resources\videos\Heart candel holder white with house.mp4",,,"Heart candel holder white with house.mp4",,,"True","C:\GitRepos\alisoncreations\resources\videos\Heart candel holder white with house.mp4",".mp4","24/09/2025 22:25:18","24/09/2025 21:25:18","04/10/2025 23:55:14","04/10/2025 22:55:14","24/09/2025 22:25:20","24/09/2025 21:25:20",,"-1","Archive"
"Microsoft.PowerShell.Core\FileSystem::C:\GitRepos\alisoncreations\resources\videos\Heart candel stich holder with house flowers L white.mp4","Microsoft.PowerShell.Core\FileSystem::C:\GitRepos\alisoncreations\resources\videos","Heart candel stich holder with house flowers L white.mp4","C","Microsoft.PowerShell.Core\FileSystem","False","-a---","-a---","Heart candel stich holder with house flowers L white","C:\GitRepos\alisoncreations\resources\videos\Heart candel stich holder with house flowers L white.mp4",,,"Heart candel stich holder with house flowers L white.mp4",,,"True","C:\GitRepos\alisoncreations\resources\videos\Heart candel stich holder with house flowers L white.mp4",".mp4","24/09/2025 22:25:21","24/09/2025 21:25:21","04/10/2025 23:55:14","04/10/2025 22:55:14","24/09/2025 22:25:23","24/09/2025 21:25:23",,"-1","Archive"
"Microsoft.PowerShell.Core\FileSystem::C:\GitRepos\alisoncreations\resources\videos\Heart candel stich holder with house flowers Rwhite.mp4","Microsoft.PowerShell.Core\FileSystem::C:\GitRepos\alisoncreations\resources\videos","Heart candel stich holder with house flowers Rwhite.mp4","C","Microsoft.PowerShell.Core\FileSystem","False","-a---","-a---","Heart candel stich holder with house flowers Rwhite","C:\GitRepos\alisoncreations\resources\videos\Heart candel stich holder with house flowers Rwhite.mp4",,,"Heart candel stich holder with house flowers Rwhite.mp4",,,"True","C:\GitRepos\alisoncreations\resources\videos\Heart candel stich holder with house flowers Rwhite.mp4",".mp4","24/09/2025 22:25:24","24/09/2025 21:25:24","04/10/2025 23:55:14","04/10/2025 22:55:14","24/09/2025 22:25:28","24/09/2025 21:25:28",,"-1","Archive"
"Microsoft.PowerShell.Core\FileSystem::C:\GitRepos\alisoncreations\resources\videos\Home (flowered).mp4","Microsoft.PowerShell.Core\FileSystem::C:\GitRepos\alisoncreations\resources\videos","Home (flowered).mp4","C","Microsoft.PowerShell.Core\FileSystem","False","-a---","-a---","Home (flowered)","C:\GitRepos\alisoncreations\resources\videos\Home (flowered).mp4",,,"Home (flowered).mp4",,,"True","C:\GitRepos\alisoncreations\resources\videos\Home (flowered).mp4",".mp4","24/09/2025 22:25:29","24/09/2025 21:25:29","04/10/2025 23:55:14","04/10/2025 22:55:14","24/09/2025 22:25:31","24/09/2025 21:25:31",,"-1","Archive"
"Microsoft.PowerShell.Core\FileSystem::C:\GitRepos\alisoncreations\resources\videos\House -heart white.mp4","Microsoft.PowerShell.Core\FileSystem::C:\GitRepos\alisoncreations\resources\videos","House -heart white.mp4","C","Microsoft.PowerShell.Core\FileSystem","False","-a---","-a---","House -heart white","C:\GitRepos\alisoncreations\resources\videos\House -heart white.mp4",,,"House -heart white.mp4",,,"True","C:\GitRepos\alisoncreations\resources\videos\House -heart white.mp4",".mp4","24/09/2025 22:25:32","24/09/2025 21:25:32","04/10/2025 23:55:14","04/10/2025 22:55:14","24/09/2025 22:25:34","24/09/2025 21:25:34",,"-1","Archive"
"Microsoft.PowerShell.Core\FileSystem::C:\GitRepos\alisoncreations\resources\videos\Houses scene 1..mp4","Microsoft.PowerShell.Core\FileSystem::C:\GitRepos\alisoncreations\resources\videos","Houses scene 1..mp4","C","Microsoft.PowerShell.Core\FileSystem","False","-a---","-a---","Houses scene 1.","C:\GitRepos\alisoncreations\resources\videos\Houses scene 1..mp4",,,"Houses scene 1..mp4",,,"True","C:\GitRepos\alisoncreations\resources\videos\Houses scene 1..mp4",".mp4","24/09/2025 22:25:35","24/09/2025 21:25:35","04/10/2025 23:55:14","04/10/2025 22:55:14","24/09/2025 22:25:37","24/09/2025 21:25:37",,"-1","Archive"
"Microsoft.PowerShell.Core\FileSystem::C:\GitRepos\alisoncreations\resources\videos\Houses scene 2.mp4","Microsoft.PowerShell.Core\FileSystem::C:\GitRepos\alisoncreations\resources\videos","Houses scene 2.mp4","C","Microsoft.PowerShell.Core\FileSystem","False","-a---","-a---","Houses scene 2","C:\GitRepos\alisoncreations\resources\videos\Houses scene 2.mp4",,,"Houses scene 2.mp4",,,"True","C:\GitRepos\alisoncreations\resources\videos\Houses scene 2.mp4",".mp4","24/09/2025 22:25:38","24/09/2025 21:25:38","04/10/2025 23:55:14","04/10/2025 22:55:14","24/09/2025 22:25:40","24/09/2025 21:25:40",,"-1","Archive"
"Microsoft.PowerShell.Core\FileSystem::C:\GitRepos\alisoncreations\resources\videos\Houses scene 3.mp4","Microsoft.PowerShell.Core\FileSystem::C:\GitRepos\alisoncreations\resources\videos","Houses scene 3.mp4","C","Microsoft.PowerShell.Core\FileSystem","False","-a---","-a---","Houses scene 3","C:\GitRepos\alisoncreations\resources\videos\Houses scene 3.mp4",,,"Houses scene 3.mp4",,,"True","C:\GitRepos\alisoncreations\resources\videos\Houses scene 3.mp4",".mp4","24/09/2025 22:25:41","24/09/2025 21:25:41","04/10/2025 23:55:14","04/10/2025 22:55:14","24/09/2025 22:25:43","24/09/2025 21:25:43",,"-1","Archive"
"Microsoft.PowerShell.Core\FileSystem::C:\GitRepos\alisoncreations\resources\videos\Large seated teddy mix.mp4","Microsoft.PowerShell.Core\FileSystem::C:\GitRepos\alisoncreations\resources\videos","Large seated teddy mix.mp4","C","Microsoft.PowerShell.Core\FileSystem","False","-a---","-a---","Large seated teddy mix","C:\GitRepos\alisoncreations\resources\videos\Large seated teddy mix.mp4",,,"Large seated teddy mix.mp4",,,"True","C:\GitRepos\alisoncreations\resources\videos\Large seated teddy mix.mp4",".mp4","24/09/2025 22:25:44","24/09/2025 21:25:44","04/10/2025 23:55:14","04/10/2025 22:55:14","24/09/2025 22:25:46","24/09/2025 21:25:46",,"-1","Archive"
"Microsoft.PowerShell.Core\FileSystem::C:\GitRepos\alisoncreations\resources\videos\Love (flowered).mp4","Microsoft.PowerShell.Core\FileSystem::C:\GitRepos\alisoncreations\resources\videos","Love (flowered).mp4","C","Microsoft.PowerShell.Core\FileSystem","False","-a---","-a---","Love (flowered)","C:\GitRepos\alisoncreations\resources\videos\Love (flowered).mp4",,,"Love (flowered).mp4",,,"True","C:\GitRepos\alisoncreations\resources\videos\Love (flowered).mp4",".mp4","24/09/2025 22:25:46","24/09/2025 21:25:46","04/10/2025 23:55:14","04/10/2025 22:55:14","24/09/2025 22:25:48","24/09/2025 21:25:48",,"-1","Archive"
"Microsoft.PowerShell.Core\FileSystem::C:\GitRepos\alisoncreations\resources\videos\Paw print quote 4.mp4","Microsoft.PowerShell.Core\FileSystem::C:\GitRepos\alisoncreations\resources\videos","Paw print quote 4.mp4","C","Microsoft.PowerShell.Core\FileSystem","False","-a---","-a---","Paw print quote 4","C:\GitRepos\alisoncreations\resources\videos\Paw print quote 4.mp4",,,"Paw print quote 4.mp4",,,"True","C:\GitRepos\alisoncreations\resources\videos\Paw print quote 4.mp4",".mp4","24/09/2025 22:25:49","24/09/2025 21:25:49","04/10/2025 23:55:14","04/10/2025 22:55:14","24/09/2025 22:25:51","24/09/2025 21:25:51",,"-1","Archive"
"Microsoft.PowerShell.Core\FileSystem::C:\GitRepos\alisoncreations\resources\videos\Peek a boo Teddy mix.mp4","Microsoft.PowerShell.Core\FileSystem::C:\GitRepos\alisoncreations\resources\videos","Peek a boo Teddy mix.mp4","C","Microsoft.PowerShell.Core\FileSystem","False","-a---","-a---","Peek a boo Teddy mix","C:\GitRepos\alisoncreations\resources\videos\Peek a boo Teddy mix.mp4",,,"Peek a boo Teddy mix.mp4",,,"True","C:\GitRepos\alisoncreations\resources\videos\Peek a boo Teddy mix.mp4",".mp4","24/09/2025 22:25:52","24/09/2025 21:25:52","04/10/2025 23:55:14","04/10/2025 22:55:14","24/09/2025 22:25:54","24/09/2025 21:25:54",,"-1","Archive"
"Microsoft.PowerShell.Core\FileSystem::C:\GitRepos\alisoncreations\resources\videos\Peek a boo Teddy.mp4","Microsoft.PowerShell.Core\FileSystem::C:\GitRepos\alisoncreations\resources\videos","Peek a boo Teddy.mp4","C","Microsoft.PowerShell.Core\FileSystem","False","-a---","-a---","Peek a boo Teddy","C:\GitRepos\alisoncreations\resources\videos\Peek a boo Teddy.mp4",,,"Peek a boo Teddy.mp4",,,"True","C:\GitRepos\alisoncreations\resources\videos\Peek a boo Teddy.mp4",".mp4","24/09/2025 22:25:55","24/09/2025 21:25:55","04/10/2025 23:55:14","04/10/2025 22:55:14","24/09/2025 22:25:58","24/09/2025 21:25:58",,"-1","Archive"
"Microsoft.PowerShell.Core\FileSystem::C:\GitRepos\alisoncreations\resources\videos\PXL_20250512_130541676.TS.mp4","Microsoft.PowerShell.Core\FileSystem::C:\GitRepos\alisoncreations\resources\videos","PXL_20250512_130541676.TS.mp4","C","Microsoft.PowerShell.Core\FileSystem","False","-a---","-a---","PXL_20250512_130541676.TS","C:\GitRepos\alisoncreations\resources\videos\PXL_20250512_130541676.TS.mp4",,,"PXL_20250512_130541676.TS.mp4",,,"True","C:\GitRepos\alisoncreations\resources\videos\PXL_20250512_130541676.TS.mp4",".mp4","24/09/2025 22:25:58","24/09/2025 21:25:58","04/10/2025 23:55:14","04/10/2025 22:55:14","24/09/2025 22:26:00","24/09/2025 21:26:00",,"-1","Archive"
"Microsoft.PowerShell.Core\FileSystem::C:\GitRepos\alisoncreations\resources\videos\raindeer mix.mp4","Microsoft.PowerShell.Core\FileSystem::C:\GitRepos\alisoncreations\resources\videos","raindeer mix.mp4","C","Microsoft.PowerShell.Core\FileSystem","False","-a---","-a---","raindeer mix","C:\GitRepos\alisoncreations\resources\videos\raindeer mix.mp4",,,"raindeer mix.mp4",,,"True","C:\GitRepos\alisoncreations\resources\videos\raindeer mix.mp4",".mp4","24/09/2025 22:26:01","24/09/2025 21:26:01","04/10/2025 23:55:15","04/10/2025 22:55:15","24/09/2025 22:26:03","24/09/2025 21:26:03",,"-1","Archive"
"Microsoft.PowerShell.Core\FileSystem::C:\GitRepos\alisoncreations\resources\videos\Rose teddy mix.mp4","Microsoft.PowerShell.Core\FileSystem::C:\GitRepos\alisoncreations\resources\videos","Rose teddy mix.mp4","C","Microsoft.PowerShell.Core\FileSystem","False","-a---","-a---","Rose teddy mix","C:\GitRepos\alisoncreations\resources\videos\Rose teddy mix.mp4",,,"Rose teddy mix.mp4",,,"True","C:\GitRepos\alisoncreations\resources\videos\Rose teddy mix.mp4",".mp4","24/09/2025 22:26:04","24/09/2025 21:26:04","04/10/2025 23:55:14","04/10/2025 22:55:14","24/09/2025 22:26:06","24/09/2025 21:26:06",,"-1","Archive"
"Microsoft.PowerShell.Core\FileSystem::C:\GitRepos\alisoncreations\resources\videos\Set of 2 houses with flowers white.mp4","Microsoft.PowerShell.Core\FileSystem::C:\GitRepos\alisoncreations\resources\videos","Set of 2 houses with flowers white.mp4","C","Microsoft.PowerShell.Core\FileSystem","False","-a---","-a---","Set of 2 houses with flowers white","C:\GitRepos\alisoncreations\resources\videos\Set of 2 houses with flowers white.mp4",,,"Set of 2 houses with flowers white.mp4",,,"True","C:\GitRepos\alisoncreations\resources\videos\Set of 2 houses with flowers white.mp4",".mp4","24/09/2025 22:26:07","24/09/2025 21:26:07","04/10/2025 23:55:14","04/10/2025 22:55:14","24/09/2025 22:26:09","24/09/2025 21:26:09",,"-1","Archive"
"Microsoft.PowerShell.Core\FileSystem::C:\GitRepos\alisoncreations\resources\videos\Set of 3 bunnys mix.mp4","Microsoft.PowerShell.Core\FileSystem::C:\GitRepos\alisoncreations\resources\videos","Set of 3 bunnys mix.mp4","C","Microsoft.PowerShell.Core\FileSystem","False","-a---","-a---","Set of 3 bunnys mix","C:\GitRepos\alisoncreations\resources\videos\Set of 3 bunnys mix.mp4",,,"Set of 3 bunnys mix.mp4",,,"True","C:\GitRepos\alisoncreations\resources\videos\Set of 3 bunnys mix.mp4",".mp4","24/09/2025 22:26:10","24/09/2025 21:26:10","04/10/2025 23:55:15","04/10/2025 22:55:15","24/09/2025 22:26:12","24/09/2025 21:26:12",,"-1","Archive"
"Microsoft.PowerShell.Core\FileSystem::C:\GitRepos\alisoncreations\resources\videos\Set of 3 flower vases set 1.mp4","Microsoft.PowerShell.Core\FileSystem::C:\GitRepos\alisoncreations\resources\videos","Set of 3 flower vases set 1.mp4","C","Microsoft.PowerShell.Core\FileSystem","False","-a---","-a---","Set of 3 flower vases set 1","C:\GitRepos\alisoncreations\resources\videos\Set of 3 flower vases set 1.mp4",,,"Set of 3 flower vases set 1.mp4",,,"True","C:\GitRepos\alisoncreations\resources\videos\Set of 3 flower vases set 1.mp4",".mp4","24/09/2025 22:26:12","24/09/2025 21:26:12","04/10/2025 23:55:15","04/10/2025 22:55:15","24/09/2025 22:26:15","24/09/2025 21:26:15",,"-1","Archive"
"Microsoft.PowerShell.Core\FileSystem::C:\GitRepos\alisoncreations\resources\videos\Set of five mushroons.mp4","Microsoft.PowerShell.Core\FileSystem::C:\GitRepos\alisoncreations\resources\videos","Set of five mushroons.mp4","C","Microsoft.PowerShell.Core\FileSystem","False","-a---","-a---","Set of five mushroons","C:\GitRepos\alisoncreations\resources\videos\Set of five mushroons.mp4",,,"Set of five mushroons.mp4",,,"True","C:\GitRepos\alisoncreations\resources\videos\Set of five mushroons.mp4",".mp4","24/09/2025 22:26:15","24/09/2025 21:26:15","04/10/2025 23:55:15","04/10/2025 22:55:15","24/09/2025 22:26:18","24/09/2025 21:26:18",,"-1","Archive"
"Microsoft.PowerShell.Core\FileSystem::C:\GitRepos\alisoncreations\resources\videos\Set of three mushroons.mp4","Microsoft.PowerShell.Core\FileSystem::C:\GitRepos\alisoncreations\resources\videos","Set of three mushroons.mp4","C","Microsoft.PowerShell.Core\FileSystem","False","-a---","-a---","Set of three mushroons","C:\GitRepos\alisoncreations\resources\videos\Set of three mushroons.mp4",,,"Set of three mushroons.mp4",,,"True","C:\GitRepos\alisoncreations\resources\videos\Set of three mushroons.mp4",".mp4","24/09/2025 22:26:18","24/09/2025 21:26:18","04/10/2025 23:55:15","04/10/2025 22:55:15","24/09/2025 22:26:21","24/09/2025 21:26:21",,"-1","Archive"
"Microsoft.PowerShell.Core\FileSystem::C:\GitRepos\alisoncreations\resources\videos\Set of two Gnome.mp4","Microsoft.PowerShell.Core\FileSystem::C:\GitRepos\alisoncreations\resources\videos","Set of two Gnome.mp4","C","Microsoft.PowerShell.Core\FileSystem","False","-a---","-a---","Set of two Gnome","C:\GitRepos\alisoncreations\resources\videos\Set of two Gnome.mp4",,,"Set of two Gnome.mp4",,,"True","C:\GitRepos\alisoncreations\resources\videos\Set of two Gnome.mp4",".mp4","24/09/2025 22:26:21","24/09/2025 21:26:21","04/10/2025 23:55:15","04/10/2025 22:55:15","24/09/2025 22:26:24","24/09/2025 21:26:24",,"-1","Archive"
"Microsoft.PowerShell.Core\FileSystem::C:\GitRepos\alisoncreations\resources\videos\Sets of Balloon Teddy mix.mp4","Microsoft.PowerShell.Core\FileSystem::C:\GitRepos\alisoncreations\resources\videos","Sets of Balloon Teddy mix.mp4","C","Microsoft.PowerShell.Core\FileSystem","False","-a---","-a---","Sets of Balloon Teddy mix","C:\GitRepos\alisoncreations\resources\videos\Sets of Balloon Teddy mix.mp4",,,"Sets of Balloon Teddy mix.mp4",,,"True","C:\GitRepos\alisoncreations\resources\videos\Sets of Balloon Teddy mix.mp4",".mp4","24/09/2025 22:26:25","24/09/2025 21:26:25","04/10/2025 23:55:15","04/10/2025 22:55:15","24/09/2025 22:26:27","24/09/2025 21:26:27",,"-1","Archive"
"Microsoft.PowerShell.Core\FileSystem::C:\GitRepos\alisoncreations\resources\videos\Sitting Angel.mp4","Microsoft.PowerShell.Core\FileSystem::C:\GitRepos\alisoncreations\resources\videos","Sitting Angel.mp4","C","Microsoft.PowerShell.Core\FileSystem","False","-a---","-a---","Sitting Angel","C:\GitRepos\alisoncreations\resources\videos\Sitting Angel.mp4",,,"Sitting Angel.mp4",,,"True","C:\GitRepos\alisoncreations\resources\videos\Sitting Angel.mp4",".mp4","24/09/2025 22:26:28","24/09/2025 21:26:28","04/10/2025 23:55:15","04/10/2025 22:55:15","24/09/2025 22:26:30","24/09/2025 21:26:30",,"-1","Archive"
"Microsoft.PowerShell.Core\FileSystem::C:\GitRepos\alisoncreations\resources\videos\Sitting teddy small mix.mp4","Microsoft.PowerShell.Core\FileSystem::C:\GitRepos\alisoncreations\resources\videos","Sitting teddy small mix.mp4","C","Microsoft.PowerShell.Core\FileSystem","False","-a---","-a---","Sitting teddy small mix","C:\GitRepos\alisoncreations\resources\videos\Sitting teddy small mix.mp4",,,"Sitting teddy small mix.mp4",,,"True","C:\GitRepos\alisoncreations\resources\videos\Sitting teddy small mix.mp4",".mp4","24/09/2025 22:26:31","24/09/2025 21:26:31","04/10/2025 23:55:15","04/10/2025 22:55:15","24/09/2025 22:26:33","24/09/2025 21:26:33",,"-1","Archive"
"Microsoft.PowerShell.Core\FileSystem::C:\GitRepos\alisoncreations\resources\videos\Snow scene mix.mp4","Microsoft.PowerShell.Core\FileSystem::C:\GitRepos\alisoncreations\resources\videos","Snow scene mix.mp4","C","Microsoft.PowerShell.Core\FileSystem","False","-a---","-a---","Snow scene mix","C:\GitRepos\alisoncreations\resources\videos\Snow scene mix.mp4",,,"Snow scene mix.mp4",,,"True","C:\GitRepos\alisoncreations\resources\videos\Snow scene mix.mp4",".mp4","24/09/2025 22:26:34","24/09/2025 21:26:34","04/10/2025 23:55:15","04/10/2025 22:55:15","24/09/2025 22:26:35","24/09/2025 21:26:35",,"-1","Archive"
"Microsoft.PowerShell.Core\FileSystem::C:\GitRepos\alisoncreations\resources\videos\Teddy on bench mix.mp4","Microsoft.PowerShell.Core\FileSystem::C:\GitRepos\alisoncreations\resources\videos","Teddy on bench mix.mp4","C","Microsoft.PowerShell.Core\FileSystem","False","-a---","-a---","Teddy on bench mix","C:\GitRepos\alisoncreations\resources\videos\Teddy on bench mix.mp4",,,"Teddy on bench mix.mp4",,,"True","C:\GitRepos\alisoncreations\resources\videos\Teddy on bench mix.mp4",".mp4","24/09/2025 22:26:36","24/09/2025 21:26:36","04/10/2025 23:55:15","04/10/2025 22:55:15","24/09/2025 22:26:38","24/09/2025 21:26:38",,"-1","Archive"
"Microsoft.PowerShell.Core\FileSystem::C:\GitRepos\alisoncreations\resources\videos\Teddy on heart Bench with flower.mp4","Microsoft.PowerShell.Core\FileSystem::C:\GitRepos\alisoncreations\resources\videos","Teddy on heart Bench with flower.mp4","C","Microsoft.PowerShell.Core\FileSystem","False","-a---","-a---","Teddy on heart Bench with flower","C:\GitRepos\alisoncreations\resources\videos\Teddy on heart Bench with flower.mp4",,,"Teddy on heart Bench with flower.mp4",,,"True","C:\GitRepos\alisoncreations\resources\videos\Teddy on heart Bench with flower.mp4",".mp4","24/09/2025 22:26:39","24/09/2025 21:26:39","04/10/2025 23:55:15","04/10/2025 22:55:15","24/09/2025 22:26:41","24/09/2025 21:26:41",,"-1","Archive"
"Microsoft.PowerShell.Core\FileSystem::C:\GitRepos\alisoncreations\resources\videos\Teddy on Star Bench with flower.mp4","Microsoft.PowerShell.Core\FileSystem::C:\GitRepos\alisoncreations\resources\videos","Teddy on Star Bench with flower.mp4","C","Microsoft.PowerShell.Core\FileSystem","False","-a---","-a---","Teddy on Star Bench with flower","C:\GitRepos\alisoncreations\resources\videos\Teddy on Star Bench with flower.mp4",,,"Teddy on Star Bench with flower.mp4",,,"True","C:\GitRepos\alisoncreations\resources\videos\Teddy on Star Bench with flower.mp4",".mp4","24/09/2025 22:26:42","24/09/2025 21:26:42","04/10/2025 23:55:15","04/10/2025 22:55:15","24/09/2025 22:26:44","24/09/2025 21:26:44",,"-1","Archive"
"Microsoft.PowerShell.Core\FileSystem::C:\GitRepos\alisoncreations\resources\videos\Teddy's with crystals blue.mp4","Microsoft.PowerShell.Core\FileSystem::C:\GitRepos\alisoncreations\resources\videos","Teddy's with crystals blue.mp4","C","Microsoft.PowerShell.Core\FileSystem","False","-a---","-a---","Teddy's with crystals blue","C:\GitRepos\alisoncreations\resources\videos\Teddy's with crystals blue.mp4",,,"Teddy's with crystals blue.mp4",,,"True","C:\GitRepos\alisoncreations\resources\videos\Teddy's with crystals blue.mp4",".mp4","24/09/2025 22:26:45","24/09/2025 21:26:45","04/10/2025 23:55:15","04/10/2025 22:55:15","24/09/2025 22:26:47","24/09/2025 21:26:47",,"-1","Archive"
"Microsoft.PowerShell.Core\FileSystem::C:\GitRepos\alisoncreations\resources\videos\Teddy's with crystals pink.mp4","Microsoft.PowerShell.Core\FileSystem::C:\GitRepos\alisoncreations\resources\videos","Teddy's with crystals pink.mp4","C","Microsoft.PowerShell.Core\FileSystem","False","-a---","-a---","Teddy's with crystals pink","C:\GitRepos\alisoncreations\resources\videos\Teddy's with crystals pink.mp4",,,"Teddy's with crystals pink.mp4",,,"True","C:\GitRepos\alisoncreations\resources\videos\Teddy's with crystals pink.mp4",".mp4","24/09/2025 22:26:48","24/09/2025 21:26:48","04/10/2025 23:55:15","04/10/2025 22:55:15","24/09/2025 22:26:50","24/09/2025 21:26:50",,"-1","Archive"
"Microsoft.PowerShell.Core\FileSystem::C:\GitRepos\alisoncreations\resources\videos\Tents with candel light mix (2).mp4","Microsoft.PowerShell.Core\FileSystem::C:\GitRepos\alisoncreations\resources\videos","Tents with candel light mix (2).mp4","C","Microsoft.PowerShell.Core\FileSystem","False","-a---","-a---","Tents with candel light mix (2)","C:\GitRepos\alisoncreations\resources\videos\Tents with candel light mix (2).mp4",,,"Tents with candel light mix (2).mp4",,,"True","C:\GitRepos\alisoncreations\resources\videos\Tents with candel light mix (2).mp4",".mp4","24/09/2025 22:26:51","24/09/2025 21:26:51","04/10/2025 23:55:15","04/10/2025 22:55:15","24/09/2025 22:26:53","24/09/2025 21:26:53",,"-1","Archive"
"Microsoft.PowerShell.Core\FileSystem::C:\GitRepos\alisoncreations\resources\videos\Tents with candel light mix.mp4","Microsoft.PowerShell.Core\FileSystem::C:\GitRepos\alisoncreations\resources\videos","Tents with candel light mix.mp4","C","Microsoft.PowerShell.Core\FileSystem","False","-a---","-a---","Tents with candel light mix","C:\GitRepos\alisoncreations\resources\videos\Tents with candel light mix.mp4",,,"Tents with candel light mix.mp4",,,"True","C:\GitRepos\alisoncreations\resources\videos\Tents with candel light mix.mp4",".mp4","24/09/2025 22:26:53","24/09/2025 21:26:53","04/10/2025 23:55:15","04/10/2025 22:55:15","24/09/2025 22:26:54","24/09/2025 21:26:54",,"-1","Archive"
"Microsoft.PowerShell.Core\FileSystem::C:\GitRepos\alisoncreations\resources\videos\Tents with candel light pink.mp4","Microsoft.PowerShell.Core\FileSystem::C:\GitRepos\alisoncreations\resources\videos","Tents with candel light pink.mp4","C","Microsoft.PowerShell.Core\FileSystem","False","-a---","-a---","Tents with candel light pink","C:\GitRepos\alisoncreations\resources\videos\Tents with candel light pink.mp4",,,"Tents with candel light pink.mp4",,,"True","C:\GitRepos\alisoncreations\resources\videos\Tents with candel light pink.mp4",".mp4","24/09/2025 22:26:55","24/09/2025 21:26:55","04/10/2025 23:55:15","04/10/2025 22:55:15","24/09/2025 22:26:57","24/09/2025 21:26:57",,"-1","Archive"
"Microsoft.PowerShell.Core\FileSystem::C:\GitRepos\alisoncreations\resources\videos\Unicorn-Teddy set.mp4","Microsoft.PowerShell.Core\FileSystem::C:\GitRepos\alisoncreations\resources\videos","Unicorn-Teddy set.mp4","C","Microsoft.PowerShell.Core\FileSystem","False","-a---","-a---","Unicorn-Teddy set","C:\GitRepos\alisoncreations\resources\videos\Unicorn-Teddy set.mp4",,,"Unicorn-Teddy set.mp4",,,"True","C:\GitRepos\alisoncreations\resources\videos\Unicorn-Teddy set.mp4",".mp4","24/09/2025 22:26:57","24/09/2025 21:26:57","04/10/2025 23:55:15","04/10/2025 22:55:15","24/09/2025 22:26:59","24/09/2025 21:26:59",,"-1","Archive"
"Microsoft.PowerShell.Core\FileSystem::C:\GitRepos\alisoncreations\resources\videos\Unicorn-Teddy- Star set.mp4","Microsoft.PowerShell.Core\FileSystem::C:\GitRepos\alisoncreations\resources\videos","Unicorn-Teddy- Star set.mp4","C","Microsoft.PowerShell.Core\FileSystem","False","-a---","-a---","Unicorn-Teddy- Star set","C:\GitRepos\alisoncreations\resources\videos\Unicorn-Teddy- Star set.mp4",,,"Unicorn-Teddy- Star set.mp4",,,"True","C:\GitRepos\alisoncreations\resources\videos\Unicorn-Teddy- Star set.mp4",".mp4","24/09/2025 22:27:00","24/09/2025 21:27:00","04/10/2025 23:55:15","04/10/2025 22:55:15","24/09/2025 22:27:02","24/09/2025 21:27:02",,"-1","Archive"
"Microsoft.PowerShell.Core\FileSystem::C:\GitRepos\alisoncreations\resources\videos\Wooden house scene mix.mp4","Microsoft.PowerShell.Core\FileSystem::C:\GitRepos\alisoncreations\resources\videos","Wooden house scene mix.mp4","C","Microsoft.PowerShell.Core\FileSystem","False","-a---","-a---","Wooden house scene mix","C:\GitRepos\alisoncreations\resources\videos\Wooden house scene mix.mp4",,,"Wooden house scene mix.mp4",,,"True","C:\GitRepos\alisoncreations\resources\videos\Wooden house scene mix.mp4",".mp4","24/09/2025 22:27:03","24/09/2025 21:27:03","04/10/2025 23:55:15","04/10/2025 22:55:15","24/09/2025 22:27:05","24/09/2025 21:27:05",,"-1","Archive"
