"PSPath","PSParentPath","PSChildName","PSDrive","PSProvider","PSIsContainer","Mode","ModeWithoutHardLink","BaseName","ResolvedTarget","Target","LinkType","Name","Parent","Root","Exists","FullName","Extension","CreationTime","CreationTimeUtc","LastAccessTime","LastAccessTimeUtc","LastWriteTime","LastWriteTimeUtc","LinkTarget","UnixFileMode","Attributes"
"Microsoft.PowerShell.Core\FileSystem::C:\GitRepos\alisoncreations\resources\images","Microsoft.PowerShell.Core\FileSystem::C:\GitRepos\alisoncreations\resources","images","C","Microsoft.PowerShell.Core\FileSystem","True","d----","d----","images","C:\GitRepos\alisoncreations\resources\images",,,"images","C:\GitRepos\alisoncreations\resources","C:\","True","C:\GitRepos\alisoncreations\resources\images","","19/09/2025 13:14:03","19/09/2025 12:14:03","05/10/2025 17:09:52","05/10/2025 16:09:52","05/10/2025 13:49:51","05/10/2025 12:49:51",,"-1","Directory"
"Microsoft.PowerShell.Core\FileSystem::C:\GitRepos\alisoncreations\resources\videos","Microsoft.PowerShell.Core\FileSystem::C:\GitRepos\alisoncreations\resources","videos","C","Microsoft.PowerShell.Core\FileSystem","True","d----","d----","videos","C:\GitRepos\alisoncreations\resources\videos",,,"videos","C:\GitRepos\alisoncreations\resources","C:\","True","C:\GitRepos\alisoncreations\resources\videos","","05/10/2025 13:49:51","05/10/2025 12:49:51","05/10/2025 17:09:52","05/10/2025 16:09:52","05/10/2025 13:49:51","05/10/2025 12:49:51",,"-1","Directory"
"Microsoft.PowerShell.Core\FileSystem::C:\GitRepos\alisoncreations\resources\ARCfiles-renamed.csv","Microsoft.PowerShell.Core\FileSystem::C:\GitRepos\alisoncreations\resources","ARCfiles-renamed.csv","C","Microsoft.PowerShell.Core\FileSystem","False","-a---","-a---","ARCfiles-renamed","C:\GitRepos\alisoncreations\resources\ARCfiles-renamed.csv",,,"ARCfiles-renamed.csv",,,"True","C:\GitRepos\alisoncreations\resources\ARCfiles-renamed.csv",".csv","05/10/2025 18:18:05","05/10/2025 17:18:05","05/10/2025 18:18:05","05/10/2025 17:18:05","05/10/2025 18:18:05","05/10/2025 17:18:05",,"-1","Archive"
"Microsoft.PowerShell.Core\FileSystem::C:\GitRepos\alisoncreations\resources\ARCfiles.csv","Microsoft.PowerShell.Core\FileSystem::C:\GitRepos\alisoncreations\resources","ARCfiles.csv","C","Microsoft.PowerShell.Core\FileSystem","False","-a---","-a---","ARCfiles","C:\GitRepos\alisoncreations\resources\ARCfiles.csv",,,"ARCfiles.csv",,,"True","C:\GitRepos\alisoncreations\resources\ARCfiles.csv",".csv","05/10/2025 13:51:43","05/10/2025 12:51:43","05/10/2025 17:24:29","05/10/2025 16:24:29","05/10/2025 13:51:43","05/10/2025 12:51:43",,"-1","Archive"
"Microsoft.PowerShell.Core\FileSystem::C:\GitRepos\alisoncreations\resources\WebsiteNotes.md","Microsoft.PowerShell.Core\FileSystem::C:\GitRepos\alisoncreations\resources","WebsiteNotes.md","C","Microsoft.PowerShell.Core\FileSystem","False","-a---","-a---","WebsiteNotes","C:\GitRepos\alisoncreations\resources\WebsiteNotes.md",,,"WebsiteNotes.md",,,"True","C:\GitRepos\alisoncreations\resources\WebsiteNotes.md",".md","19/09/2025 13:14:03","19/09/2025 12:14:03","05/10/2025 17:24:29","05/10/2025 16:24:29","19/09/2025 13:14:03","19/09/2025 12:14:03",,"-1","Archive"
"Microsoft.PowerShell.Core\FileSystem::C:\GitRepos\alisoncreations\resources\images\balloon-teddy-set-pink.jpg","Microsoft.PowerShell.Core\FileSystem::C:\GitRepos\alisoncreations\resources\images","balloon-teddy-set-pink.jpg","C","Microsoft.PowerShell.Core\FileSystem","False","-a---","-a---","balloon-teddy-set-pink","C:\GitRepos\alisoncreations\resources\images\balloon-teddy-set-pink.jpg",,,"balloon-teddy-set-pink.jpg",,,"True","C:\GitRepos\alisoncreations\resources\images\balloon-teddy-set-pink.jpg",".jpg","05/10/2025 13:49:48","05/10/2025 12:49:48","05/10/2025 17:24:29","05/10/2025 16:24:29","05/10/2025 13:49:48","05/10/2025 12:49:48",,"-1","Archive"
"Microsoft.PowerShell.Core\FileSystem::C:\GitRepos\alisoncreations\resources\images\balloon-teddy-set-white.jpg","Microsoft.PowerShell.Core\FileSystem::C:\GitRepos\alisoncreations\resources\images","balloon-teddy-set-white.jpg","C","Microsoft.PowerShell.Core\FileSystem","False","-a---","-a---","balloon-teddy-set-white","C:\GitRepos\alisoncreations\resources\images\balloon-teddy-set-white.jpg",,,"balloon-teddy-set-white.jpg",,,"True","C:\GitRepos\alisoncreations\resources\images\balloon-teddy-set-white.jpg",".jpg","05/10/2025 13:49:49","05/10/2025 12:49:49","05/10/2025 17:24:29","05/10/2025 16:24:29","05/10/2025 13:49:49","05/10/2025 12:49:49",,"-1","Archive"
"Microsoft.PowerShell.Core\FileSystem::C:\GitRepos\alisoncreations\resources\images\balloon-teddy-set-yellow.jpg","Microsoft.PowerShell.Core\FileSystem::C:\GitRepos\alisoncreations\resources\images","balloon-teddy-set-yellow.jpg","C","Microsoft.PowerShell.Core\FileSystem","False","-a---","-a---","balloon-teddy-set-yellow","C:\GitRepos\alisoncreations\resources\images\balloon-teddy-set-yellow.jpg",,,"balloon-teddy-set-yellow.jpg",,,"True","C:\GitRepos\alisoncreations\resources\images\balloon-teddy-set-yellow.jpg",".jpg","05/10/2025 13:49:49","05/10/2025 12:49:49","05/10/2025 17:24:29","05/10/2025 16:24:29","05/10/2025 13:49:49","05/10/2025 12:49:49",,"-1","Archive"
"Microsoft.PowerShell.Core\FileSystem::C:\GitRepos\alisoncreations\resources\images\big-coloured-light-up-house-scene.jpg","Microsoft.PowerShell.Core\FileSystem::C:\GitRepos\alisoncreations\resources\images","big-coloured-light-up-house-scene.jpg","C","Microsoft.PowerShell.Core\FileSystem","False","-a---","-a---","big-coloured-light-up-house-scene","C:\GitRepos\alisoncreations\resources\images\big-coloured-light-up-house-scene.jpg",,,"big-coloured-light-up-house-scene.jpg",,,"True","C:\GitRepos\alisoncreations\resources\images\big-coloured-light-up-house-scene.jpg",".jpg","05/10/2025 13:49:49","05/10/2025 12:49:49","05/10/2025 17:24:29","05/10/2025 16:24:29","05/10/2025 13:49:49","05/10/2025 12:49:49",,"-1","Archive"
"Microsoft.PowerShell.Core\FileSystem::C:\GitRepos\alisoncreations\resources\images\big-house-scene-(2).jpg","Microsoft.PowerShell.Core\FileSystem::C:\GitRepos\alisoncreations\resources\images","big-house-scene-(2).jpg","C","Microsoft.PowerShell.Core\FileSystem","False","-a---","-a---","big-house-scene-(2)","C:\GitRepos\alisoncreations\resources\images\big-house-scene-(2).jpg",,,"big-house-scene-(2).jpg",,,"True","C:\GitRepos\alisoncreations\resources\images\big-house-scene-(2).jpg",".jpg","05/10/2025 13:49:49","05/10/2025 12:49:49","05/10/2025 17:24:29","05/10/2025 16:24:29","05/10/2025 13:49:49","05/10/2025 12:49:49",,"-1","Archive"
"Microsoft.PowerShell.Core\FileSystem::C:\GitRepos\alisoncreations\resources\images\big-house-scene.jpg","Microsoft.PowerShell.Core\FileSystem::C:\GitRepos\alisoncreations\resources\images","big-house-scene.jpg","C","Microsoft.PowerShell.Core\FileSystem","False","-a---","-a---","big-house-scene","C:\GitRepos\alisoncreations\resources\images\big-house-scene.jpg",,,"big-house-scene.jpg",,,"True","C:\GitRepos\alisoncreations\resources\images\big-house-scene.jpg",".jpg","05/10/2025 13:49:49","05/10/2025 12:49:49","05/10/2025 17:24:29","05/10/2025 16:24:29","05/10/2025 13:49:49","05/10/2025 12:49:49",,"-1","Archive"
"Microsoft.PowerShell.Core\FileSystem::C:\GitRepos\alisoncreations\resources\images\big-light-up-house-scene.jpg","Microsoft.PowerShell.Core\FileSystem::C:\GitRepos\alisoncreations\resources\images","big-light-up-house-scene.jpg","C","Microsoft.PowerShell.Core\FileSystem","False","-a---","-a---","big-light-up-house-scene","C:\GitRepos\alisoncreations\resources\images\big-light-up-house-scene.jpg",,,"big-light-up-house-scene.jpg",,,"True","C:\GitRepos\alisoncreations\resources\images\big-light-up-house-scene.jpg",".jpg","05/10/2025 13:49:49","05/10/2025 12:49:49","05/10/2025 17:24:29","05/10/2025 16:24:29","05/10/2025 13:49:49","05/10/2025 12:49:49",,"-1","Archive"
"Microsoft.PowerShell.Core\FileSystem::C:\GitRepos\alisoncreations\resources\images\birds-in-house-white.jpg","Microsoft.PowerShell.Core\FileSystem::C:\GitRepos\alisoncreations\resources\images","birds-in-house-white.jpg","C","Microsoft.PowerShell.Core\FileSystem","False","-a---","-a---","birds-in-house-white","C:\GitRepos\alisoncreations\resources\images\birds-in-house-white.jpg",,,"birds-in-house-white.jpg",,,"True","C:\GitRepos\alisoncreations\resources\images\birds-in-house-white.jpg",".jpg","05/10/2025 13:49:49","05/10/2025 12:49:49","05/10/2025 17:24:29","05/10/2025 16:24:29","05/10/2025 13:49:49","05/10/2025 12:49:49",,"-1","Archive"
"Microsoft.PowerShell.Core\FileSystem::C:\GitRepos\alisoncreations\resources\images\birds-on-branch-.jpg","Microsoft.PowerShell.Core\FileSystem::C:\GitRepos\alisoncreations\resources\images","birds-on-branch-.jpg","C","Microsoft.PowerShell.Core\FileSystem","False","-a---","-a---","birds-on-branch-","C:\GitRepos\alisoncreations\resources\images\birds-on-branch-.jpg",,,"birds-on-branch-.jpg",,,"True","C:\GitRepos\alisoncreations\resources\images\birds-on-branch-.jpg",".jpg","05/10/2025 13:49:49","05/10/2025 12:49:49","05/10/2025 17:24:29","05/10/2025 16:24:29","05/10/2025 13:49:49","05/10/2025 12:49:49",,"-1","Archive"
"Microsoft.PowerShell.Core\FileSystem::C:\GitRepos\alisoncreations\resources\images\birds-white-in-circle.jpg","Microsoft.PowerShell.Core\FileSystem::C:\GitRepos\alisoncreations\resources\images","birds-white-in-circle.jpg","C","Microsoft.PowerShell.Core\FileSystem","False","-a---","-a---","birds-white-in-circle","C:\GitRepos\alisoncreations\resources\images\birds-white-in-circle.jpg",,,"birds-white-in-circle.jpg",,,"True","C:\GitRepos\alisoncreations\resources\images\birds-white-in-circle.jpg",".jpg","05/10/2025 13:49:49","05/10/2025 12:49:49","05/10/2025 17:24:29","05/10/2025 16:24:29","05/10/2025 13:49:49","05/10/2025 12:49:49",,"-1","Archive"
"Microsoft.PowerShell.Core\FileSystem::C:\GitRepos\alisoncreations\resources\images\blue-frog-(2).jpg","Microsoft.PowerShell.Core\FileSystem::C:\GitRepos\alisoncreations\resources\images","blue-frog-(2).jpg","C","Microsoft.PowerShell.Core\FileSystem","False","-a---","-a---","blue-frog-(2)","C:\GitRepos\alisoncreations\resources\images\blue-frog-(2).jpg",,,"blue-frog-(2).jpg",,,"True","C:\GitRepos\alisoncreations\resources\images\blue-frog-(2).jpg",".jpg","05/10/2025 13:49:49","05/10/2025 12:49:49","05/10/2025 17:24:29","05/10/2025 16:24:29","05/10/2025 13:49:49","05/10/2025 12:49:49",,"-1","Archive"
"Microsoft.PowerShell.Core\FileSystem::C:\GitRepos\alisoncreations\resources\images\blue-frog.jpg","Microsoft.PowerShell.Core\FileSystem::C:\GitRepos\alisoncreations\resources\images","blue-frog.jpg","C","Microsoft.PowerShell.Core\FileSystem","False","-a---","-a---","blue-frog","C:\GitRepos\alisoncreations\resources\images\blue-frog.jpg",,,"blue-frog.jpg",,,"True","C:\GitRepos\alisoncreations\resources\images\blue-frog.jpg",".jpg","05/10/2025 13:49:49","05/10/2025 12:49:49","05/10/2025 17:24:29","05/10/2025 16:24:29","05/10/2025 13:49:49","05/10/2025 12:49:49",,"-1","Archive"
"Microsoft.PowerShell.Core\FileSystem::C:\GitRepos\alisoncreations\resources\images\boat-with-flower-anchor-gold-rope.jpg","Microsoft.PowerShell.Core\FileSystem::C:\GitRepos\alisoncreations\resources\images","boat-with-flower-anchor-gold-rope.jpg","C","Microsoft.PowerShell.Core\FileSystem","False","-a---","-a---","boat-with-flower-anchor-gold-rope","C:\GitRepos\alisoncreations\resources\images\boat-with-flower-anchor-gold-rope.jpg",,,"boat-with-flower-anchor-gold-rope.jpg",,,"True","C:\GitRepos\alisoncreations\resources\images\boat-with-flower-anchor-gold-rope.jpg",".jpg","05/10/2025 13:49:49","05/10/2025 12:49:49","05/10/2025 17:24:29","05/10/2025 16:24:29","05/10/2025 13:49:49","05/10/2025 12:49:49",,"-1","Archive"
"Microsoft.PowerShell.Core\FileSystem::C:\GitRepos\alisoncreations\resources\images\boat-with-flower-anchor-white.jpg","Microsoft.PowerShell.Core\FileSystem::C:\GitRepos\alisoncreations\resources\images","boat-with-flower-anchor-white.jpg","C","Microsoft.PowerShell.Core\FileSystem","False","-a---","-a---","boat-with-flower-anchor-white","C:\GitRepos\alisoncreations\resources\images\boat-with-flower-anchor-white.jpg",,,"boat-with-flower-anchor-white.jpg",,,"True","C:\GitRepos\alisoncreations\resources\images\boat-with-flower-anchor-white.jpg",".jpg","05/10/2025 13:49:49","05/10/2025 12:49:49","05/10/2025 17:24:29","05/10/2025 16:24:29","05/10/2025 13:49:49","05/10/2025 12:49:49",,"-1","Archive"
"Microsoft.PowerShell.Core\FileSystem::C:\GitRepos\alisoncreations\resources\images\brown-butterfly.jpg","Microsoft.PowerShell.Core\FileSystem::C:\GitRepos\alisoncreations\resources\images","brown-butterfly.jpg","C","Microsoft.PowerShell.Core\FileSystem","False","-a---","-a---","brown-butterfly","C:\GitRepos\alisoncreations\resources\images\brown-butterfly.jpg",,,"brown-butterfly.jpg",,,"True","C:\GitRepos\alisoncreations\resources\images\brown-butterfly.jpg",".jpg","05/10/2025 13:49:49","05/10/2025 12:49:49","05/10/2025 17:24:29","05/10/2025 16:24:29","05/10/2025 13:49:49","05/10/2025 12:49:49",,"-1","Archive"
"Microsoft.PowerShell.Core\FileSystem::C:\GitRepos\alisoncreations\resources\images\Butterfly white quote 2 (2).jpg","Microsoft.PowerShell.Core\FileSystem::C:\GitRepos\alisoncreations\resources\images","Butterfly white quote 2 (2).jpg","C","Microsoft.PowerShell.Core\FileSystem","False","-a---","-a---","Butterfly white quote 2 (2)","C:\GitRepos\alisoncreations\resources\images\Butterfly white quote 2 (2).jpg",,,"Butterfly white quote 2 (2).jpg",,,"True","C:\GitRepos\alisoncreations\resources\images\Butterfly white quote 2 (2).jpg",".jpg","05/10/2025 13:49:48","05/10/2025 12:49:48","05/10/2025 17:24:29","05/10/2025 16:24:29","05/10/2025 13:49:48","05/10/2025 12:49:48",,"-1","Archive"
"Microsoft.PowerShell.Core\FileSystem::C:\GitRepos\alisoncreations\resources\images\butterfly-bday-60-clear.jpg","Microsoft.PowerShell.Core\FileSystem::C:\GitRepos\alisoncreations\resources\images","butterfly-bday-60-clear.jpg","C","Microsoft.PowerShell.Core\FileSystem","False","-a---","-a---","butterfly-bday-60-clear","C:\GitRepos\alisoncreations\resources\images\butterfly-bday-60-clear.jpg",,,"butterfly-bday-60-clear.jpg",,,"True","C:\GitRepos\alisoncreations\resources\images\butterfly-bday-60-clear.jpg",".jpg","05/10/2025 13:49:49","05/10/2025 12:49:49","05/10/2025 17:24:29","05/10/2025 16:24:29","05/10/2025 13:49:49","05/10/2025 12:49:49",,"-1","Archive"
"Microsoft.PowerShell.Core\FileSystem::C:\GitRepos\alisoncreations\resources\images\butterfly-white-quote-1-.jpg","Microsoft.PowerShell.Core\FileSystem::C:\GitRepos\alisoncreations\resources\images","butterfly-white-quote-1-.jpg","C","Microsoft.PowerShell.Core\FileSystem","False","-a---","-a---","butterfly-white-quote-1-","C:\GitRepos\alisoncreations\resources\images\butterfly-white-quote-1-.jpg",,,"butterfly-white-quote-1-.jpg",,,"True","C:\GitRepos\alisoncreations\resources\images\butterfly-white-quote-1-.jpg",".jpg","05/10/2025 13:49:49","05/10/2025 12:49:49","05/10/2025 17:24:29","05/10/2025 16:24:29","05/10/2025 13:49:49","05/10/2025 12:49:49",,"-1","Archive"
"Microsoft.PowerShell.Core\FileSystem::C:\GitRepos\alisoncreations\resources\images\butterfly-white-quote-1.jpg","Microsoft.PowerShell.Core\FileSystem::C:\GitRepos\alisoncreations\resources\images","butterfly-white-quote-1.jpg","C","Microsoft.PowerShell.Core\FileSystem","False","-a---","-a---","butterfly-white-quote-1","C:\GitRepos\alisoncreations\resources\images\butterfly-white-quote-1.jpg",,,"butterfly-white-quote-1.jpg",,,"True","C:\GitRepos\alisoncreations\resources\images\butterfly-white-quote-1.jpg",".jpg","05/10/2025 13:49:49","05/10/2025 12:49:49","05/10/2025 17:24:29","05/10/2025 16:24:29","05/10/2025 13:49:49","05/10/2025 12:49:49",,"-1","Archive"
"Microsoft.PowerShell.Core\FileSystem::C:\GitRepos\alisoncreations\resources\images\butterfly-white-quote-2.jpg","Microsoft.PowerShell.Core\FileSystem::C:\GitRepos\alisoncreations\resources\images","butterfly-white-quote-2.jpg","C","Microsoft.PowerShell.Core\FileSystem","False","-a---","-a---","butterfly-white-quote-2","C:\GitRepos\alisoncreations\resources\images\butterfly-white-quote-2.jpg",,,"butterfly-white-quote-2.jpg",,,"True","C:\GitRepos\alisoncreations\resources\images\butterfly-white-quote-2.jpg",".jpg","05/10/2025 13:49:49","05/10/2025 12:49:49","05/10/2025 17:24:29","05/10/2025 16:24:29","05/10/2025 13:49:49","05/10/2025 12:49:49",,"-1","Archive"
"Microsoft.PowerShell.Core\FileSystem::C:\GitRepos\alisoncreations\resources\images\butterfly-white-quote-3.jpg","Microsoft.PowerShell.Core\FileSystem::C:\GitRepos\alisoncreations\resources\images","butterfly-white-quote-3.jpg","C","Microsoft.PowerShell.Core\FileSystem","False","-a---","-a---","butterfly-white-quote-3","C:\GitRepos\alisoncreations\resources\images\butterfly-white-quote-3.jpg",,,"butterfly-white-quote-3.jpg",,,"True","C:\GitRepos\alisoncreations\resources\images\butterfly-white-quote-3.jpg",".jpg","05/10/2025 13:49:49","05/10/2025 12:49:49","05/10/2025 17:24:29","05/10/2025 16:24:29","05/10/2025 13:49:49","05/10/2025 12:49:49",,"-1","Archive"
"Microsoft.PowerShell.Core\FileSystem::C:\GitRepos\alisoncreations\resources\images\cat-&-dog.jpg","Microsoft.PowerShell.Core\FileSystem::C:\GitRepos\alisoncreations\resources\images","cat-&-dog.jpg","C","Microsoft.PowerShell.Core\FileSystem","False","-a---","-a---","cat-&-dog","C:\GitRepos\alisoncreations\resources\images\cat-&-dog.jpg",,,"cat-&-dog.jpg",,,"True","C:\GitRepos\alisoncreations\resources\images\cat-&-dog.jpg",".jpg","05/10/2025 13:49:49","05/10/2025 12:49:49","05/10/2025 17:24:29","05/10/2025 16:24:29","05/10/2025 13:49:49","05/10/2025 12:49:49",,"-1","Archive"
"Microsoft.PowerShell.Core\FileSystem::C:\GitRepos\alisoncreations\resources\images\cat-brown-white.jpg","Microsoft.PowerShell.Core\FileSystem::C:\GitRepos\alisoncreations\resources\images","cat-brown-white.jpg","C","Microsoft.PowerShell.Core\FileSystem","False","-a---","-a---","cat-brown-white","C:\GitRepos\alisoncreations\resources\images\cat-brown-white.jpg",,,"cat-brown-white.jpg",,,"True","C:\GitRepos\alisoncreations\resources\images\cat-brown-white.jpg",".jpg","05/10/2025 13:49:49","05/10/2025 12:49:49","05/10/2025 17:24:29","05/10/2025 16:24:29","05/10/2025 13:49:49","05/10/2025 12:49:49",,"-1","Archive"
"Microsoft.PowerShell.Core\FileSystem::C:\GitRepos\alisoncreations\resources\images\cat-dark-silver.jpg","Microsoft.PowerShell.Core\FileSystem::C:\GitRepos\alisoncreations\resources\images","cat-dark-silver.jpg","C","Microsoft.PowerShell.Core\FileSystem","False","-a---","-a---","cat-dark-silver","C:\GitRepos\alisoncreations\resources\images\cat-dark-silver.jpg",,,"cat-dark-silver.jpg",,,"True","C:\GitRepos\alisoncreations\resources\images\cat-dark-silver.jpg",".jpg","05/10/2025 13:49:49","05/10/2025 12:49:49","05/10/2025 17:24:29","05/10/2025 16:24:29","05/10/2025 13:49:49","05/10/2025 12:49:49",,"-1","Archive"
"Microsoft.PowerShell.Core\FileSystem::C:\GitRepos\alisoncreations\resources\images\cat-gold-brown.jpg","Microsoft.PowerShell.Core\FileSystem::C:\GitRepos\alisoncreations\resources\images","cat-gold-brown.jpg","C","Microsoft.PowerShell.Core\FileSystem","False","-a---","-a---","cat-gold-brown","C:\GitRepos\alisoncreations\resources\images\cat-gold-brown.jpg",,,"cat-gold-brown.jpg",,,"True","C:\GitRepos\alisoncreations\resources\images\cat-gold-brown.jpg",".jpg","05/10/2025 13:49:49","05/10/2025 12:49:49","05/10/2025 17:24:29","05/10/2025 16:24:29","05/10/2025 13:49:49","05/10/2025 12:49:49",,"-1","Archive"
"Microsoft.PowerShell.Core\FileSystem::C:\GitRepos\alisoncreations\resources\images\cat-jade.jpg","Microsoft.PowerShell.Core\FileSystem::C:\GitRepos\alisoncreations\resources\images","cat-jade.jpg","C","Microsoft.PowerShell.Core\FileSystem","False","-a---","-a---","cat-jade","C:\GitRepos\alisoncreations\resources\images\cat-jade.jpg",,,"cat-jade.jpg",,,"True","C:\GitRepos\alisoncreations\resources\images\cat-jade.jpg",".jpg","05/10/2025 13:49:49","05/10/2025 12:49:49","05/10/2025 17:24:29","05/10/2025 16:24:29","05/10/2025 13:49:49","05/10/2025 12:49:49",,"-1","Archive"
"Microsoft.PowerShell.Core\FileSystem::C:\GitRepos\alisoncreations\resources\images\cat-orange.jpg","Microsoft.PowerShell.Core\FileSystem::C:\GitRepos\alisoncreations\resources\images","cat-orange.jpg","C","Microsoft.PowerShell.Core\FileSystem","False","-a---","-a---","cat-orange","C:\GitRepos\alisoncreations\resources\images\cat-orange.jpg",,,"cat-orange.jpg",,,"True","C:\GitRepos\alisoncreations\resources\images\cat-orange.jpg",".jpg","05/10/2025 13:49:49","05/10/2025 12:49:49","05/10/2025 17:24:29","05/10/2025 16:24:29","05/10/2025 13:49:49","05/10/2025 12:49:49",,"-1","Archive"
"Microsoft.PowerShell.Core\FileSystem::C:\GitRepos\alisoncreations\resources\images\cat-silver.jpg","Microsoft.PowerShell.Core\FileSystem::C:\GitRepos\alisoncreations\resources\images","cat-silver.jpg","C","Microsoft.PowerShell.Core\FileSystem","False","-a---","-a---","cat-silver","C:\GitRepos\alisoncreations\resources\images\cat-silver.jpg",,,"cat-silver.jpg",,,"True","C:\GitRepos\alisoncreations\resources\images\cat-silver.jpg",".jpg","05/10/2025 13:49:49","05/10/2025 12:49:49","05/10/2025 17:24:29","05/10/2025 16:24:29","05/10/2025 13:49:49","05/10/2025 12:49:49",,"-1","Archive"
"Microsoft.PowerShell.Core\FileSystem::C:\GitRepos\alisoncreations\resources\images\christmas-clear-hanging-ornaments.jpg","Microsoft.PowerShell.Core\FileSystem::C:\GitRepos\alisoncreations\resources\images","christmas-clear-hanging-ornaments.jpg","C","Microsoft.PowerShell.Core\FileSystem","False","-a---","-a---","christmas-clear-hanging-ornaments","C:\GitRepos\alisoncreations\resources\images\christmas-clear-hanging-ornaments.jpg",,,"christmas-clear-hanging-ornaments.jpg",,,"True","C:\GitRepos\alisoncreations\resources\images\christmas-clear-hanging-ornaments.jpg",".jpg","05/10/2025 13:49:49","05/10/2025 12:49:49","05/10/2025 17:24:29","05/10/2025 16:24:29","05/10/2025 13:49:49","05/10/2025 12:49:49",,"-1","Archive"
"Microsoft.PowerShell.Core\FileSystem::C:\GitRepos\alisoncreations\resources\images\christmas-scene-2.jpg","Microsoft.PowerShell.Core\FileSystem::C:\GitRepos\alisoncreations\resources\images","christmas-scene-2.jpg","C","Microsoft.PowerShell.Core\FileSystem","False","-a---","-a---","christmas-scene-2","C:\GitRepos\alisoncreations\resources\images\christmas-scene-2.jpg",,,"christmas-scene-2.jpg",,,"True","C:\GitRepos\alisoncreations\resources\images\christmas-scene-2.jpg",".jpg","05/10/2025 13:49:49","05/10/2025 12:49:49","05/10/2025 17:24:29","05/10/2025 16:24:29","05/10/2025 13:49:49","05/10/2025 12:49:49",,"-1","Archive"
"Microsoft.PowerShell.Core\FileSystem::C:\GitRepos\alisoncreations\resources\images\christmas-white-circle-hanging-ornament.jpg","Microsoft.PowerShell.Core\FileSystem::C:\GitRepos\alisoncreations\resources\images","christmas-white-circle-hanging-ornament.jpg","C","Microsoft.PowerShell.Core\FileSystem","False","-a---","-a---","christmas-white-circle-hanging-ornament","C:\GitRepos\alisoncreations\resources\images\christmas-white-circle-hanging-ornament.jpg",,,"christmas-white-circle-hanging-ornament.jpg",,,"True","C:\GitRepos\alisoncreations\resources\images\christmas-white-circle-hanging-ornament.jpg",".jpg","05/10/2025 13:49:49","05/10/2025 12:49:49","05/10/2025 17:24:29","05/10/2025 16:24:29","05/10/2025 13:49:49","05/10/2025 12:49:49",,"-1","Archive"
"Microsoft.PowerShell.Core\FileSystem::C:\GitRepos\alisoncreations\resources\images\christmas-white-hanging-ornament.jpg","Microsoft.PowerShell.Core\FileSystem::C:\GitRepos\alisoncreations\resources\images","christmas-white-hanging-ornament.jpg","C","Microsoft.PowerShell.Core\FileSystem","False","-a---","-a---","christmas-white-hanging-ornament","C:\GitRepos\alisoncreations\resources\images\christmas-white-hanging-ornament.jpg",,,"christmas-white-hanging-ornament.jpg",,,"True","C:\GitRepos\alisoncreations\resources\images\christmas-white-hanging-ornament.jpg",".jpg","05/10/2025 13:49:49","05/10/2025 12:49:49","05/10/2025 17:24:29","05/10/2025 16:24:29","05/10/2025 13:49:49","05/10/2025 12:49:49",,"-1","Archive"
"Microsoft.PowerShell.Core\FileSystem::C:\GitRepos\alisoncreations\resources\images\christmas-white-scene-1.jpg","Microsoft.PowerShell.Core\FileSystem::C:\GitRepos\alisoncreations\resources\images","christmas-white-scene-1.jpg","C","Microsoft.PowerShell.Core\FileSystem","False","-a---","-a---","christmas-white-scene-1","C:\GitRepos\alisoncreations\resources\images\christmas-white-scene-1.jpg",,,"christmas-white-scene-1.jpg",,,"True","C:\GitRepos\alisoncreations\resources\images\christmas-white-scene-1.jpg",".jpg","05/10/2025 13:49:49","05/10/2025 12:49:49","05/10/2025 17:24:29","05/10/2025 16:24:29","05/10/2025 13:49:49","05/10/2025 12:49:49",,"-1","Archive"
"Microsoft.PowerShell.Core\FileSystem::C:\GitRepos\alisoncreations\resources\images\cloud-villiage-with-quote-7.jpg","Microsoft.PowerShell.Core\FileSystem::C:\GitRepos\alisoncreations\resources\images","cloud-villiage-with-quote-7.jpg","C","Microsoft.PowerShell.Core\FileSystem","False","-a---","-a---","cloud-villiage-with-quote-7","C:\GitRepos\alisoncreations\resources\images\cloud-villiage-with-quote-7.jpg",,,"cloud-villiage-with-quote-7.jpg",,,"True","C:\GitRepos\alisoncreations\resources\images\cloud-villiage-with-quote-7.jpg",".jpg","05/10/2025 13:49:49","05/10/2025 12:49:49","05/10/2025 17:24:29","05/10/2025 16:24:29","05/10/2025 13:49:49","05/10/2025 12:49:49",,"-1","Archive"
"Microsoft.PowerShell.Core\FileSystem::C:\GitRepos\alisoncreations\resources\images\dingy-and-anchor-sets-white-rope-(2).jpg","Microsoft.PowerShell.Core\FileSystem::C:\GitRepos\alisoncreations\resources\images","dingy-and-anchor-sets-white-rope-(2).jpg","C","Microsoft.PowerShell.Core\FileSystem","False","-a---","-a---","dingy-and-anchor-sets-white-rope-(2)","C:\GitRepos\alisoncreations\resources\images\dingy-and-anchor-sets-white-rope-(2).jpg",,,"dingy-and-anchor-sets-white-rope-(2).jpg",,,"True","C:\GitRepos\alisoncreations\resources\images\dingy-and-anchor-sets-white-rope-(2).jpg",".jpg","05/10/2025 13:49:49","05/10/2025 12:49:49","05/10/2025 17:24:29","05/10/2025 16:24:29","05/10/2025 13:49:49","05/10/2025 12:49:49",,"-1","Archive"
"Microsoft.PowerShell.Core\FileSystem::C:\GitRepos\alisoncreations\resources\images\dingy-and-anchor-sets-white-rope.jpg","Microsoft.PowerShell.Core\FileSystem::C:\GitRepos\alisoncreations\resources\images","dingy-and-anchor-sets-white-rope.jpg","C","Microsoft.PowerShell.Core\FileSystem","False","-a---","-a---","dingy-and-anchor-sets-white-rope","C:\GitRepos\alisoncreations\resources\images\dingy-and-anchor-sets-white-rope.jpg",,,"dingy-and-anchor-sets-white-rope.jpg",,,"True","C:\GitRepos\alisoncreations\resources\images\dingy-and-anchor-sets-white-rope.jpg",".jpg","05/10/2025 13:49:49","05/10/2025 12:49:49","05/10/2025 17:24:29","05/10/2025 16:24:29","05/10/2025 13:49:49","05/10/2025 12:49:49",,"-1","Archive"
"Microsoft.PowerShell.Core\FileSystem::C:\GitRepos\alisoncreations\resources\images\dingy-and-anchor-sets-with-gold-rope-(2).jpg","Microsoft.PowerShell.Core\FileSystem::C:\GitRepos\alisoncreations\resources\images","dingy-and-anchor-sets-with-gold-rope-(2).jpg","C","Microsoft.PowerShell.Core\FileSystem","False","-a---","-a---","dingy-and-anchor-sets-with-gold-rope-(2)","C:\GitRepos\alisoncreations\resources\images\dingy-and-anchor-sets-with-gold-rope-(2).jpg",,,"dingy-and-anchor-sets-with-gold-rope-(2).jpg",,,"True","C:\GitRepos\alisoncreations\resources\images\dingy-and-anchor-sets-with-gold-rope-(2).jpg",".jpg","05/10/2025 13:49:49","05/10/2025 12:49:49","05/10/2025 17:24:29","05/10/2025 16:24:29","05/10/2025 13:49:49","05/10/2025 12:49:49",,"-1","Archive"
"Microsoft.PowerShell.Core\FileSystem::C:\GitRepos\alisoncreations\resources\images\dingy-and-anchor-sets-with-gold-rope.jpg","Microsoft.PowerShell.Core\FileSystem::C:\GitRepos\alisoncreations\resources\images","dingy-and-anchor-sets-with-gold-rope.jpg","C","Microsoft.PowerShell.Core\FileSystem","False","-a---","-a---","dingy-and-anchor-sets-with-gold-rope","C:\GitRepos\alisoncreations\resources\images\dingy-and-anchor-sets-with-gold-rope.jpg",,,"dingy-and-anchor-sets-with-gold-rope.jpg",,,"True","C:\GitRepos\alisoncreations\resources\images\dingy-and-anchor-sets-with-gold-rope.jpg",".jpg","05/10/2025 13:49:49","05/10/2025 12:49:49","05/10/2025 17:24:29","05/10/2025 16:24:29","05/10/2025 13:49:49","05/10/2025 12:49:49",,"-1","Archive"
"Microsoft.PowerShell.Core\FileSystem::C:\GitRepos\alisoncreations\resources\images\dingy-and-anchor-sets.jpg","Microsoft.PowerShell.Core\FileSystem::C:\GitRepos\alisoncreations\resources\images","dingy-and-anchor-sets.jpg","C","Microsoft.PowerShell.Core\FileSystem","False","-a---","-a---","dingy-and-anchor-sets","C:\GitRepos\alisoncreations\resources\images\dingy-and-anchor-sets.jpg",,,"dingy-and-anchor-sets.jpg",,,"True","C:\GitRepos\alisoncreations\resources\images\dingy-and-anchor-sets.jpg",".jpg","05/10/2025 13:49:49","05/10/2025 12:49:49","05/10/2025 17:24:29","05/10/2025 16:24:29","05/10/2025 13:49:49","05/10/2025 12:49:49",,"-1","Archive"
"Microsoft.PowerShell.Core\FileSystem::C:\GitRepos\alisoncreations\resources\images\dog-&-cat-white.jpg","Microsoft.PowerShell.Core\FileSystem::C:\GitRepos\alisoncreations\resources\images","dog-&-cat-white.jpg","C","Microsoft.PowerShell.Core\FileSystem","False","-a---","-a---","dog-&-cat-white","C:\GitRepos\alisoncreations\resources\images\dog-&-cat-white.jpg",,,"dog-&-cat-white.jpg",,,"True","C:\GitRepos\alisoncreations\resources\images\dog-&-cat-white.jpg",".jpg","05/10/2025 13:49:49","05/10/2025 12:49:49","05/10/2025 17:24:29","05/10/2025 16:24:29","05/10/2025 13:49:49","05/10/2025 12:49:49",,"-1","Archive"
"Microsoft.PowerShell.Core\FileSystem::C:\GitRepos\alisoncreations\resources\images\dragon-fly-with-flowers-clear.jpg","Microsoft.PowerShell.Core\FileSystem::C:\GitRepos\alisoncreations\resources\images","dragon-fly-with-flowers-clear.jpg","C","Microsoft.PowerShell.Core\FileSystem","False","-a---","-a---","dragon-fly-with-flowers-clear","C:\GitRepos\alisoncreations\resources\images\dragon-fly-with-flowers-clear.jpg",,,"dragon-fly-with-flowers-clear.jpg",,,"True","C:\GitRepos\alisoncreations\resources\images\dragon-fly-with-flowers-clear.jpg",".jpg","05/10/2025 13:49:49","05/10/2025 12:49:49","05/10/2025 17:24:29","05/10/2025 16:24:29","05/10/2025 13:49:49","05/10/2025 12:49:49",,"-1","Archive"
"Microsoft.PowerShell.Core\FileSystem::C:\GitRepos\alisoncreations\resources\images\dragon.jpg","Microsoft.PowerShell.Core\FileSystem::C:\GitRepos\alisoncreations\resources\images","dragon.jpg","C","Microsoft.PowerShell.Core\FileSystem","False","-a---","-a---","dragon","C:\GitRepos\alisoncreations\resources\images\dragon.jpg",,,"dragon.jpg",,,"True","C:\GitRepos\alisoncreations\resources\images\dragon.jpg",".jpg","19/09/2025 13:15:14","19/09/2025 12:15:14","05/10/2025 17:24:29","05/10/2025 16:24:29","15/06/2025 14:08:05","15/06/2025 13:08:05",,"-1","Archive"
"Microsoft.PowerShell.Core\FileSystem::C:\GitRepos\alisoncreations\resources\images\dragonfly-plaque-1.jpg","Microsoft.PowerShell.Core\FileSystem::C:\GitRepos\alisoncreations\resources\images","dragonfly-plaque-1.jpg","C","Microsoft.PowerShell.Core\FileSystem","False","-a---","-a---","dragonfly-plaque-1","C:\GitRepos\alisoncreations\resources\images\dragonfly-plaque-1.jpg",,,"dragonfly-plaque-1.jpg",,,"True","C:\GitRepos\alisoncreations\resources\images\dragonfly-plaque-1.jpg",".jpg","05/10/2025 13:49:49","05/10/2025 12:49:49","05/10/2025 17:24:29","05/10/2025 16:24:29","05/10/2025 13:49:49","05/10/2025 12:49:49",,"-1","Archive"
"Microsoft.PowerShell.Core\FileSystem::C:\GitRepos\alisoncreations\resources\images\dragonfly-plaque-2.jpg","Microsoft.PowerShell.Core\FileSystem::C:\GitRepos\alisoncreations\resources\images","dragonfly-plaque-2.jpg","C","Microsoft.PowerShell.Core\FileSystem","False","-a---","-a---","dragonfly-plaque-2","C:\GitRepos\alisoncreations\resources\images\dragonfly-plaque-2.jpg",,,"dragonfly-plaque-2.jpg",,,"True","C:\GitRepos\alisoncreations\resources\images\dragonfly-plaque-2.jpg",".jpg","05/10/2025 13:49:49","05/10/2025 12:49:49","05/10/2025 17:24:29","05/10/2025 16:24:29","05/10/2025 13:49:49","05/10/2025 12:49:49",,"-1","Archive"
"Microsoft.PowerShell.Core\FileSystem::C:\GitRepos\alisoncreations\resources\images\dragonfly-purple.jpg","Microsoft.PowerShell.Core\FileSystem::C:\GitRepos\alisoncreations\resources\images","dragonfly-purple.jpg","C","Microsoft.PowerShell.Core\FileSystem","False","-a---","-a---","dragonfly-purple","C:\GitRepos\alisoncreations\resources\images\dragonfly-purple.jpg",,,"dragonfly-purple.jpg",,,"True","C:\GitRepos\alisoncreations\resources\images\dragonfly-purple.jpg",".jpg","05/10/2025 13:49:49","05/10/2025 12:49:49","05/10/2025 17:24:29","05/10/2025 16:24:29","05/10/2025 13:49:49","05/10/2025 12:49:49",,"-1","Archive"
"Microsoft.PowerShell.Core\FileSystem::C:\GitRepos\alisoncreations\resources\images\dragonfly-red.jpg","Microsoft.PowerShell.Core\FileSystem::C:\GitRepos\alisoncreations\resources\images","dragonfly-red.jpg","C","Microsoft.PowerShell.Core\FileSystem","False","-a---","-a---","dragonfly-red","C:\GitRepos\alisoncreations\resources\images\dragonfly-red.jpg",,,"dragonfly-red.jpg",,,"True","C:\GitRepos\alisoncreations\resources\images\dragonfly-red.jpg",".jpg","05/10/2025 13:49:49","05/10/2025 12:49:49","05/10/2025 17:24:29","05/10/2025 16:24:29","05/10/2025 13:49:49","05/10/2025 12:49:49",,"-1","Archive"
"Microsoft.PowerShell.Core\FileSystem::C:\GitRepos\alisoncreations\resources\images\dragonfly-with-flowers-white-back.jpg","Microsoft.PowerShell.Core\FileSystem::C:\GitRepos\alisoncreations\resources\images","dragonfly-with-flowers-white-back.jpg","C","Microsoft.PowerShell.Core\FileSystem","False","-a---","-a---","dragonfly-with-flowers-white-back","C:\GitRepos\alisoncreations\resources\images\dragonfly-with-flowers-white-back.jpg",,,"dragonfly-with-flowers-white-back.jpg",,,"True","C:\GitRepos\alisoncreations\resources\images\dragonfly-with-flowers-white-back.jpg",".jpg","05/10/2025 13:49:49","05/10/2025 12:49:49","05/10/2025 17:24:29","05/10/2025 16:24:29","05/10/2025 13:49:49","05/10/2025 12:49:49",,"-1","Archive"
"Microsoft.PowerShell.Core\FileSystem::C:\GitRepos\alisoncreations\resources\images\elephant-jade.jpg","Microsoft.PowerShell.Core\FileSystem::C:\GitRepos\alisoncreations\resources\images","elephant-jade.jpg","C","Microsoft.PowerShell.Core\FileSystem","False","-a---","-a---","elephant-jade","C:\GitRepos\alisoncreations\resources\images\elephant-jade.jpg",,,"elephant-jade.jpg",,,"True","C:\GitRepos\alisoncreations\resources\images\elephant-jade.jpg",".jpg","05/10/2025 13:49:49","05/10/2025 12:49:49","05/10/2025 17:24:29","05/10/2025 16:24:29","05/10/2025 13:49:49","05/10/2025 12:49:49",,"-1","Archive"
"Microsoft.PowerShell.Core\FileSystem::C:\GitRepos\alisoncreations\resources\images\elephant-white-green.jpg","Microsoft.PowerShell.Core\FileSystem::C:\GitRepos\alisoncreations\resources\images","elephant-white-green.jpg","C","Microsoft.PowerShell.Core\FileSystem","False","-a---","-a---","elephant-white-green","C:\GitRepos\alisoncreations\resources\images\elephant-white-green.jpg",,,"elephant-white-green.jpg",,,"True","C:\GitRepos\alisoncreations\resources\images\elephant-white-green.jpg",".jpg","05/10/2025 13:49:49","05/10/2025 12:49:49","05/10/2025 17:24:29","05/10/2025 16:24:29","05/10/2025 13:49:49","05/10/2025 12:49:49",,"-1","Archive"
"Microsoft.PowerShell.Core\FileSystem::C:\GitRepos\alisoncreations\resources\images\fairy-cream.jpg","Microsoft.PowerShell.Core\FileSystem::C:\GitRepos\alisoncreations\resources\images","fairy-cream.jpg","C","Microsoft.PowerShell.Core\FileSystem","False","-a---","-a---","fairy-cream","C:\GitRepos\alisoncreations\resources\images\fairy-cream.jpg",,,"fairy-cream.jpg",,,"True","C:\GitRepos\alisoncreations\resources\images\fairy-cream.jpg",".jpg","05/10/2025 13:49:49","05/10/2025 12:49:49","05/10/2025 17:24:29","05/10/2025 16:24:29","05/10/2025 13:49:49","05/10/2025 12:49:49",,"-1","Archive"
"Microsoft.PowerShell.Core\FileSystem::C:\GitRepos\alisoncreations\resources\images\fairy-mauve.jpg","Microsoft.PowerShell.Core\FileSystem::C:\GitRepos\alisoncreations\resources\images","fairy-mauve.jpg","C","Microsoft.PowerShell.Core\FileSystem","False","-a---","-a---","fairy-mauve","C:\GitRepos\alisoncreations\resources\images\fairy-mauve.jpg",,,"fairy-mauve.jpg",,,"True","C:\GitRepos\alisoncreations\resources\images\fairy-mauve.jpg",".jpg","05/10/2025 13:49:49","05/10/2025 12:49:49","05/10/2025 17:24:29","05/10/2025 16:24:29","05/10/2025 13:49:49","05/10/2025 12:49:49",,"-1","Archive"
"Microsoft.PowerShell.Core\FileSystem::C:\GitRepos\alisoncreations\resources\images\fairy-silver.jpg","Microsoft.PowerShell.Core\FileSystem::C:\GitRepos\alisoncreations\resources\images","fairy-silver.jpg","C","Microsoft.PowerShell.Core\FileSystem","False","-a---","-a---","fairy-silver","C:\GitRepos\alisoncreations\resources\images\fairy-silver.jpg",,,"fairy-silver.jpg",,,"True","C:\GitRepos\alisoncreations\resources\images\fairy-silver.jpg",".jpg","05/10/2025 13:49:49","05/10/2025 12:49:49","05/10/2025 17:24:29","05/10/2025 16:24:29","05/10/2025 13:49:49","05/10/2025 12:49:49",,"-1","Archive"
"Microsoft.PowerShell.Core\FileSystem::C:\GitRepos\alisoncreations\resources\images\fairy-white-silver-2.jpg","Microsoft.PowerShell.Core\FileSystem::C:\GitRepos\alisoncreations\resources\images","fairy-white-silver-2.jpg","C","Microsoft.PowerShell.Core\FileSystem","False","-a---","-a---","fairy-white-silver-2","C:\GitRepos\alisoncreations\resources\images\fairy-white-silver-2.jpg",,,"fairy-white-silver-2.jpg",,,"True","C:\GitRepos\alisoncreations\resources\images\fairy-white-silver-2.jpg",".jpg","05/10/2025 13:49:49","05/10/2025 12:49:49","05/10/2025 17:24:29","05/10/2025 16:24:29","05/10/2025 13:49:49","05/10/2025 12:49:49",,"-1","Archive"
"Microsoft.PowerShell.Core\FileSystem::C:\GitRepos\alisoncreations\resources\images\fairy-white-sliver.jpg","Microsoft.PowerShell.Core\FileSystem::C:\GitRepos\alisoncreations\resources\images","fairy-white-sliver.jpg","C","Microsoft.PowerShell.Core\FileSystem","False","-a---","-a---","fairy-white-sliver","C:\GitRepos\alisoncreations\resources\images\fairy-white-sliver.jpg",,,"fairy-white-sliver.jpg",,,"True","C:\GitRepos\alisoncreations\resources\images\fairy-white-sliver.jpg",".jpg","05/10/2025 13:49:49","05/10/2025 12:49:49","05/10/2025 17:24:29","05/10/2025 16:24:29","05/10/2025 13:49:49","05/10/2025 12:49:49",,"-1","Archive"
"Microsoft.PowerShell.Core\FileSystem::C:\GitRepos\alisoncreations\resources\images\family-(flowered).jpg","Microsoft.PowerShell.Core\FileSystem::C:\GitRepos\alisoncreations\resources\images","family-(flowered).jpg","C","Microsoft.PowerShell.Core\FileSystem","False","-a---","-a---","family-(flowered)","C:\GitRepos\alisoncreations\resources\images\family-(flowered).jpg",,,"family-(flowered).jpg",,,"True","C:\GitRepos\alisoncreations\resources\images\family-(flowered).jpg",".jpg","05/10/2025 13:49:49","05/10/2025 12:49:49","05/10/2025 17:24:29","05/10/2025 16:24:29","05/10/2025 13:49:49","05/10/2025 12:49:49",,"-1","Archive"
"Microsoft.PowerShell.Core\FileSystem::C:\GitRepos\alisoncreations\resources\images\flower-cup-saucer-blue-.jpg","Microsoft.PowerShell.Core\FileSystem::C:\GitRepos\alisoncreations\resources\images","flower-cup-saucer-blue-.jpg","C","Microsoft.PowerShell.Core\FileSystem","False","-a---","-a---","flower-cup-saucer-blue-","C:\GitRepos\alisoncreations\resources\images\flower-cup-saucer-blue-.jpg",,,"flower-cup-saucer-blue-.jpg",,,"True","C:\GitRepos\alisoncreations\resources\images\flower-cup-saucer-blue-.jpg",".jpg","05/10/2025 13:49:49","05/10/2025 12:49:49","05/10/2025 17:24:29","05/10/2025 16:24:29","05/10/2025 13:49:49","05/10/2025 12:49:49",,"-1","Archive"
"Microsoft.PowerShell.Core\FileSystem::C:\GitRepos\alisoncreations\resources\images\flower-cup-saucer-blue.jpg","Microsoft.PowerShell.Core\FileSystem::C:\GitRepos\alisoncreations\resources\images","flower-cup-saucer-blue.jpg","C","Microsoft.PowerShell.Core\FileSystem","False","-a---","-a---","flower-cup-saucer-blue","C:\GitRepos\alisoncreations\resources\images\flower-cup-saucer-blue.jpg",,,"flower-cup-saucer-blue.jpg",,,"True","C:\GitRepos\alisoncreations\resources\images\flower-cup-saucer-blue.jpg",".jpg","05/10/2025 13:49:49","05/10/2025 12:49:49","05/10/2025 17:24:29","05/10/2025 16:24:29","05/10/2025 13:49:49","05/10/2025 12:49:49",,"-1","Archive"
"Microsoft.PowerShell.Core\FileSystem::C:\GitRepos\alisoncreations\resources\images\flower-cup-saucer-white-2.jpg","Microsoft.PowerShell.Core\FileSystem::C:\GitRepos\alisoncreations\resources\images","flower-cup-saucer-white-2.jpg","C","Microsoft.PowerShell.Core\FileSystem","False","-a---","-a---","flower-cup-saucer-white-2","C:\GitRepos\alisoncreations\resources\images\flower-cup-saucer-white-2.jpg",,,"flower-cup-saucer-white-2.jpg",,,"True","C:\GitRepos\alisoncreations\resources\images\flower-cup-saucer-white-2.jpg",".jpg","05/10/2025 13:49:49","05/10/2025 12:49:49","05/10/2025 17:24:29","05/10/2025 16:24:29","05/10/2025 13:49:49","05/10/2025 12:49:49",,"-1","Archive"
"Microsoft.PowerShell.Core\FileSystem::C:\GitRepos\alisoncreations\resources\images\flower-cup-saucer-white1-.jpg","Microsoft.PowerShell.Core\FileSystem::C:\GitRepos\alisoncreations\resources\images","flower-cup-saucer-white1-.jpg","C","Microsoft.PowerShell.Core\FileSystem","False","-a---","-a---","flower-cup-saucer-white1-","C:\GitRepos\alisoncreations\resources\images\flower-cup-saucer-white1-.jpg",,,"flower-cup-saucer-white1-.jpg",,,"True","C:\GitRepos\alisoncreations\resources\images\flower-cup-saucer-white1-.jpg",".jpg","05/10/2025 13:49:49","05/10/2025 12:49:49","05/10/2025 17:24:29","05/10/2025 16:24:29","05/10/2025 13:49:49","05/10/2025 12:49:49",,"-1","Archive"
"Microsoft.PowerShell.Core\FileSystem::C:\GitRepos\alisoncreations\resources\images\flower-cup-saucer-white1.jpg","Microsoft.PowerShell.Core\FileSystem::C:\GitRepos\alisoncreations\resources\images","flower-cup-saucer-white1.jpg","C","Microsoft.PowerShell.Core\FileSystem","False","-a---","-a---","flower-cup-saucer-white1","C:\GitRepos\alisoncreations\resources\images\flower-cup-saucer-white1.jpg",,,"flower-cup-saucer-white1.jpg",,,"True","C:\GitRepos\alisoncreations\resources\images\flower-cup-saucer-white1.jpg",".jpg","05/10/2025 13:49:49","05/10/2025 12:49:49","05/10/2025 17:24:29","05/10/2025 16:24:29","05/10/2025 13:49:49","05/10/2025 12:49:49",,"-1","Archive"
"Microsoft.PowerShell.Core\FileSystem::C:\GitRepos\alisoncreations\resources\images\flower-cup-saucer-white2.jpg","Microsoft.PowerShell.Core\FileSystem::C:\GitRepos\alisoncreations\resources\images","flower-cup-saucer-white2.jpg","C","Microsoft.PowerShell.Core\FileSystem","False","-a---","-a---","flower-cup-saucer-white2","C:\GitRepos\alisoncreations\resources\images\flower-cup-saucer-white2.jpg",,,"flower-cup-saucer-white2.jpg",,,"True","C:\GitRepos\alisoncreations\resources\images\flower-cup-saucer-white2.jpg",".jpg","05/10/2025 13:49:49","05/10/2025 12:49:49","05/10/2025 17:24:29","05/10/2025 16:24:29","05/10/2025 13:49:49","05/10/2025 12:49:49",,"-1","Archive"
"Microsoft.PowerShell.Core\FileSystem::C:\GitRepos\alisoncreations\resources\images\flower-cup-saucer-yellow-(2).jpg","Microsoft.PowerShell.Core\FileSystem::C:\GitRepos\alisoncreations\resources\images","flower-cup-saucer-yellow-(2).jpg","C","Microsoft.PowerShell.Core\FileSystem","False","-a---","-a---","flower-cup-saucer-yellow-(2)","C:\GitRepos\alisoncreations\resources\images\flower-cup-saucer-yellow-(2).jpg",,,"flower-cup-saucer-yellow-(2).jpg",,,"True","C:\GitRepos\alisoncreations\resources\images\flower-cup-saucer-yellow-(2).jpg",".jpg","05/10/2025 13:49:49","05/10/2025 12:49:49","05/10/2025 17:24:29","05/10/2025 16:24:29","05/10/2025 13:49:49","05/10/2025 12:49:49",,"-1","Archive"
"Microsoft.PowerShell.Core\FileSystem::C:\GitRepos\alisoncreations\resources\images\flower-cup-saucer-yellow.jpg","Microsoft.PowerShell.Core\FileSystem::C:\GitRepos\alisoncreations\resources\images","flower-cup-saucer-yellow.jpg","C","Microsoft.PowerShell.Core\FileSystem","False","-a---","-a---","flower-cup-saucer-yellow","C:\GitRepos\alisoncreations\resources\images\flower-cup-saucer-yellow.jpg",,,"flower-cup-saucer-yellow.jpg",,,"True","C:\GitRepos\alisoncreations\resources\images\flower-cup-saucer-yellow.jpg",".jpg","05/10/2025 13:49:49","05/10/2025 12:49:49","05/10/2025 17:24:29","05/10/2025 16:24:29","05/10/2025 13:49:49","05/10/2025 12:49:49",,"-1","Archive"
"Microsoft.PowerShell.Core\FileSystem::C:\GitRepos\alisoncreations\resources\images\flower-cup-saucerwhite2.jpg","Microsoft.PowerShell.Core\FileSystem::C:\GitRepos\alisoncreations\resources\images","flower-cup-saucerwhite2.jpg","C","Microsoft.PowerShell.Core\FileSystem","False","-a---","-a---","flower-cup-saucerwhite2","C:\GitRepos\alisoncreations\resources\images\flower-cup-saucerwhite2.jpg",,,"flower-cup-saucerwhite2.jpg",,,"True","C:\GitRepos\alisoncreations\resources\images\flower-cup-saucerwhite2.jpg",".jpg","05/10/2025 13:49:49","05/10/2025 12:49:49","05/10/2025 17:24:29","05/10/2025 16:24:29","05/10/2025 13:49:49","05/10/2025 12:49:49",,"-1","Archive"
"Microsoft.PowerShell.Core\FileSystem::C:\GitRepos\alisoncreations\resources\images\flower-jars-blue.jpg","Microsoft.PowerShell.Core\FileSystem::C:\GitRepos\alisoncreations\resources\images","flower-jars-blue.jpg","C","Microsoft.PowerShell.Core\FileSystem","False","-a---","-a---","flower-jars-blue","C:\GitRepos\alisoncreations\resources\images\flower-jars-blue.jpg",,,"flower-jars-blue.jpg",,,"True","C:\GitRepos\alisoncreations\resources\images\flower-jars-blue.jpg",".jpg","05/10/2025 13:49:49","05/10/2025 12:49:49","05/10/2025 17:24:29","05/10/2025 16:24:29","05/10/2025 13:49:49","05/10/2025 12:49:49",,"-1","Archive"
"Microsoft.PowerShell.Core\FileSystem::C:\GitRepos\alisoncreations\resources\images\flower-jars-mauve.jpg","Microsoft.PowerShell.Core\FileSystem::C:\GitRepos\alisoncreations\resources\images","flower-jars-mauve.jpg","C","Microsoft.PowerShell.Core\FileSystem","False","-a---","-a---","flower-jars-mauve","C:\GitRepos\alisoncreations\resources\images\flower-jars-mauve.jpg",,,"flower-jars-mauve.jpg",,,"True","C:\GitRepos\alisoncreations\resources\images\flower-jars-mauve.jpg",".jpg","05/10/2025 13:49:49","05/10/2025 12:49:49","05/10/2025 17:24:29","05/10/2025 16:24:29","05/10/2025 13:49:49","05/10/2025 12:49:49",,"-1","Archive"
"Microsoft.PowerShell.Core\FileSystem::C:\GitRepos\alisoncreations\resources\images\flower-jars-mix.light-red.jpg","Microsoft.PowerShell.Core\FileSystem::C:\GitRepos\alisoncreations\resources\images","flower-jars-mix.light-red.jpg","C","Microsoft.PowerShell.Core\FileSystem","False","-a---","-a---","flower-jars-mix.light-red","C:\GitRepos\alisoncreations\resources\images\flower-jars-mix.light-red.jpg",,,"flower-jars-mix.light-red.jpg",,,"True","C:\GitRepos\alisoncreations\resources\images\flower-jars-mix.light-red.jpg",".jpg","05/10/2025 13:49:49","05/10/2025 12:49:49","05/10/2025 17:24:29","05/10/2025 16:24:29","05/10/2025 13:49:49","05/10/2025 12:49:49",,"-1","Archive"
"Microsoft.PowerShell.Core\FileSystem::C:\GitRepos\alisoncreations\resources\images\flower-jars-pink-1.jpg","Microsoft.PowerShell.Core\FileSystem::C:\GitRepos\alisoncreations\resources\images","flower-jars-pink-1.jpg","C","Microsoft.PowerShell.Core\FileSystem","False","-a---","-a---","flower-jars-pink-1","C:\GitRepos\alisoncreations\resources\images\flower-jars-pink-1.jpg",,,"flower-jars-pink-1.jpg",,,"True","C:\GitRepos\alisoncreations\resources\images\flower-jars-pink-1.jpg",".jpg","05/10/2025 13:49:49","05/10/2025 12:49:49","05/10/2025 17:24:29","05/10/2025 16:24:29","05/10/2025 13:49:49","05/10/2025 12:49:49",,"-1","Archive"
"Microsoft.PowerShell.Core\FileSystem::C:\GitRepos\alisoncreations\resources\images\flower-jars-pink.jpg","Microsoft.PowerShell.Core\FileSystem::C:\GitRepos\alisoncreations\resources\images","flower-jars-pink.jpg","C","Microsoft.PowerShell.Core\FileSystem","False","-a---","-a---","flower-jars-pink","C:\GitRepos\alisoncreations\resources\images\flower-jars-pink.jpg",,,"flower-jars-pink.jpg",,,"True","C:\GitRepos\alisoncreations\resources\images\flower-jars-pink.jpg",".jpg","05/10/2025 13:49:49","05/10/2025 12:49:49","05/10/2025 17:24:29","05/10/2025 16:24:29","05/10/2025 13:49:49","05/10/2025 12:49:49",,"-1","Archive"
"Microsoft.PowerShell.Core\FileSystem::C:\GitRepos\alisoncreations\resources\images\flower-jars-red.jpg","Microsoft.PowerShell.Core\FileSystem::C:\GitRepos\alisoncreations\resources\images","flower-jars-red.jpg","C","Microsoft.PowerShell.Core\FileSystem","False","-a---","-a---","flower-jars-red","C:\GitRepos\alisoncreations\resources\images\flower-jars-red.jpg",,,"flower-jars-red.jpg",,,"True","C:\GitRepos\alisoncreations\resources\images\flower-jars-red.jpg",".jpg","05/10/2025 13:49:49","05/10/2025 12:49:49","05/10/2025 17:24:29","05/10/2025 16:24:29","05/10/2025 13:49:49","05/10/2025 12:49:49",,"-1","Archive"
"Microsoft.PowerShell.Core\FileSystem::C:\GitRepos\alisoncreations\resources\images\flower-pot-light-yellow.jpg","Microsoft.PowerShell.Core\FileSystem::C:\GitRepos\alisoncreations\resources\images","flower-pot-light-yellow.jpg","C","Microsoft.PowerShell.Core\FileSystem","False","-a---","-a---","flower-pot-light-yellow","C:\GitRepos\alisoncreations\resources\images\flower-pot-light-yellow.jpg",,,"flower-pot-light-yellow.jpg",,,"True","C:\GitRepos\alisoncreations\resources\images\flower-pot-light-yellow.jpg",".jpg","05/10/2025 13:49:49","05/10/2025 12:49:49","05/10/2025 17:24:29","05/10/2025 16:24:29","05/10/2025 13:49:49","05/10/2025 12:49:49",,"-1","Archive"
"Microsoft.PowerShell.Core\FileSystem::C:\GitRepos\alisoncreations\resources\images\flower-pot-white.jpg","Microsoft.PowerShell.Core\FileSystem::C:\GitRepos\alisoncreations\resources\images","flower-pot-white.jpg","C","Microsoft.PowerShell.Core\FileSystem","False","-a---","-a---","flower-pot-white","C:\GitRepos\alisoncreations\resources\images\flower-pot-white.jpg",,,"flower-pot-white.jpg",,,"True","C:\GitRepos\alisoncreations\resources\images\flower-pot-white.jpg",".jpg","05/10/2025 13:49:49","05/10/2025 12:49:49","05/10/2025 17:24:29","05/10/2025 16:24:29","05/10/2025 13:49:49","05/10/2025 12:49:49",,"-1","Archive"
"Microsoft.PowerShell.Core\FileSystem::C:\GitRepos\alisoncreations\resources\images\flower-pots-blue.jpg","Microsoft.PowerShell.Core\FileSystem::C:\GitRepos\alisoncreations\resources\images","flower-pots-blue.jpg","C","Microsoft.PowerShell.Core\FileSystem","False","-a---","-a---","flower-pots-blue","C:\GitRepos\alisoncreations\resources\images\flower-pots-blue.jpg",,,"flower-pots-blue.jpg",,,"True","C:\GitRepos\alisoncreations\resources\images\flower-pots-blue.jpg",".jpg","05/10/2025 13:49:49","05/10/2025 12:49:49","05/10/2025 17:24:29","05/10/2025 16:24:29","05/10/2025 13:49:49","05/10/2025 12:49:49",,"-1","Archive"
"Microsoft.PowerShell.Core\FileSystem::C:\GitRepos\alisoncreations\resources\images\flower-pots-grey.jpg","Microsoft.PowerShell.Core\FileSystem::C:\GitRepos\alisoncreations\resources\images","flower-pots-grey.jpg","C","Microsoft.PowerShell.Core\FileSystem","False","-a---","-a---","flower-pots-grey","C:\GitRepos\alisoncreations\resources\images\flower-pots-grey.jpg",,,"flower-pots-grey.jpg",,,"True","C:\GitRepos\alisoncreations\resources\images\flower-pots-grey.jpg",".jpg","05/10/2025 13:49:49","05/10/2025 12:49:49","05/10/2025 17:24:29","05/10/2025 16:24:29","05/10/2025 13:49:49","05/10/2025 12:49:49",,"-1","Archive"
"Microsoft.PowerShell.Core\FileSystem::C:\GitRepos\alisoncreations\resources\images\flower-pots-yellow.jpg","Microsoft.PowerShell.Core\FileSystem::C:\GitRepos\alisoncreations\resources\images","flower-pots-yellow.jpg","C","Microsoft.PowerShell.Core\FileSystem","False","-a---","-a---","flower-pots-yellow","C:\GitRepos\alisoncreations\resources\images\flower-pots-yellow.jpg",,,"flower-pots-yellow.jpg",,,"True","C:\GitRepos\alisoncreations\resources\images\flower-pots-yellow.jpg",".jpg","05/10/2025 13:49:49","05/10/2025 12:49:49","05/10/2025 17:24:29","05/10/2025 16:24:29","05/10/2025 13:49:49","05/10/2025 12:49:49",,"-1","Archive"
"Microsoft.PowerShell.Core\FileSystem::C:\GitRepos\alisoncreations\resources\images\flowered-butterfly-clear.jpg","Microsoft.PowerShell.Core\FileSystem::C:\GitRepos\alisoncreations\resources\images","flowered-butterfly-clear.jpg","C","Microsoft.PowerShell.Core\FileSystem","False","-a---","-a---","flowered-butterfly-clear","C:\GitRepos\alisoncreations\resources\images\flowered-butterfly-clear.jpg",,,"flowered-butterfly-clear.jpg",,,"True","C:\GitRepos\alisoncreations\resources\images\flowered-butterfly-clear.jpg",".jpg","05/10/2025 13:49:50","05/10/2025 12:49:50","05/10/2025 17:24:29","05/10/2025 16:24:29","05/10/2025 13:49:50","05/10/2025 12:49:50",,"-1","Archive"
"Microsoft.PowerShell.Core\FileSystem::C:\GitRepos\alisoncreations\resources\images\flowered-butterfly-white.jpg","Microsoft.PowerShell.Core\FileSystem::C:\GitRepos\alisoncreations\resources\images","flowered-butterfly-white.jpg","C","Microsoft.PowerShell.Core\FileSystem","False","-a---","-a---","flowered-butterfly-white","C:\GitRepos\alisoncreations\resources\images\flowered-butterfly-white.jpg",,,"flowered-butterfly-white.jpg",,,"True","C:\GitRepos\alisoncreations\resources\images\flowered-butterfly-white.jpg",".jpg","05/10/2025 13:49:50","05/10/2025 12:49:50","05/10/2025 17:24:29","05/10/2025 16:24:29","05/10/2025 13:49:50","05/10/2025 12:49:50",,"-1","Archive"
"Microsoft.PowerShell.Core\FileSystem::C:\GitRepos\alisoncreations\resources\images\flowers-on-wood-with-quote-1-blue-mauve.jpg","Microsoft.PowerShell.Core\FileSystem::C:\GitRepos\alisoncreations\resources\images","flowers-on-wood-with-quote-1-blue-mauve.jpg","C","Microsoft.PowerShell.Core\FileSystem","False","-a---","-a---","flowers-on-wood-with-quote-1-blue-mauve","C:\GitRepos\alisoncreations\resources\images\flowers-on-wood-with-quote-1-blue-mauve.jpg",,,"flowers-on-wood-with-quote-1-blue-mauve.jpg",,,"True","C:\GitRepos\alisoncreations\resources\images\flowers-on-wood-with-quote-1-blue-mauve.jpg",".jpg","05/10/2025 13:49:50","05/10/2025 12:49:50","05/10/2025 17:24:29","05/10/2025 16:24:29","05/10/2025 13:49:50","05/10/2025 12:49:50",,"-1","Archive"
"Microsoft.PowerShell.Core\FileSystem::C:\GitRepos\alisoncreations\resources\images\green-frog-(2).jpg","Microsoft.PowerShell.Core\FileSystem::C:\GitRepos\alisoncreations\resources\images","green-frog-(2).jpg","C","Microsoft.PowerShell.Core\FileSystem","False","-a---","-a---","green-frog-(2)","C:\GitRepos\alisoncreations\resources\images\green-frog-(2).jpg",,,"green-frog-(2).jpg",,,"True","C:\GitRepos\alisoncreations\resources\images\green-frog-(2).jpg",".jpg","05/10/2025 13:49:50","05/10/2025 12:49:50","05/10/2025 17:24:29","05/10/2025 16:24:29","05/10/2025 13:49:50","05/10/2025 12:49:50",,"-1","Archive"
"Microsoft.PowerShell.Core\FileSystem::C:\GitRepos\alisoncreations\resources\images\green-frog-(3).jpg","Microsoft.PowerShell.Core\FileSystem::C:\GitRepos\alisoncreations\resources\images","green-frog-(3).jpg","C","Microsoft.PowerShell.Core\FileSystem","False","-a---","-a---","green-frog-(3)","C:\GitRepos\alisoncreations\resources\images\green-frog-(3).jpg",,,"green-frog-(3).jpg",,,"True","C:\GitRepos\alisoncreations\resources\images\green-frog-(3).jpg",".jpg","05/10/2025 13:49:50","05/10/2025 12:49:50","05/10/2025 17:24:29","05/10/2025 16:24:29","05/10/2025 13:49:50","05/10/2025 12:49:50",,"-1","Archive"
"Microsoft.PowerShell.Core\FileSystem::C:\GitRepos\alisoncreations\resources\images\green-frog.jpg","Microsoft.PowerShell.Core\FileSystem::C:\GitRepos\alisoncreations\resources\images","green-frog.jpg","C","Microsoft.PowerShell.Core\FileSystem","False","-a---","-a---","green-frog","C:\GitRepos\alisoncreations\resources\images\green-frog.jpg",,,"green-frog.jpg",,,"True","C:\GitRepos\alisoncreations\resources\images\green-frog.jpg",".jpg","05/10/2025 13:49:50","05/10/2025 12:49:50","05/10/2025 17:24:29","05/10/2025 16:24:29","05/10/2025 13:49:50","05/10/2025 12:49:50",,"-1","Archive"
"Microsoft.PowerShell.Core\FileSystem::C:\GitRepos\alisoncreations\resources\images\hanging-ballon-white.jpg","Microsoft.PowerShell.Core\FileSystem::C:\GitRepos\alisoncreations\resources\images","hanging-ballon-white.jpg","C","Microsoft.PowerShell.Core\FileSystem","False","-a---","-a---","hanging-ballon-white","C:\GitRepos\alisoncreations\resources\images\hanging-ballon-white.jpg",,,"hanging-ballon-white.jpg",,,"True","C:\GitRepos\alisoncreations\resources\images\hanging-ballon-white.jpg",".jpg","05/10/2025 13:49:50","05/10/2025 12:49:50","05/10/2025 17:24:29","05/10/2025 16:24:29","05/10/2025 13:49:50","05/10/2025 12:49:50",,"-1","Archive"
"Microsoft.PowerShell.Core\FileSystem::C:\GitRepos\alisoncreations\resources\images\hanging-balloon-flowers-qoute-5.jpg","Microsoft.PowerShell.Core\FileSystem::C:\GitRepos\alisoncreations\resources\images","hanging-balloon-flowers-qoute-5.jpg","C","Microsoft.PowerShell.Core\FileSystem","False","-a---","-a---","hanging-balloon-flowers-qoute-5","C:\GitRepos\alisoncreations\resources\images\hanging-balloon-flowers-qoute-5.jpg",,,"hanging-balloon-flowers-qoute-5.jpg",,,"True","C:\GitRepos\alisoncreations\resources\images\hanging-balloon-flowers-qoute-5.jpg",".jpg","05/10/2025 13:49:50","05/10/2025 12:49:50","05/10/2025 17:24:29","05/10/2025 16:24:29","05/10/2025 13:49:50","05/10/2025 12:49:50",,"-1","Archive"
"Microsoft.PowerShell.Core\FileSystem::C:\GitRepos\alisoncreations\resources\images\hanging-balloon-with-jewels.jpg","Microsoft.PowerShell.Core\FileSystem::C:\GitRepos\alisoncreations\resources\images","hanging-balloon-with-jewels.jpg","C","Microsoft.PowerShell.Core\FileSystem","False","-a---","-a---","hanging-balloon-with-jewels","C:\GitRepos\alisoncreations\resources\images\hanging-balloon-with-jewels.jpg",,,"hanging-balloon-with-jewels.jpg",,,"True","C:\GitRepos\alisoncreations\resources\images\hanging-balloon-with-jewels.jpg",".jpg","05/10/2025 13:49:50","05/10/2025 12:49:50","05/10/2025 17:24:29","05/10/2025 16:24:29","05/10/2025 13:49:50","05/10/2025 12:49:50",,"-1","Archive"
"Microsoft.PowerShell.Core\FileSystem::C:\GitRepos\alisoncreations\resources\images\hanging-butterfly-brown.jpg","Microsoft.PowerShell.Core\FileSystem::C:\GitRepos\alisoncreations\resources\images","hanging-butterfly-brown.jpg","C","Microsoft.PowerShell.Core\FileSystem","False","-a---","-a---","hanging-butterfly-brown","C:\GitRepos\alisoncreations\resources\images\hanging-butterfly-brown.jpg",,,"hanging-butterfly-brown.jpg",,,"True","C:\GitRepos\alisoncreations\resources\images\hanging-butterfly-brown.jpg",".jpg","05/10/2025 13:49:50","05/10/2025 12:49:50","05/10/2025 17:24:29","05/10/2025 16:24:29","05/10/2025 13:49:50","05/10/2025 12:49:50",,"-1","Archive"
"Microsoft.PowerShell.Core\FileSystem::C:\GitRepos\alisoncreations\resources\images\hanging-butterfly-with-flowers.jpg","Microsoft.PowerShell.Core\FileSystem::C:\GitRepos\alisoncreations\resources\images","hanging-butterfly-with-flowers.jpg","C","Microsoft.PowerShell.Core\FileSystem","False","-a---","-a---","hanging-butterfly-with-flowers","C:\GitRepos\alisoncreations\resources\images\hanging-butterfly-with-flowers.jpg",,,"hanging-butterfly-with-flowers.jpg",,,"True","C:\GitRepos\alisoncreations\resources\images\hanging-butterfly-with-flowers.jpg",".jpg","05/10/2025 13:49:50","05/10/2025 12:49:50","05/10/2025 17:24:29","05/10/2025 16:24:29","05/10/2025 13:49:50","05/10/2025 12:49:50",,"-1","Archive"
"Microsoft.PowerShell.Core\FileSystem::C:\GitRepos\alisoncreations\resources\images\hanging-houses-white-.jpg","Microsoft.PowerShell.Core\FileSystem::C:\GitRepos\alisoncreations\resources\images","hanging-houses-white-.jpg","C","Microsoft.PowerShell.Core\FileSystem","False","-a---","-a---","hanging-houses-white-","C:\GitRepos\alisoncreations\resources\images\hanging-houses-white-.jpg",,,"hanging-houses-white-.jpg",,,"True","C:\GitRepos\alisoncreations\resources\images\hanging-houses-white-.jpg",".jpg","05/10/2025 13:49:50","05/10/2025 12:49:50","05/10/2025 17:24:29","05/10/2025 16:24:29","05/10/2025 13:49:50","05/10/2025 12:49:50",,"-1","Archive"
"Microsoft.PowerShell.Core\FileSystem::C:\GitRepos\alisoncreations\resources\images\hanging-houses-white-silver-.jpg","Microsoft.PowerShell.Core\FileSystem::C:\GitRepos\alisoncreations\resources\images","hanging-houses-white-silver-.jpg","C","Microsoft.PowerShell.Core\FileSystem","False","-a---","-a---","hanging-houses-white-silver-","C:\GitRepos\alisoncreations\resources\images\hanging-houses-white-silver-.jpg",,,"hanging-houses-white-silver-.jpg",,,"True","C:\GitRepos\alisoncreations\resources\images\hanging-houses-white-silver-.jpg",".jpg","05/10/2025 13:49:50","05/10/2025 12:49:50","05/10/2025 17:24:29","05/10/2025 16:24:29","05/10/2025 13:49:50","05/10/2025 12:49:50",,"-1","Archive"
"Microsoft.PowerShell.Core\FileSystem::C:\GitRepos\alisoncreations\resources\images\heart-candel-holder-white-with-house-2.jpg","Microsoft.PowerShell.Core\FileSystem::C:\GitRepos\alisoncreations\resources\images","heart-candel-holder-white-with-house-2.jpg","C","Microsoft.PowerShell.Core\FileSystem","False","-a---","-a---","heart-candel-holder-white-with-house-2","C:\GitRepos\alisoncreations\resources\images\heart-candel-holder-white-with-house-2.jpg",,,"heart-candel-holder-white-with-house-2.jpg",,,"True","C:\GitRepos\alisoncreations\resources\images\heart-candel-holder-white-with-house-2.jpg",".jpg","05/10/2025 13:49:50","05/10/2025 12:49:50","05/10/2025 17:24:29","05/10/2025 16:24:29","05/10/2025 13:49:50","05/10/2025 12:49:50",,"-1","Archive"
"Microsoft.PowerShell.Core\FileSystem::C:\GitRepos\alisoncreations\resources\images\heart-candel-holder-white-with-house.jpg","Microsoft.PowerShell.Core\FileSystem::C:\GitRepos\alisoncreations\resources\images","heart-candel-holder-white-with-house.jpg","C","Microsoft.PowerShell.Core\FileSystem","False","-a---","-a---","heart-candel-holder-white-with-house","C:\GitRepos\alisoncreations\resources\images\heart-candel-holder-white-with-house.jpg",,,"heart-candel-holder-white-with-house.jpg",,,"True","C:\GitRepos\alisoncreations\resources\images\heart-candel-holder-white-with-house.jpg",".jpg","05/10/2025 13:49:50","05/10/2025 12:49:50","05/10/2025 17:24:29","05/10/2025 16:24:29","05/10/2025 13:49:50","05/10/2025 12:49:50",,"-1","Archive"
"Microsoft.PowerShell.Core\FileSystem::C:\GitRepos\alisoncreations\resources\images\heart-candel-stich-holder-with-house-flowers-l-white.jpg","Microsoft.PowerShell.Core\FileSystem::C:\GitRepos\alisoncreations\resources\images","heart-candel-stich-holder-with-house-flowers-l-white.jpg","C","Microsoft.PowerShell.Core\FileSystem","False","-a---","-a---","heart-candel-stich-holder-with-house-flowers-l-white","C:\GitRepos\alisoncreations\resources\images\heart-candel-stich-holder-with-house-flowers-l-white.jpg",,,"heart-candel-stich-holder-with-house-flowers-l-white.jpg",,,"True","C:\GitRepos\alisoncreations\resources\images\heart-candel-stich-holder-with-house-flowers-l-white.jpg",".jpg","05/10/2025 13:49:50","05/10/2025 12:49:50","05/10/2025 17:24:29","05/10/2025 16:24:29","05/10/2025 13:49:50","05/10/2025 12:49:50",,"-1","Archive"
"Microsoft.PowerShell.Core\FileSystem::C:\GitRepos\alisoncreations\resources\images\heart-candel-stich-holder-with-house-flowers-rwhite.jpg","Microsoft.PowerShell.Core\FileSystem::C:\GitRepos\alisoncreations\resources\images","heart-candel-stich-holder-with-house-flowers-rwhite.jpg","C","Microsoft.PowerShell.Core\FileSystem","False","-a---","-a---","heart-candel-stich-holder-with-house-flowers-rwhite","C:\GitRepos\alisoncreations\resources\images\heart-candel-stich-holder-with-house-flowers-rwhite.jpg",,,"heart-candel-stich-holder-with-house-flowers-rwhite.jpg",,,"True","C:\GitRepos\alisoncreations\resources\images\heart-candel-stich-holder-with-house-flowers-rwhite.jpg",".jpg","05/10/2025 13:49:50","05/10/2025 12:49:50","05/10/2025 17:24:29","05/10/2025 16:24:29","05/10/2025 13:49:50","05/10/2025 12:49:50",,"-1","Archive"
"Microsoft.PowerShell.Core\FileSystem::C:\GitRepos\alisoncreations\resources\images\home-(flowered).jpg","Microsoft.PowerShell.Core\FileSystem::C:\GitRepos\alisoncreations\resources\images","home-(flowered).jpg","C","Microsoft.PowerShell.Core\FileSystem","False","-a---","-a---","home-(flowered)","C:\GitRepos\alisoncreations\resources\images\home-(flowered).jpg",,,"home-(flowered).jpg",,,"True","C:\GitRepos\alisoncreations\resources\images\home-(flowered).jpg",".jpg","05/10/2025 13:49:50","05/10/2025 12:49:50","05/10/2025 17:24:29","05/10/2025 16:24:29","05/10/2025 13:49:50","05/10/2025 12:49:50",,"-1","Archive"
"Microsoft.PowerShell.Core\FileSystem::C:\GitRepos\alisoncreations\resources\images\hot-air-balloon-quote-5.jpg","Microsoft.PowerShell.Core\FileSystem::C:\GitRepos\alisoncreations\resources\images","hot-air-balloon-quote-5.jpg","C","Microsoft.PowerShell.Core\FileSystem","False","-a---","-a---","hot-air-balloon-quote-5","C:\GitRepos\alisoncreations\resources\images\hot-air-balloon-quote-5.jpg",,,"hot-air-balloon-quote-5.jpg",,,"True","C:\GitRepos\alisoncreations\resources\images\hot-air-balloon-quote-5.jpg",".jpg","05/10/2025 13:49:50","05/10/2025 12:49:50","05/10/2025 17:24:29","05/10/2025 16:24:29","05/10/2025 13:49:50","05/10/2025 12:49:50",,"-1","Archive"
"Microsoft.PowerShell.Core\FileSystem::C:\GitRepos\alisoncreations\resources\images\hot-air-balloon-white-long.jpg","Microsoft.PowerShell.Core\FileSystem::C:\GitRepos\alisoncreations\resources\images","hot-air-balloon-white-long.jpg","C","Microsoft.PowerShell.Core\FileSystem","False","-a---","-a---","hot-air-balloon-white-long","C:\GitRepos\alisoncreations\resources\images\hot-air-balloon-white-long.jpg",,,"hot-air-balloon-white-long.jpg",,,"True","C:\GitRepos\alisoncreations\resources\images\hot-air-balloon-white-long.jpg",".jpg","05/10/2025 13:49:50","05/10/2025 12:49:50","05/10/2025 17:24:29","05/10/2025 16:24:29","05/10/2025 13:49:50","05/10/2025 12:49:50",,"-1","Archive"
"Microsoft.PowerShell.Core\FileSystem::C:\GitRepos\alisoncreations\resources\images\hot-air-balloon-white-short.jpg","Microsoft.PowerShell.Core\FileSystem::C:\GitRepos\alisoncreations\resources\images","hot-air-balloon-white-short.jpg","C","Microsoft.PowerShell.Core\FileSystem","False","-a---","-a---","hot-air-balloon-white-short","C:\GitRepos\alisoncreations\resources\images\hot-air-balloon-white-short.jpg",,,"hot-air-balloon-white-short.jpg",,,"True","C:\GitRepos\alisoncreations\resources\images\hot-air-balloon-white-short.jpg",".jpg","05/10/2025 13:49:50","05/10/2025 12:49:50","05/10/2025 17:24:29","05/10/2025 16:24:29","05/10/2025 13:49:50","05/10/2025 12:49:50",,"-1","Archive"
"Microsoft.PowerShell.Core\FileSystem::C:\GitRepos\alisoncreations\resources\images\house_scene_log_2.jpg","Microsoft.PowerShell.Core\FileSystem::C:\GitRepos\alisoncreations\resources\images","house_scene_log_2.jpg","C","Microsoft.PowerShell.Core\FileSystem","False","-a---","-a---","house_scene_log_2","C:\GitRepos\alisoncreations\resources\images\house_scene_log_2.jpg",,,"house_scene_log_2.jpg",,,"True","C:\GitRepos\alisoncreations\resources\images\house_scene_log_2.jpg",".jpg","19/09/2025 13:15:14","19/09/2025 12:15:14","05/10/2025 17:24:29","05/10/2025 16:24:29","01/06/2025 13:36:35","01/06/2025 12:36:35",,"-1","Archive"
"Microsoft.PowerShell.Core\FileSystem::C:\GitRepos\alisoncreations\resources\images\house_scene_log.jpg","Microsoft.PowerShell.Core\FileSystem::C:\GitRepos\alisoncreations\resources\images","house_scene_log.jpg","C","Microsoft.PowerShell.Core\FileSystem","False","-a---","-a---","house_scene_log","C:\GitRepos\alisoncreations\resources\images\house_scene_log.jpg",,,"house_scene_log.jpg",,,"True","C:\GitRepos\alisoncreations\resources\images\house_scene_log.jpg",".jpg","19/09/2025 13:15:14","19/09/2025 12:15:14","05/10/2025 17:24:29","05/10/2025 16:24:29","01/06/2025 13:36:35","01/06/2025 12:36:35",,"-1","Archive"
"Microsoft.PowerShell.Core\FileSystem::C:\GitRepos\alisoncreations\resources\images\house-green.jpg","Microsoft.PowerShell.Core\FileSystem::C:\GitRepos\alisoncreations\resources\images","house-green.jpg","C","Microsoft.PowerShell.Core\FileSystem","False","-a---","-a---","house-green","C:\GitRepos\alisoncreations\resources\images\house-green.jpg",,,"house-green.jpg",,,"True","C:\GitRepos\alisoncreations\resources\images\house-green.jpg",".jpg","05/10/2025 13:49:50","05/10/2025 12:49:50","05/10/2025 17:24:29","05/10/2025 16:24:29","05/10/2025 13:49:50","05/10/2025 12:49:50",,"-1","Archive"
"Microsoft.PowerShell.Core\FileSystem::C:\GitRepos\alisoncreations\resources\images\house-heart-white.jpg","Microsoft.PowerShell.Core\FileSystem::C:\GitRepos\alisoncreations\resources\images","house-heart-white.jpg","C","Microsoft.PowerShell.Core\FileSystem","False","-a---","-a---","house-heart-white","C:\GitRepos\alisoncreations\resources\images\house-heart-white.jpg",,,"house-heart-white.jpg",,,"True","C:\GitRepos\alisoncreations\resources\images\house-heart-white.jpg",".jpg","05/10/2025 13:49:50","05/10/2025 12:49:50","05/10/2025 17:24:29","05/10/2025 16:24:29","05/10/2025 13:49:50","05/10/2025 12:49:50",,"-1","Archive"
"Microsoft.PowerShell.Core\FileSystem::C:\GitRepos\alisoncreations\resources\images\house-scene.jpg","Microsoft.PowerShell.Core\FileSystem::C:\GitRepos\alisoncreations\resources\images","house-scene.jpg","C","Microsoft.PowerShell.Core\FileSystem","False","-a---","-a---","house-scene","C:\GitRepos\alisoncreations\resources\images\house-scene.jpg",,,"house-scene.jpg",,,"True","C:\GitRepos\alisoncreations\resources\images\house-scene.jpg",".jpg","05/10/2025 13:49:50","05/10/2025 12:49:50","05/10/2025 17:24:29","05/10/2025 16:24:29","05/10/2025 13:49:50","05/10/2025 12:49:50",,"-1","Archive"
"Microsoft.PowerShell.Core\FileSystem::C:\GitRepos\alisoncreations\resources\images\houses-scene-1.jpg","Microsoft.PowerShell.Core\FileSystem::C:\GitRepos\alisoncreations\resources\images","houses-scene-1.jpg","C","Microsoft.PowerShell.Core\FileSystem","False","-a---","-a---","houses-scene-1","C:\GitRepos\alisoncreations\resources\images\houses-scene-1.jpg",,,"houses-scene-1.jpg",,,"True","C:\GitRepos\alisoncreations\resources\images\houses-scene-1.jpg",".jpg","05/10/2025 13:49:50","05/10/2025 12:49:50","05/10/2025 17:24:29","05/10/2025 16:24:29","05/10/2025 13:49:50","05/10/2025 12:49:50",,"-1","Archive"
"Microsoft.PowerShell.Core\FileSystem::C:\GitRepos\alisoncreations\resources\images\houses-scene-2.jpg","Microsoft.PowerShell.Core\FileSystem::C:\GitRepos\alisoncreations\resources\images","houses-scene-2.jpg","C","Microsoft.PowerShell.Core\FileSystem","False","-a---","-a---","houses-scene-2","C:\GitRepos\alisoncreations\resources\images\houses-scene-2.jpg",,,"houses-scene-2.jpg",,,"True","C:\GitRepos\alisoncreations\resources\images\houses-scene-2.jpg",".jpg","05/10/2025 13:49:50","05/10/2025 12:49:50","05/10/2025 17:24:29","05/10/2025 16:24:29","05/10/2025 13:49:50","05/10/2025 12:49:50",,"-1","Archive"
"Microsoft.PowerShell.Core\FileSystem::C:\GitRepos\alisoncreations\resources\images\houses-scene-3.jpg","Microsoft.PowerShell.Core\FileSystem::C:\GitRepos\alisoncreations\resources\images","houses-scene-3.jpg","C","Microsoft.PowerShell.Core\FileSystem","False","-a---","-a---","houses-scene-3","C:\GitRepos\alisoncreations\resources\images\houses-scene-3.jpg",,,"houses-scene-3.jpg",,,"True","C:\GitRepos\alisoncreations\resources\images\houses-scene-3.jpg",".jpg","05/10/2025 13:49:50","05/10/2025 12:49:50","05/10/2025 17:24:29","05/10/2025 16:24:29","05/10/2025 13:49:50","05/10/2025 12:49:50",,"-1","Archive"
"Microsoft.PowerShell.Core\FileSystem::C:\GitRepos\alisoncreations\resources\images\houses-yellow.jpg","Microsoft.PowerShell.Core\FileSystem::C:\GitRepos\alisoncreations\resources\images","houses-yellow.jpg","C","Microsoft.PowerShell.Core\FileSystem","False","-a---","-a---","houses-yellow","C:\GitRepos\alisoncreations\resources\images\houses-yellow.jpg",,,"houses-yellow.jpg",,,"True","C:\GitRepos\alisoncreations\resources\images\houses-yellow.jpg",".jpg","05/10/2025 13:49:50","05/10/2025 12:49:50","05/10/2025 17:24:29","05/10/2025 16:24:29","05/10/2025 13:49:50","05/10/2025 12:49:50",,"-1","Archive"
"Microsoft.PowerShell.Core\FileSystem::C:\GitRepos\alisoncreations\resources\images\light-up-christmas-trees.jpg","Microsoft.PowerShell.Core\FileSystem::C:\GitRepos\alisoncreations\resources\images","light-up-christmas-trees.jpg","C","Microsoft.PowerShell.Core\FileSystem","False","-a---","-a---","light-up-christmas-trees","C:\GitRepos\alisoncreations\resources\images\light-up-christmas-trees.jpg",,,"light-up-christmas-trees.jpg",,,"True","C:\GitRepos\alisoncreations\resources\images\light-up-christmas-trees.jpg",".jpg","05/10/2025 13:49:50","05/10/2025 12:49:50","05/10/2025 17:24:29","05/10/2025 16:24:29","05/10/2025 13:49:50","05/10/2025 12:49:50",,"-1","Archive"
"Microsoft.PowerShell.Core\FileSystem::C:\GitRepos\alisoncreations\resources\images\love-birds-.jpg","Microsoft.PowerShell.Core\FileSystem::C:\GitRepos\alisoncreations\resources\images","love-birds-.jpg","C","Microsoft.PowerShell.Core\FileSystem","False","-a---","-a---","love-birds-","C:\GitRepos\alisoncreations\resources\images\love-birds-.jpg",,,"love-birds-.jpg",,,"True","C:\GitRepos\alisoncreations\resources\images\love-birds-.jpg",".jpg","05/10/2025 13:49:50","05/10/2025 12:49:50","05/10/2025 17:24:29","05/10/2025 16:24:29","05/10/2025 13:49:50","05/10/2025 12:49:50",,"-1","Archive"
"Microsoft.PowerShell.Core\FileSystem::C:\GitRepos\alisoncreations\resources\images\ouote-on-wood-blue-mauve-quote-1.jpg","Microsoft.PowerShell.Core\FileSystem::C:\GitRepos\alisoncreations\resources\images","ouote-on-wood-blue-mauve-quote-1.jpg","C","Microsoft.PowerShell.Core\FileSystem","False","-a---","-a---","ouote-on-wood-blue-mauve-quote-1","C:\GitRepos\alisoncreations\resources\images\ouote-on-wood-blue-mauve-quote-1.jpg",,,"ouote-on-wood-blue-mauve-quote-1.jpg",,,"True","C:\GitRepos\alisoncreations\resources\images\ouote-on-wood-blue-mauve-quote-1.jpg",".jpg","05/10/2025 13:49:50","05/10/2025 12:49:50","05/10/2025 17:24:29","05/10/2025 16:24:29","05/10/2025 13:49:50","05/10/2025 12:49:50",,"-1","Archive"
"Microsoft.PowerShell.Core\FileSystem::C:\GitRepos\alisoncreations\resources\images\paw-print-quote-4.jpg","Microsoft.PowerShell.Core\FileSystem::C:\GitRepos\alisoncreations\resources\images","paw-print-quote-4.jpg","C","Microsoft.PowerShell.Core\FileSystem","False","-a---","-a---","paw-print-quote-4","C:\GitRepos\alisoncreations\resources\images\paw-print-quote-4.jpg",,,"paw-print-quote-4.jpg",,,"True","C:\GitRepos\alisoncreations\resources\images\paw-print-quote-4.jpg",".jpg","05/10/2025 13:49:50","05/10/2025 12:49:50","05/10/2025 17:24:29","05/10/2025 16:24:29","05/10/2025 13:49:50","05/10/2025 12:49:50",,"-1","Archive"
"Microsoft.PowerShell.Core\FileSystem::C:\GitRepos\alisoncreations\resources\images\pawprint-quote-4.jpg","Microsoft.PowerShell.Core\FileSystem::C:\GitRepos\alisoncreations\resources\images","pawprint-quote-4.jpg","C","Microsoft.PowerShell.Core\FileSystem","False","-a---","-a---","pawprint-quote-4","C:\GitRepos\alisoncreations\resources\images\pawprint-quote-4.jpg",,,"pawprint-quote-4.jpg",,,"True","C:\GitRepos\alisoncreations\resources\images\pawprint-quote-4.jpg",".jpg","05/10/2025 13:49:50","05/10/2025 12:49:50","05/10/2025 17:24:29","05/10/2025 16:24:29","05/10/2025 13:49:50","05/10/2025 12:49:50",,"-1","Archive"
"Microsoft.PowerShell.Core\FileSystem::C:\GitRepos\alisoncreations\resources\images\peek-a-boo-teddy-blue-.jpg","Microsoft.PowerShell.Core\FileSystem::C:\GitRepos\alisoncreations\resources\images","peek-a-boo-teddy-blue-.jpg","C","Microsoft.PowerShell.Core\FileSystem","False","-a---","-a---","peek-a-boo-teddy-blue-","C:\GitRepos\alisoncreations\resources\images\peek-a-boo-teddy-blue-.jpg",,,"peek-a-boo-teddy-blue-.jpg",,,"True","C:\GitRepos\alisoncreations\resources\images\peek-a-boo-teddy-blue-.jpg",".jpg","05/10/2025 13:49:50","05/10/2025 12:49:50","05/10/2025 17:24:29","05/10/2025 16:24:29","05/10/2025 13:49:50","05/10/2025 12:49:50",,"-1","Archive"
"Microsoft.PowerShell.Core\FileSystem::C:\GitRepos\alisoncreations\resources\images\peek-a-boo-teddy-jade.jpg","Microsoft.PowerShell.Core\FileSystem::C:\GitRepos\alisoncreations\resources\images","peek-a-boo-teddy-jade.jpg","C","Microsoft.PowerShell.Core\FileSystem","False","-a---","-a---","peek-a-boo-teddy-jade","C:\GitRepos\alisoncreations\resources\images\peek-a-boo-teddy-jade.jpg",,,"peek-a-boo-teddy-jade.jpg",,,"True","C:\GitRepos\alisoncreations\resources\images\peek-a-boo-teddy-jade.jpg",".jpg","05/10/2025 13:49:50","05/10/2025 12:49:50","05/10/2025 17:24:29","05/10/2025 16:24:29","05/10/2025 13:49:50","05/10/2025 12:49:50",,"-1","Archive"
"Microsoft.PowerShell.Core\FileSystem::C:\GitRepos\alisoncreations\resources\images\peek-a-boo-teddy-light-blue.jpg","Microsoft.PowerShell.Core\FileSystem::C:\GitRepos\alisoncreations\resources\images","peek-a-boo-teddy-light-blue.jpg","C","Microsoft.PowerShell.Core\FileSystem","False","-a---","-a---","peek-a-boo-teddy-light-blue","C:\GitRepos\alisoncreations\resources\images\peek-a-boo-teddy-light-blue.jpg",,,"peek-a-boo-teddy-light-blue.jpg",,,"True","C:\GitRepos\alisoncreations\resources\images\peek-a-boo-teddy-light-blue.jpg",".jpg","05/10/2025 13:49:50","05/10/2025 12:49:50","05/10/2025 17:24:29","05/10/2025 16:24:29","05/10/2025 13:49:50","05/10/2025 12:49:50",,"-1","Archive"
"Microsoft.PowerShell.Core\FileSystem::C:\GitRepos\alisoncreations\resources\images\peek-a-boo-teddy-pink-white.jpg","Microsoft.PowerShell.Core\FileSystem::C:\GitRepos\alisoncreations\resources\images","peek-a-boo-teddy-pink-white.jpg","C","Microsoft.PowerShell.Core\FileSystem","False","-a---","-a---","peek-a-boo-teddy-pink-white","C:\GitRepos\alisoncreations\resources\images\peek-a-boo-teddy-pink-white.jpg",,,"peek-a-boo-teddy-pink-white.jpg",,,"True","C:\GitRepos\alisoncreations\resources\images\peek-a-boo-teddy-pink-white.jpg",".jpg","05/10/2025 13:49:50","05/10/2025 12:49:50","05/10/2025 17:24:29","05/10/2025 16:24:29","05/10/2025 13:49:50","05/10/2025 12:49:50",,"-1","Archive"
"Microsoft.PowerShell.Core\FileSystem::C:\GitRepos\alisoncreations\resources\images\peek-a-boo-teddy-pink.jpg","Microsoft.PowerShell.Core\FileSystem::C:\GitRepos\alisoncreations\resources\images","peek-a-boo-teddy-pink.jpg","C","Microsoft.PowerShell.Core\FileSystem","False","-a---","-a---","peek-a-boo-teddy-pink","C:\GitRepos\alisoncreations\resources\images\peek-a-boo-teddy-pink.jpg",,,"peek-a-boo-teddy-pink.jpg",,,"True","C:\GitRepos\alisoncreations\resources\images\peek-a-boo-teddy-pink.jpg",".jpg","05/10/2025 13:49:50","05/10/2025 12:49:50","05/10/2025 17:24:29","05/10/2025 16:24:29","05/10/2025 13:49:50","05/10/2025 12:49:50",,"-1","Archive"
"Microsoft.PowerShell.Core\FileSystem::C:\GitRepos\alisoncreations\resources\images\peek-a-boo-teddy-white.jpg","Microsoft.PowerShell.Core\FileSystem::C:\GitRepos\alisoncreations\resources\images","peek-a-boo-teddy-white.jpg","C","Microsoft.PowerShell.Core\FileSystem","False","-a---","-a---","peek-a-boo-teddy-white","C:\GitRepos\alisoncreations\resources\images\peek-a-boo-teddy-white.jpg",,,"peek-a-boo-teddy-white.jpg",,,"True","C:\GitRepos\alisoncreations\resources\images\peek-a-boo-teddy-white.jpg",".jpg","05/10/2025 13:49:50","05/10/2025 12:49:50","05/10/2025 17:24:29","05/10/2025 16:24:29","05/10/2025 13:49:50","05/10/2025 12:49:50",,"-1","Archive"
"Microsoft.PowerShell.Core\FileSystem::C:\GitRepos\alisoncreations\resources\images\peek-a-boo-teddy.jpg","Microsoft.PowerShell.Core\FileSystem::C:\GitRepos\alisoncreations\resources\images","peek-a-boo-teddy.jpg","C","Microsoft.PowerShell.Core\FileSystem","False","-a---","-a---","peek-a-boo-teddy","C:\GitRepos\alisoncreations\resources\images\peek-a-boo-teddy.jpg",,,"peek-a-boo-teddy.jpg",,,"True","C:\GitRepos\alisoncreations\resources\images\peek-a-boo-teddy.jpg",".jpg","05/10/2025 13:49:50","05/10/2025 12:49:50","05/10/2025 17:24:29","05/10/2025 16:24:29","05/10/2025 13:49:50","05/10/2025 12:49:50",,"-1","Archive"
"Microsoft.PowerShell.Core\FileSystem::C:\GitRepos\alisoncreations\resources\images\raindeer-blue.jpg","Microsoft.PowerShell.Core\FileSystem::C:\GitRepos\alisoncreations\resources\images","raindeer-blue.jpg","C","Microsoft.PowerShell.Core\FileSystem","False","-a---","-a---","raindeer-blue","C:\GitRepos\alisoncreations\resources\images\raindeer-blue.jpg",,,"raindeer-blue.jpg",,,"True","C:\GitRepos\alisoncreations\resources\images\raindeer-blue.jpg",".jpg","05/10/2025 13:49:50","05/10/2025 12:49:50","05/10/2025 17:24:29","05/10/2025 16:24:29","05/10/2025 13:49:50","05/10/2025 12:49:50",,"-1","Archive"
"Microsoft.PowerShell.Core\FileSystem::C:\GitRepos\alisoncreations\resources\images\raindeer-brown-clear.jpg","Microsoft.PowerShell.Core\FileSystem::C:\GitRepos\alisoncreations\resources\images","raindeer-brown-clear.jpg","C","Microsoft.PowerShell.Core\FileSystem","False","-a---","-a---","raindeer-brown-clear","C:\GitRepos\alisoncreations\resources\images\raindeer-brown-clear.jpg",,,"raindeer-brown-clear.jpg",,,"True","C:\GitRepos\alisoncreations\resources\images\raindeer-brown-clear.jpg",".jpg","05/10/2025 13:49:50","05/10/2025 12:49:50","05/10/2025 17:24:29","05/10/2025 16:24:29","05/10/2025 13:49:50","05/10/2025 12:49:50",,"-1","Archive"
"Microsoft.PowerShell.Core\FileSystem::C:\GitRepos\alisoncreations\resources\images\raindeer-brown.jpg","Microsoft.PowerShell.Core\FileSystem::C:\GitRepos\alisoncreations\resources\images","raindeer-brown.jpg","C","Microsoft.PowerShell.Core\FileSystem","False","-a---","-a---","raindeer-brown","C:\GitRepos\alisoncreations\resources\images\raindeer-brown.jpg",,,"raindeer-brown.jpg",,,"True","C:\GitRepos\alisoncreations\resources\images\raindeer-brown.jpg",".jpg","05/10/2025 13:49:50","05/10/2025 12:49:50","05/10/2025 17:24:29","05/10/2025 16:24:29","05/10/2025 13:49:50","05/10/2025 12:49:50",,"-1","Archive"
"Microsoft.PowerShell.Core\FileSystem::C:\GitRepos\alisoncreations\resources\images\raindeer-green.jpg","Microsoft.PowerShell.Core\FileSystem::C:\GitRepos\alisoncreations\resources\images","raindeer-green.jpg","C","Microsoft.PowerShell.Core\FileSystem","False","-a---","-a---","raindeer-green","C:\GitRepos\alisoncreations\resources\images\raindeer-green.jpg",,,"raindeer-green.jpg",,,"True","C:\GitRepos\alisoncreations\resources\images\raindeer-green.jpg",".jpg","05/10/2025 13:49:50","05/10/2025 12:49:50","05/10/2025 17:24:29","05/10/2025 16:24:29","05/10/2025 13:49:50","05/10/2025 12:49:50",,"-1","Archive"
"Microsoft.PowerShell.Core\FileSystem::C:\GitRepos\alisoncreations\resources\images\raindeer-white.jpg","Microsoft.PowerShell.Core\FileSystem::C:\GitRepos\alisoncreations\resources\images","raindeer-white.jpg","C","Microsoft.PowerShell.Core\FileSystem","False","-a---","-a---","raindeer-white","C:\GitRepos\alisoncreations\resources\images\raindeer-white.jpg",,,"raindeer-white.jpg",,,"True","C:\GitRepos\alisoncreations\resources\images\raindeer-white.jpg",".jpg","05/10/2025 13:49:50","05/10/2025 12:49:50","05/10/2025 17:24:29","05/10/2025 16:24:29","05/10/2025 13:49:50","05/10/2025 12:49:50",,"-1","Archive"
"Microsoft.PowerShell.Core\FileSystem::C:\GitRepos\alisoncreations\resources\images\rose-teddy-blue-white.jpg","Microsoft.PowerShell.Core\FileSystem::C:\GitRepos\alisoncreations\resources\images","rose-teddy-blue-white.jpg","C","Microsoft.PowerShell.Core\FileSystem","False","-a---","-a---","rose-teddy-blue-white","C:\GitRepos\alisoncreations\resources\images\rose-teddy-blue-white.jpg",,,"rose-teddy-blue-white.jpg",,,"True","C:\GitRepos\alisoncreations\resources\images\rose-teddy-blue-white.jpg",".jpg","05/10/2025 13:49:50","05/10/2025 12:49:50","05/10/2025 17:24:29","05/10/2025 16:24:29","05/10/2025 13:49:50","05/10/2025 12:49:50",,"-1","Archive"
"Microsoft.PowerShell.Core\FileSystem::C:\GitRepos\alisoncreations\resources\images\rose-teddy-brown-red.jpg","Microsoft.PowerShell.Core\FileSystem::C:\GitRepos\alisoncreations\resources\images","rose-teddy-brown-red.jpg","C","Microsoft.PowerShell.Core\FileSystem","False","-a---","-a---","rose-teddy-brown-red","C:\GitRepos\alisoncreations\resources\images\rose-teddy-brown-red.jpg",,,"rose-teddy-brown-red.jpg",,,"True","C:\GitRepos\alisoncreations\resources\images\rose-teddy-brown-red.jpg",".jpg","05/10/2025 13:49:50","05/10/2025 12:49:50","05/10/2025 17:24:29","05/10/2025 16:24:29","05/10/2025 13:49:50","05/10/2025 12:49:50",,"-1","Archive"
"Microsoft.PowerShell.Core\FileSystem::C:\GitRepos\alisoncreations\resources\images\rose-teddy-pink-glow-in-the-dark.jpg","Microsoft.PowerShell.Core\FileSystem::C:\GitRepos\alisoncreations\resources\images","rose-teddy-pink-glow-in-the-dark.jpg","C","Microsoft.PowerShell.Core\FileSystem","False","-a---","-a---","rose-teddy-pink-glow-in-the-dark","C:\GitRepos\alisoncreations\resources\images\rose-teddy-pink-glow-in-the-dark.jpg",,,"rose-teddy-pink-glow-in-the-dark.jpg",,,"True","C:\GitRepos\alisoncreations\resources\images\rose-teddy-pink-glow-in-the-dark.jpg",".jpg","05/10/2025 13:49:50","05/10/2025 12:49:50","05/10/2025 17:24:29","05/10/2025 16:24:29","05/10/2025 13:49:50","05/10/2025 12:49:50",,"-1","Archive"
"Microsoft.PowerShell.Core\FileSystem::C:\GitRepos\alisoncreations\resources\images\rose-teddy-red.jpg","Microsoft.PowerShell.Core\FileSystem::C:\GitRepos\alisoncreations\resources\images","rose-teddy-red.jpg","C","Microsoft.PowerShell.Core\FileSystem","False","-a---","-a---","rose-teddy-red","C:\GitRepos\alisoncreations\resources\images\rose-teddy-red.jpg",,,"rose-teddy-red.jpg",,,"True","C:\GitRepos\alisoncreations\resources\images\rose-teddy-red.jpg",".jpg","05/10/2025 13:49:50","05/10/2025 12:49:50","05/10/2025 17:24:29","05/10/2025 16:24:29","05/10/2025 13:49:50","05/10/2025 12:49:50",,"-1","Archive"
"Microsoft.PowerShell.Core\FileSystem::C:\GitRepos\alisoncreations\resources\images\rose-teddy-silver.jpg","Microsoft.PowerShell.Core\FileSystem::C:\GitRepos\alisoncreations\resources\images","rose-teddy-silver.jpg","C","Microsoft.PowerShell.Core\FileSystem","False","-a---","-a---","rose-teddy-silver","C:\GitRepos\alisoncreations\resources\images\rose-teddy-silver.jpg",,,"rose-teddy-silver.jpg",,,"True","C:\GitRepos\alisoncreations\resources\images\rose-teddy-silver.jpg",".jpg","05/10/2025 13:49:50","05/10/2025 12:49:50","05/10/2025 17:24:29","05/10/2025 16:24:29","05/10/2025 13:49:50","05/10/2025 12:49:50",,"-1","Archive"
"Microsoft.PowerShell.Core\FileSystem::C:\GitRepos\alisoncreations\resources\images\rose-teddyglow-in-the-dark-blue.jpg","Microsoft.PowerShell.Core\FileSystem::C:\GitRepos\alisoncreations\resources\images","rose-teddyglow-in-the-dark-blue.jpg","C","Microsoft.PowerShell.Core\FileSystem","False","-a---","-a---","rose-teddyglow-in-the-dark-blue","C:\GitRepos\alisoncreations\resources\images\rose-teddyglow-in-the-dark-blue.jpg",,,"rose-teddyglow-in-the-dark-blue.jpg",,,"True","C:\GitRepos\alisoncreations\resources\images\rose-teddyglow-in-the-dark-blue.jpg",".jpg","05/10/2025 13:49:50","05/10/2025 12:49:50","05/10/2025 17:24:29","05/10/2025 16:24:29","05/10/2025 13:49:50","05/10/2025 12:49:50",,"-1","Archive"
"Microsoft.PowerShell.Core\FileSystem::C:\GitRepos\alisoncreations\resources\images\set-of-2-houses-with-flowers-white.jpg","Microsoft.PowerShell.Core\FileSystem::C:\GitRepos\alisoncreations\resources\images","set-of-2-houses-with-flowers-white.jpg","C","Microsoft.PowerShell.Core\FileSystem","False","-a---","-a---","set-of-2-houses-with-flowers-white","C:\GitRepos\alisoncreations\resources\images\set-of-2-houses-with-flowers-white.jpg",,,"set-of-2-houses-with-flowers-white.jpg",,,"True","C:\GitRepos\alisoncreations\resources\images\set-of-2-houses-with-flowers-white.jpg",".jpg","05/10/2025 13:49:50","05/10/2025 12:49:50","05/10/2025 17:24:29","05/10/2025 16:24:29","05/10/2025 13:49:50","05/10/2025 12:49:50",,"-1","Archive"
"Microsoft.PowerShell.Core\FileSystem::C:\GitRepos\alisoncreations\resources\images\set-of-3-bunnys-blue.jpg","Microsoft.PowerShell.Core\FileSystem::C:\GitRepos\alisoncreations\resources\images","set-of-3-bunnys-blue.jpg","C","Microsoft.PowerShell.Core\FileSystem","False","-a---","-a---","set-of-3-bunnys-blue","C:\GitRepos\alisoncreations\resources\images\set-of-3-bunnys-blue.jpg",,,"set-of-3-bunnys-blue.jpg",,,"True","C:\GitRepos\alisoncreations\resources\images\set-of-3-bunnys-blue.jpg",".jpg","05/10/2025 13:49:50","05/10/2025 12:49:50","05/10/2025 17:24:29","05/10/2025 16:24:29","05/10/2025 13:49:50","05/10/2025 12:49:50",,"-1","Archive"
"Microsoft.PowerShell.Core\FileSystem::C:\GitRepos\alisoncreations\resources\images\set-of-3-bunnys-pink-(2).jpg","Microsoft.PowerShell.Core\FileSystem::C:\GitRepos\alisoncreations\resources\images","set-of-3-bunnys-pink-(2).jpg","C","Microsoft.PowerShell.Core\FileSystem","False","-a---","-a---","set-of-3-bunnys-pink-(2)","C:\GitRepos\alisoncreations\resources\images\set-of-3-bunnys-pink-(2).jpg",,,"set-of-3-bunnys-pink-(2).jpg",,,"True","C:\GitRepos\alisoncreations\resources\images\set-of-3-bunnys-pink-(2).jpg",".jpg","05/10/2025 13:49:50","05/10/2025 12:49:50","05/10/2025 17:24:29","05/10/2025 16:24:29","05/10/2025 13:49:50","05/10/2025 12:49:50",,"-1","Archive"
"Microsoft.PowerShell.Core\FileSystem::C:\GitRepos\alisoncreations\resources\images\set-of-3-bunnys-pink.jpg","Microsoft.PowerShell.Core\FileSystem::C:\GitRepos\alisoncreations\resources\images","set-of-3-bunnys-pink.jpg","C","Microsoft.PowerShell.Core\FileSystem","False","-a---","-a---","set-of-3-bunnys-pink","C:\GitRepos\alisoncreations\resources\images\set-of-3-bunnys-pink.jpg",,,"set-of-3-bunnys-pink.jpg",,,"True","C:\GitRepos\alisoncreations\resources\images\set-of-3-bunnys-pink.jpg",".jpg","05/10/2025 13:49:50","05/10/2025 12:49:50","05/10/2025 17:24:29","05/10/2025 16:24:29","05/10/2025 13:49:50","05/10/2025 12:49:50",,"-1","Archive"
"Microsoft.PowerShell.Core\FileSystem::C:\GitRepos\alisoncreations\resources\images\set-of-3-bunnys-white.jpg","Microsoft.PowerShell.Core\FileSystem::C:\GitRepos\alisoncreations\resources\images","set-of-3-bunnys-white.jpg","C","Microsoft.PowerShell.Core\FileSystem","False","-a---","-a---","set-of-3-bunnys-white","C:\GitRepos\alisoncreations\resources\images\set-of-3-bunnys-white.jpg",,,"set-of-3-bunnys-white.jpg",,,"True","C:\GitRepos\alisoncreations\resources\images\set-of-3-bunnys-white.jpg",".jpg","05/10/2025 13:49:50","05/10/2025 12:49:50","05/10/2025 17:24:29","05/10/2025 16:24:29","05/10/2025 13:49:50","05/10/2025 12:49:50",,"-1","Archive"
"Microsoft.PowerShell.Core\FileSystem::C:\GitRepos\alisoncreations\resources\images\set-of-3-bunnys-yellow.jpg","Microsoft.PowerShell.Core\FileSystem::C:\GitRepos\alisoncreations\resources\images","set-of-3-bunnys-yellow.jpg","C","Microsoft.PowerShell.Core\FileSystem","False","-a---","-a---","set-of-3-bunnys-yellow","C:\GitRepos\alisoncreations\resources\images\set-of-3-bunnys-yellow.jpg",,,"set-of-3-bunnys-yellow.jpg",,,"True","C:\GitRepos\alisoncreations\resources\images\set-of-3-bunnys-yellow.jpg",".jpg","05/10/2025 13:49:50","05/10/2025 12:49:50","05/10/2025 17:24:29","05/10/2025 16:24:29","05/10/2025 13:49:50","05/10/2025 12:49:50",,"-1","Archive"
"Microsoft.PowerShell.Core\FileSystem::C:\GitRepos\alisoncreations\resources\images\set-of-3-flower-vases-set-1.jpg","Microsoft.PowerShell.Core\FileSystem::C:\GitRepos\alisoncreations\resources\images","set-of-3-flower-vases-set-1.jpg","C","Microsoft.PowerShell.Core\FileSystem","False","-a---","-a---","set-of-3-flower-vases-set-1","C:\GitRepos\alisoncreations\resources\images\set-of-3-flower-vases-set-1.jpg",,,"set-of-3-flower-vases-set-1.jpg",,,"True","C:\GitRepos\alisoncreations\resources\images\set-of-3-flower-vases-set-1.jpg",".jpg","05/10/2025 13:49:50","05/10/2025 12:49:50","05/10/2025 17:24:29","05/10/2025 16:24:29","05/10/2025 13:49:50","05/10/2025 12:49:50",,"-1","Archive"
"Microsoft.PowerShell.Core\FileSystem::C:\GitRepos\alisoncreations\resources\images\set-of-3-flower-vases-set-2.jpg","Microsoft.PowerShell.Core\FileSystem::C:\GitRepos\alisoncreations\resources\images","set-of-3-flower-vases-set-2.jpg","C","Microsoft.PowerShell.Core\FileSystem","False","-a---","-a---","set-of-3-flower-vases-set-2","C:\GitRepos\alisoncreations\resources\images\set-of-3-flower-vases-set-2.jpg",,,"set-of-3-flower-vases-set-2.jpg",,,"True","C:\GitRepos\alisoncreations\resources\images\set-of-3-flower-vases-set-2.jpg",".jpg","05/10/2025 13:49:50","05/10/2025 12:49:50","05/10/2025 17:24:29","05/10/2025 16:24:29","05/10/2025 13:49:50","05/10/2025 12:49:50",,"-1","Archive"
"Microsoft.PowerShell.Core\FileSystem::C:\GitRepos\alisoncreations\resources\images\set-of-five-mushroons.jpg","Microsoft.PowerShell.Core\FileSystem::C:\GitRepos\alisoncreations\resources\images","set-of-five-mushroons.jpg","C","Microsoft.PowerShell.Core\FileSystem","False","-a---","-a---","set-of-five-mushroons","C:\GitRepos\alisoncreations\resources\images\set-of-five-mushroons.jpg",,,"set-of-five-mushroons.jpg",,,"True","C:\GitRepos\alisoncreations\resources\images\set-of-five-mushroons.jpg",".jpg","05/10/2025 13:49:50","05/10/2025 12:49:50","05/10/2025 17:24:29","05/10/2025 16:24:29","05/10/2025 13:49:50","05/10/2025 12:49:50",,"-1","Archive"
"Microsoft.PowerShell.Core\FileSystem::C:\GitRepos\alisoncreations\resources\images\set-of-three-mushroons.jpg","Microsoft.PowerShell.Core\FileSystem::C:\GitRepos\alisoncreations\resources\images","set-of-three-mushroons.jpg","C","Microsoft.PowerShell.Core\FileSystem","False","-a---","-a---","set-of-three-mushroons","C:\GitRepos\alisoncreations\resources\images\set-of-three-mushroons.jpg",,,"set-of-three-mushroons.jpg",,,"True","C:\GitRepos\alisoncreations\resources\images\set-of-three-mushroons.jpg",".jpg","05/10/2025 13:49:50","05/10/2025 12:49:50","05/10/2025 17:24:29","05/10/2025 16:24:29","05/10/2025 13:49:50","05/10/2025 12:49:50",,"-1","Archive"
"Microsoft.PowerShell.Core\FileSystem::C:\GitRepos\alisoncreations\resources\images\set-of-two-gnome.jpg","Microsoft.PowerShell.Core\FileSystem::C:\GitRepos\alisoncreations\resources\images","set-of-two-gnome.jpg","C","Microsoft.PowerShell.Core\FileSystem","False","-a---","-a---","set-of-two-gnome","C:\GitRepos\alisoncreations\resources\images\set-of-two-gnome.jpg",,,"set-of-two-gnome.jpg",,,"True","C:\GitRepos\alisoncreations\resources\images\set-of-two-gnome.jpg",".jpg","05/10/2025 13:49:50","05/10/2025 12:49:50","05/10/2025 17:24:29","05/10/2025 16:24:29","05/10/2025 13:49:50","05/10/2025 12:49:50",,"-1","Archive"
"Microsoft.PowerShell.Core\FileSystem::C:\GitRepos\alisoncreations\resources\images\sitting-angel-cream.jpg","Microsoft.PowerShell.Core\FileSystem::C:\GitRepos\alisoncreations\resources\images","sitting-angel-cream.jpg","C","Microsoft.PowerShell.Core\FileSystem","False","-a---","-a---","sitting-angel-cream","C:\GitRepos\alisoncreations\resources\images\sitting-angel-cream.jpg",,,"sitting-angel-cream.jpg",,,"True","C:\GitRepos\alisoncreations\resources\images\sitting-angel-cream.jpg",".jpg","05/10/2025 13:49:50","05/10/2025 12:49:50","05/10/2025 17:24:29","05/10/2025 16:24:29","05/10/2025 13:49:50","05/10/2025 12:49:50",,"-1","Archive"
"Microsoft.PowerShell.Core\FileSystem::C:\GitRepos\alisoncreations\resources\images\sitting-angel-pink.jpg","Microsoft.PowerShell.Core\FileSystem::C:\GitRepos\alisoncreations\resources\images","sitting-angel-pink.jpg","C","Microsoft.PowerShell.Core\FileSystem","False","-a---","-a---","sitting-angel-pink","C:\GitRepos\alisoncreations\resources\images\sitting-angel-pink.jpg",,,"sitting-angel-pink.jpg",,,"True","C:\GitRepos\alisoncreations\resources\images\sitting-angel-pink.jpg",".jpg","05/10/2025 13:49:50","05/10/2025 12:49:50","05/10/2025 17:24:29","05/10/2025 16:24:29","05/10/2025 13:49:50","05/10/2025 12:49:50",,"-1","Archive"
"Microsoft.PowerShell.Core\FileSystem::C:\GitRepos\alisoncreations\resources\images\sitting-angel-white.jpg","Microsoft.PowerShell.Core\FileSystem::C:\GitRepos\alisoncreations\resources\images","sitting-angel-white.jpg","C","Microsoft.PowerShell.Core\FileSystem","False","-a---","-a---","sitting-angel-white","C:\GitRepos\alisoncreations\resources\images\sitting-angel-white.jpg",,,"sitting-angel-white.jpg",,,"True","C:\GitRepos\alisoncreations\resources\images\sitting-angel-white.jpg",".jpg","05/10/2025 13:49:50","05/10/2025 12:49:50","05/10/2025 17:24:29","05/10/2025 16:24:29","05/10/2025 13:49:50","05/10/2025 12:49:50",,"-1","Archive"
"Microsoft.PowerShell.Core\FileSystem::C:\GitRepos\alisoncreations\resources\images\sitting-angel.jpg","Microsoft.PowerShell.Core\FileSystem::C:\GitRepos\alisoncreations\resources\images","sitting-angel.jpg","C","Microsoft.PowerShell.Core\FileSystem","False","-a---","-a---","sitting-angel","C:\GitRepos\alisoncreations\resources\images\sitting-angel.jpg",,,"sitting-angel.jpg",,,"True","C:\GitRepos\alisoncreations\resources\images\sitting-angel.jpg",".jpg","05/10/2025 13:49:50","05/10/2025 12:49:50","05/10/2025 17:24:29","05/10/2025 16:24:29","05/10/2025 13:49:50","05/10/2025 12:49:50",,"-1","Archive"
"Microsoft.PowerShell.Core\FileSystem::C:\GitRepos\alisoncreations\resources\images\sitting-teddy-small-blue.jpg","Microsoft.PowerShell.Core\FileSystem::C:\GitRepos\alisoncreations\resources\images","sitting-teddy-small-blue.jpg","C","Microsoft.PowerShell.Core\FileSystem","False","-a---","-a---","sitting-teddy-small-blue","C:\GitRepos\alisoncreations\resources\images\sitting-teddy-small-blue.jpg",,,"sitting-teddy-small-blue.jpg",,,"True","C:\GitRepos\alisoncreations\resources\images\sitting-teddy-small-blue.jpg",".jpg","05/10/2025 13:49:50","05/10/2025 12:49:50","05/10/2025 17:24:29","05/10/2025 16:24:29","05/10/2025 13:49:50","05/10/2025 12:49:50",,"-1","Archive"
"Microsoft.PowerShell.Core\FileSystem::C:\GitRepos\alisoncreations\resources\images\sitting-teddy-small-clear.jpg","Microsoft.PowerShell.Core\FileSystem::C:\GitRepos\alisoncreations\resources\images","sitting-teddy-small-clear.jpg","C","Microsoft.PowerShell.Core\FileSystem","False","-a---","-a---","sitting-teddy-small-clear","C:\GitRepos\alisoncreations\resources\images\sitting-teddy-small-clear.jpg",,,"sitting-teddy-small-clear.jpg",,,"True","C:\GitRepos\alisoncreations\resources\images\sitting-teddy-small-clear.jpg",".jpg","05/10/2025 13:49:50","05/10/2025 12:49:50","05/10/2025 17:24:29","05/10/2025 16:24:29","05/10/2025 13:49:50","05/10/2025 12:49:50",,"-1","Archive"
"Microsoft.PowerShell.Core\FileSystem::C:\GitRepos\alisoncreations\resources\images\sitting-teddy-small-light-blue.jpg","Microsoft.PowerShell.Core\FileSystem::C:\GitRepos\alisoncreations\resources\images","sitting-teddy-small-light-blue.jpg","C","Microsoft.PowerShell.Core\FileSystem","False","-a---","-a---","sitting-teddy-small-light-blue","C:\GitRepos\alisoncreations\resources\images\sitting-teddy-small-light-blue.jpg",,,"sitting-teddy-small-light-blue.jpg",,,"True","C:\GitRepos\alisoncreations\resources\images\sitting-teddy-small-light-blue.jpg",".jpg","05/10/2025 13:49:50","05/10/2025 12:49:50","05/10/2025 17:24:29","05/10/2025 16:24:29","05/10/2025 13:49:50","05/10/2025 12:49:50",,"-1","Archive"
"Microsoft.PowerShell.Core\FileSystem::C:\GitRepos\alisoncreations\resources\images\sitting-teddy-small-light-brown.jpg","Microsoft.PowerShell.Core\FileSystem::C:\GitRepos\alisoncreations\resources\images","sitting-teddy-small-light-brown.jpg","C","Microsoft.PowerShell.Core\FileSystem","False","-a---","-a---","sitting-teddy-small-light-brown","C:\GitRepos\alisoncreations\resources\images\sitting-teddy-small-light-brown.jpg",,,"sitting-teddy-small-light-brown.jpg",,,"True","C:\GitRepos\alisoncreations\resources\images\sitting-teddy-small-light-brown.jpg",".jpg","05/10/2025 13:49:50","05/10/2025 12:49:50","05/10/2025 17:24:29","05/10/2025 16:24:29","05/10/2025 13:49:50","05/10/2025 12:49:50",,"-1","Archive"
"Microsoft.PowerShell.Core\FileSystem::C:\GitRepos\alisoncreations\resources\images\sitting-teddy-small-silver.jpg","Microsoft.PowerShell.Core\FileSystem::C:\GitRepos\alisoncreations\resources\images","sitting-teddy-small-silver.jpg","C","Microsoft.PowerShell.Core\FileSystem","False","-a---","-a---","sitting-teddy-small-silver","C:\GitRepos\alisoncreations\resources\images\sitting-teddy-small-silver.jpg",,,"sitting-teddy-small-silver.jpg",,,"True","C:\GitRepos\alisoncreations\resources\images\sitting-teddy-small-silver.jpg",".jpg","05/10/2025 13:49:50","05/10/2025 12:49:50","05/10/2025 17:24:29","05/10/2025 16:24:29","05/10/2025 13:49:50","05/10/2025 12:49:50",,"-1","Archive"
"Microsoft.PowerShell.Core\FileSystem::C:\GitRepos\alisoncreations\resources\images\small-hanging-welcome-sign.jpg","Microsoft.PowerShell.Core\FileSystem::C:\GitRepos\alisoncreations\resources\images","small-hanging-welcome-sign.jpg","C","Microsoft.PowerShell.Core\FileSystem","False","-a---","-a---","small-hanging-welcome-sign","C:\GitRepos\alisoncreations\resources\images\small-hanging-welcome-sign.jpg",,,"small-hanging-welcome-sign.jpg",,,"True","C:\GitRepos\alisoncreations\resources\images\small-hanging-welcome-sign.jpg",".jpg","05/10/2025 13:49:50","05/10/2025 12:49:50","05/10/2025 17:24:29","05/10/2025 16:24:29","05/10/2025 13:49:50","05/10/2025 12:49:50",,"-1","Archive"
"Microsoft.PowerShell.Core\FileSystem::C:\GitRepos\alisoncreations\resources\images\snow-scene-blue-(2).jpg","Microsoft.PowerShell.Core\FileSystem::C:\GitRepos\alisoncreations\resources\images","snow-scene-blue-(2).jpg","C","Microsoft.PowerShell.Core\FileSystem","False","-a---","-a---","snow-scene-blue-(2)","C:\GitRepos\alisoncreations\resources\images\snow-scene-blue-(2).jpg",,,"snow-scene-blue-(2).jpg",,,"True","C:\GitRepos\alisoncreations\resources\images\snow-scene-blue-(2).jpg",".jpg","05/10/2025 13:49:50","05/10/2025 12:49:50","05/10/2025 17:24:29","05/10/2025 16:24:29","05/10/2025 13:49:50","05/10/2025 12:49:50",,"-1","Archive"
"Microsoft.PowerShell.Core\FileSystem::C:\GitRepos\alisoncreations\resources\images\snow-scene-blue.jpg","Microsoft.PowerShell.Core\FileSystem::C:\GitRepos\alisoncreations\resources\images","snow-scene-blue.jpg","C","Microsoft.PowerShell.Core\FileSystem","False","-a---","-a---","snow-scene-blue","C:\GitRepos\alisoncreations\resources\images\snow-scene-blue.jpg",,,"snow-scene-blue.jpg",,,"True","C:\GitRepos\alisoncreations\resources\images\snow-scene-blue.jpg",".jpg","05/10/2025 13:49:50","05/10/2025 12:49:50","05/10/2025 17:24:29","05/10/2025 16:24:29","05/10/2025 13:49:50","05/10/2025 12:49:50",,"-1","Archive"
"Microsoft.PowerShell.Core\FileSystem::C:\GitRepos\alisoncreations\resources\images\snow-scene-orange-(2).jpg","Microsoft.PowerShell.Core\FileSystem::C:\GitRepos\alisoncreations\resources\images","snow-scene-orange-(2).jpg","C","Microsoft.PowerShell.Core\FileSystem","False","-a---","-a---","snow-scene-orange-(2)","C:\GitRepos\alisoncreations\resources\images\snow-scene-orange-(2).jpg",,,"snow-scene-orange-(2).jpg",,,"True","C:\GitRepos\alisoncreations\resources\images\snow-scene-orange-(2).jpg",".jpg","05/10/2025 13:49:50","05/10/2025 12:49:50","05/10/2025 17:24:29","05/10/2025 16:24:29","05/10/2025 13:49:50","05/10/2025 12:49:50",,"-1","Archive"
"Microsoft.PowerShell.Core\FileSystem::C:\GitRepos\alisoncreations\resources\images\snow-scene-orange.jpg","Microsoft.PowerShell.Core\FileSystem::C:\GitRepos\alisoncreations\resources\images","snow-scene-orange.jpg","C","Microsoft.PowerShell.Core\FileSystem","False","-a---","-a---","snow-scene-orange","C:\GitRepos\alisoncreations\resources\images\snow-scene-orange.jpg",,,"snow-scene-orange.jpg",,,"True","C:\GitRepos\alisoncreations\resources\images\snow-scene-orange.jpg",".jpg","05/10/2025 13:49:50","05/10/2025 12:49:50","05/10/2025 17:24:29","05/10/2025 16:24:29","05/10/2025 13:49:50","05/10/2025 12:49:50",,"-1","Archive"
"Microsoft.PowerShell.Core\FileSystem::C:\GitRepos\alisoncreations\resources\images\snow-scene-red-(2).jpg","Microsoft.PowerShell.Core\FileSystem::C:\GitRepos\alisoncreations\resources\images","snow-scene-red-(2).jpg","C","Microsoft.PowerShell.Core\FileSystem","False","-a---","-a---","snow-scene-red-(2)","C:\GitRepos\alisoncreations\resources\images\snow-scene-red-(2).jpg",,,"snow-scene-red-(2).jpg",,,"True","C:\GitRepos\alisoncreations\resources\images\snow-scene-red-(2).jpg",".jpg","05/10/2025 13:49:50","05/10/2025 12:49:50","05/10/2025 17:24:29","05/10/2025 16:24:29","05/10/2025 13:49:50","05/10/2025 12:49:50",,"-1","Archive"
"Microsoft.PowerShell.Core\FileSystem::C:\GitRepos\alisoncreations\resources\images\snow-scene-red.jpg","Microsoft.PowerShell.Core\FileSystem::C:\GitRepos\alisoncreations\resources\images","snow-scene-red.jpg","C","Microsoft.PowerShell.Core\FileSystem","False","-a---","-a---","snow-scene-red","C:\GitRepos\alisoncreations\resources\images\snow-scene-red.jpg",,,"snow-scene-red.jpg",,,"True","C:\GitRepos\alisoncreations\resources\images\snow-scene-red.jpg",".jpg","05/10/2025 13:49:50","05/10/2025 12:49:50","05/10/2025 17:24:29","05/10/2025 16:24:29","05/10/2025 13:49:50","05/10/2025 12:49:50",,"-1","Archive"
"Microsoft.PowerShell.Core\FileSystem::C:\GitRepos\alisoncreations\resources\images\snow-scene-white-(2).jpg","Microsoft.PowerShell.Core\FileSystem::C:\GitRepos\alisoncreations\resources\images","snow-scene-white-(2).jpg","C","Microsoft.PowerShell.Core\FileSystem","False","-a---","-a---","snow-scene-white-(2)","C:\GitRepos\alisoncreations\resources\images\snow-scene-white-(2).jpg",,,"snow-scene-white-(2).jpg",,,"True","C:\GitRepos\alisoncreations\resources\images\snow-scene-white-(2).jpg",".jpg","05/10/2025 13:49:51","05/10/2025 12:49:51","05/10/2025 17:24:29","05/10/2025 16:24:29","05/10/2025 13:49:51","05/10/2025 12:49:51",,"-1","Archive"
"Microsoft.PowerShell.Core\FileSystem::C:\GitRepos\alisoncreations\resources\images\snow-scene-white-(3).jpg","Microsoft.PowerShell.Core\FileSystem::C:\GitRepos\alisoncreations\resources\images","snow-scene-white-(3).jpg","C","Microsoft.PowerShell.Core\FileSystem","False","-a---","-a---","snow-scene-white-(3)","C:\GitRepos\alisoncreations\resources\images\snow-scene-white-(3).jpg",,,"snow-scene-white-(3).jpg",,,"True","C:\GitRepos\alisoncreations\resources\images\snow-scene-white-(3).jpg",".jpg","05/10/2025 13:49:51","05/10/2025 12:49:51","05/10/2025 17:24:29","05/10/2025 16:24:29","05/10/2025 13:49:51","05/10/2025 12:49:51",,"-1","Archive"
"Microsoft.PowerShell.Core\FileSystem::C:\GitRepos\alisoncreations\resources\images\snow-scene-white.jpg","Microsoft.PowerShell.Core\FileSystem::C:\GitRepos\alisoncreations\resources\images","snow-scene-white.jpg","C","Microsoft.PowerShell.Core\FileSystem","False","-a---","-a---","snow-scene-white","C:\GitRepos\alisoncreations\resources\images\snow-scene-white.jpg",,,"snow-scene-white.jpg",,,"True","C:\GitRepos\alisoncreations\resources\images\snow-scene-white.jpg",".jpg","05/10/2025 13:49:51","05/10/2025 12:49:51","05/10/2025 17:24:29","05/10/2025 16:24:29","05/10/2025 13:49:51","05/10/2025 12:49:51",,"-1","Archive"
"Microsoft.PowerShell.Core\FileSystem::C:\GitRepos\alisoncreations\resources\images\snow-scene-yellow-(2).jpg","Microsoft.PowerShell.Core\FileSystem::C:\GitRepos\alisoncreations\resources\images","snow-scene-yellow-(2).jpg","C","Microsoft.PowerShell.Core\FileSystem","False","-a---","-a---","snow-scene-yellow-(2)","C:\GitRepos\alisoncreations\resources\images\snow-scene-yellow-(2).jpg",,,"snow-scene-yellow-(2).jpg",,,"True","C:\GitRepos\alisoncreations\resources\images\snow-scene-yellow-(2).jpg",".jpg","05/10/2025 13:49:51","05/10/2025 12:49:51","05/10/2025 17:24:29","05/10/2025 16:24:29","05/10/2025 13:49:51","05/10/2025 12:49:51",,"-1","Archive"
"Microsoft.PowerShell.Core\FileSystem::C:\GitRepos\alisoncreations\resources\images\snow-scene-yellow-(3).jpg","Microsoft.PowerShell.Core\FileSystem::C:\GitRepos\alisoncreations\resources\images","snow-scene-yellow-(3).jpg","C","Microsoft.PowerShell.Core\FileSystem","False","-a---","-a---","snow-scene-yellow-(3)","C:\GitRepos\alisoncreations\resources\images\snow-scene-yellow-(3).jpg",,,"snow-scene-yellow-(3).jpg",,,"True","C:\GitRepos\alisoncreations\resources\images\snow-scene-yellow-(3).jpg",".jpg","05/10/2025 13:49:51","05/10/2025 12:49:51","05/10/2025 17:24:29","05/10/2025 16:24:29","05/10/2025 13:49:51","05/10/2025 12:49:51",,"-1","Archive"
"Microsoft.PowerShell.Core\FileSystem::C:\GitRepos\alisoncreations\resources\images\snow-scene-yellow.jpg","Microsoft.PowerShell.Core\FileSystem::C:\GitRepos\alisoncreations\resources\images","snow-scene-yellow.jpg","C","Microsoft.PowerShell.Core\FileSystem","False","-a---","-a---","snow-scene-yellow","C:\GitRepos\alisoncreations\resources\images\snow-scene-yellow.jpg",,,"snow-scene-yellow.jpg",,,"True","C:\GitRepos\alisoncreations\resources\images\snow-scene-yellow.jpg",".jpg","05/10/2025 13:49:51","05/10/2025 12:49:51","05/10/2025 17:24:29","05/10/2025 16:24:29","05/10/2025 13:49:51","05/10/2025 12:49:51",,"-1","Archive"
"Microsoft.PowerShell.Core\FileSystem::C:\GitRepos\alisoncreations\resources\images\stag-head-white.jpg","Microsoft.PowerShell.Core\FileSystem::C:\GitRepos\alisoncreations\resources\images","stag-head-white.jpg","C","Microsoft.PowerShell.Core\FileSystem","False","-a---","-a---","stag-head-white","C:\GitRepos\alisoncreations\resources\images\stag-head-white.jpg",,,"stag-head-white.jpg",,,"True","C:\GitRepos\alisoncreations\resources\images\stag-head-white.jpg",".jpg","05/10/2025 13:49:51","05/10/2025 12:49:51","05/10/2025 17:24:29","05/10/2025 16:24:29","05/10/2025 13:49:51","05/10/2025 12:49:51",,"-1","Archive"
"Microsoft.PowerShell.Core\FileSystem::C:\GitRepos\alisoncreations\resources\images\stag.jpg","Microsoft.PowerShell.Core\FileSystem::C:\GitRepos\alisoncreations\resources\images","stag.jpg","C","Microsoft.PowerShell.Core\FileSystem","False","-a---","-a---","stag","C:\GitRepos\alisoncreations\resources\images\stag.jpg",,,"stag.jpg",,,"True","C:\GitRepos\alisoncreations\resources\images\stag.jpg",".jpg","19/09/2025 13:15:15","19/09/2025 12:15:15","05/10/2025 17:24:29","05/10/2025 16:24:29","01/06/2025 13:45:24","01/06/2025 12:45:24",,"-1","Archive"
"Microsoft.PowerShell.Core\FileSystem::C:\GitRepos\alisoncreations\resources\images\teddy-crystal.jpg","Microsoft.PowerShell.Core\FileSystem::C:\GitRepos\alisoncreations\resources\images","teddy-crystal.jpg","C","Microsoft.PowerShell.Core\FileSystem","False","-a---","-a---","teddy-crystal","C:\GitRepos\alisoncreations\resources\images\teddy-crystal.jpg",,,"teddy-crystal.jpg",,,"True","C:\GitRepos\alisoncreations\resources\images\teddy-crystal.jpg",".jpg","19/09/2025 13:15:16","19/09/2025 12:15:16","05/10/2025 17:24:29","05/10/2025 16:24:29","01/06/2025 17:10:11","01/06/2025 16:10:11",,"-1","Archive"
"Microsoft.PowerShell.Core\FileSystem::C:\GitRepos\alisoncreations\resources\images\teddy-on-heart-bench-with-flower.jpg","Microsoft.PowerShell.Core\FileSystem::C:\GitRepos\alisoncreations\resources\images","teddy-on-heart-bench-with-flower.jpg","C","Microsoft.PowerShell.Core\FileSystem","False","-a---","-a---","teddy-on-heart-bench-with-flower","C:\GitRepos\alisoncreations\resources\images\teddy-on-heart-bench-with-flower.jpg",,,"teddy-on-heart-bench-with-flower.jpg",,,"True","C:\GitRepos\alisoncreations\resources\images\teddy-on-heart-bench-with-flower.jpg",".jpg","05/10/2025 13:49:51","05/10/2025 12:49:51","05/10/2025 17:24:29","05/10/2025 16:24:29","05/10/2025 13:49:51","05/10/2025 12:49:51",,"-1","Archive"
"Microsoft.PowerShell.Core\FileSystem::C:\GitRepos\alisoncreations\resources\images\teddy-on-heart-bench.jpg","Microsoft.PowerShell.Core\FileSystem::C:\GitRepos\alisoncreations\resources\images","teddy-on-heart-bench.jpg","C","Microsoft.PowerShell.Core\FileSystem","False","-a---","-a---","teddy-on-heart-bench","C:\GitRepos\alisoncreations\resources\images\teddy-on-heart-bench.jpg",,,"teddy-on-heart-bench.jpg",,,"True","C:\GitRepos\alisoncreations\resources\images\teddy-on-heart-bench.jpg",".jpg","05/10/2025 13:49:51","05/10/2025 12:49:51","05/10/2025 17:24:29","05/10/2025 16:24:29","05/10/2025 13:49:51","05/10/2025 12:49:51",,"-1","Archive"
"Microsoft.PowerShell.Core\FileSystem::C:\GitRepos\alisoncreations\resources\images\teddy-on-heart-bench1.jpg","Microsoft.PowerShell.Core\FileSystem::C:\GitRepos\alisoncreations\resources\images","teddy-on-heart-bench1.jpg","C","Microsoft.PowerShell.Core\FileSystem","False","-a---","-a---","teddy-on-heart-bench1","C:\GitRepos\alisoncreations\resources\images\teddy-on-heart-bench1.jpg",,,"teddy-on-heart-bench1.jpg",,,"True","C:\GitRepos\alisoncreations\resources\images\teddy-on-heart-bench1.jpg",".jpg","05/10/2025 13:49:51","05/10/2025 12:49:51","05/10/2025 17:24:29","05/10/2025 16:24:29","05/10/2025 13:49:51","05/10/2025 12:49:51",,"-1","Archive"
"Microsoft.PowerShell.Core\FileSystem::C:\GitRepos\alisoncreations\resources\images\teddy-on-star-bench-with-flower.jpg","Microsoft.PowerShell.Core\FileSystem::C:\GitRepos\alisoncreations\resources\images","teddy-on-star-bench-with-flower.jpg","C","Microsoft.PowerShell.Core\FileSystem","False","-a---","-a---","teddy-on-star-bench-with-flower","C:\GitRepos\alisoncreations\resources\images\teddy-on-star-bench-with-flower.jpg",,,"teddy-on-star-bench-with-flower.jpg",,,"True","C:\GitRepos\alisoncreations\resources\images\teddy-on-star-bench-with-flower.jpg",".jpg","05/10/2025 13:49:51","05/10/2025 12:49:51","05/10/2025 17:24:29","05/10/2025 16:24:29","05/10/2025 13:49:51","05/10/2025 12:49:51",,"-1","Archive"
"Microsoft.PowerShell.Core\FileSystem::C:\GitRepos\alisoncreations\resources\images\teddy-on-star-bench.jpg","Microsoft.PowerShell.Core\FileSystem::C:\GitRepos\alisoncreations\resources\images","teddy-on-star-bench.jpg","C","Microsoft.PowerShell.Core\FileSystem","False","-a---","-a---","teddy-on-star-bench","C:\GitRepos\alisoncreations\resources\images\teddy-on-star-bench.jpg",,,"teddy-on-star-bench.jpg",,,"True","C:\GitRepos\alisoncreations\resources\images\teddy-on-star-bench.jpg",".jpg","05/10/2025 13:49:51","05/10/2025 12:49:51","05/10/2025 17:24:29","05/10/2025 16:24:29","05/10/2025 13:49:51","05/10/2025 12:49:51",,"-1","Archive"
"Microsoft.PowerShell.Core\FileSystem::C:\GitRepos\alisoncreations\resources\images\teddy's-with-crystals-blue.jpg","Microsoft.PowerShell.Core\FileSystem::C:\GitRepos\alisoncreations\resources\images","teddy's-with-crystals-blue.jpg","C","Microsoft.PowerShell.Core\FileSystem","False","-a---","-a---","teddy's-with-crystals-blue","C:\GitRepos\alisoncreations\resources\images\teddy's-with-crystals-blue.jpg",,,"teddy's-with-crystals-blue.jpg",,,"True","C:\GitRepos\alisoncreations\resources\images\teddy's-with-crystals-blue.jpg",".jpg","05/10/2025 13:49:51","05/10/2025 12:49:51","05/10/2025 17:24:29","05/10/2025 16:24:29","05/10/2025 13:49:51","05/10/2025 12:49:51",,"-1","Archive"
"Microsoft.PowerShell.Core\FileSystem::C:\GitRepos\alisoncreations\resources\images\teddy's-with-crystals-pink.jpg","Microsoft.PowerShell.Core\FileSystem::C:\GitRepos\alisoncreations\resources\images","teddy's-with-crystals-pink.jpg","C","Microsoft.PowerShell.Core\FileSystem","False","-a---","-a---","teddy's-with-crystals-pink","C:\GitRepos\alisoncreations\resources\images\teddy's-with-crystals-pink.jpg",,,"teddy's-with-crystals-pink.jpg",,,"True","C:\GitRepos\alisoncreations\resources\images\teddy's-with-crystals-pink.jpg",".jpg","05/10/2025 13:49:51","05/10/2025 12:49:51","05/10/2025 17:24:29","05/10/2025 16:24:29","05/10/2025 13:49:51","05/10/2025 12:49:51",,"-1","Archive"
"Microsoft.PowerShell.Core\FileSystem::C:\GitRepos\alisoncreations\resources\images\tents-with-candel-light-blue.jpg","Microsoft.PowerShell.Core\FileSystem::C:\GitRepos\alisoncreations\resources\images","tents-with-candel-light-blue.jpg","C","Microsoft.PowerShell.Core\FileSystem","False","-a---","-a---","tents-with-candel-light-blue","C:\GitRepos\alisoncreations\resources\images\tents-with-candel-light-blue.jpg",,,"tents-with-candel-light-blue.jpg",,,"True","C:\GitRepos\alisoncreations\resources\images\tents-with-candel-light-blue.jpg",".jpg","05/10/2025 13:49:51","05/10/2025 12:49:51","05/10/2025 17:24:29","05/10/2025 16:24:29","05/10/2025 13:49:51","05/10/2025 12:49:51",,"-1","Archive"
"Microsoft.PowerShell.Core\FileSystem::C:\GitRepos\alisoncreations\resources\images\tents-with-candel-light-pink.jpg","Microsoft.PowerShell.Core\FileSystem::C:\GitRepos\alisoncreations\resources\images","tents-with-candel-light-pink.jpg","C","Microsoft.PowerShell.Core\FileSystem","False","-a---","-a---","tents-with-candel-light-pink","C:\GitRepos\alisoncreations\resources\images\tents-with-candel-light-pink.jpg",,,"tents-with-candel-light-pink.jpg",,,"True","C:\GitRepos\alisoncreations\resources\images\tents-with-candel-light-pink.jpg",".jpg","05/10/2025 13:49:51","05/10/2025 12:49:51","05/10/2025 17:24:29","05/10/2025 16:24:29","05/10/2025 13:49:51","05/10/2025 12:49:51",,"-1","Archive"
"Microsoft.PowerShell.Core\FileSystem::C:\GitRepos\alisoncreations\resources\images\tents-with-candel-light-yellow.jpg","Microsoft.PowerShell.Core\FileSystem::C:\GitRepos\alisoncreations\resources\images","tents-with-candel-light-yellow.jpg","C","Microsoft.PowerShell.Core\FileSystem","False","-a---","-a---","tents-with-candel-light-yellow","C:\GitRepos\alisoncreations\resources\images\tents-with-candel-light-yellow.jpg",,,"tents-with-candel-light-yellow.jpg",,,"True","C:\GitRepos\alisoncreations\resources\images\tents-with-candel-light-yellow.jpg",".jpg","05/10/2025 13:49:51","05/10/2025 12:49:51","05/10/2025 17:24:29","05/10/2025 16:24:29","05/10/2025 13:49:51","05/10/2025 12:49:51",,"-1","Archive"
"Microsoft.PowerShell.Core\FileSystem::C:\GitRepos\alisoncreations\resources\images\unicorn-tedd-set.jpg","Microsoft.PowerShell.Core\FileSystem::C:\GitRepos\alisoncreations\resources\images","unicorn-tedd-set.jpg","C","Microsoft.PowerShell.Core\FileSystem","False","-a---","-a---","unicorn-tedd-set","C:\GitRepos\alisoncreations\resources\images\unicorn-tedd-set.jpg",,,"unicorn-tedd-set.jpg",,,"True","C:\GitRepos\alisoncreations\resources\images\unicorn-tedd-set.jpg",".jpg","05/10/2025 13:49:51","05/10/2025 12:49:51","05/10/2025 17:24:29","05/10/2025 16:24:29","05/10/2025 13:49:51","05/10/2025 12:49:51",,"-1","Archive"
"Microsoft.PowerShell.Core\FileSystem::C:\GitRepos\alisoncreations\resources\images\unicorn-teddy-star-set.jpg","Microsoft.PowerShell.Core\FileSystem::C:\GitRepos\alisoncreations\resources\images","unicorn-teddy-star-set.jpg","C","Microsoft.PowerShell.Core\FileSystem","False","-a---","-a---","unicorn-teddy-star-set","C:\GitRepos\alisoncreations\resources\images\unicorn-teddy-star-set.jpg",,,"unicorn-teddy-star-set.jpg",,,"True","C:\GitRepos\alisoncreations\resources\images\unicorn-teddy-star-set.jpg",".jpg","05/10/2025 13:49:51","05/10/2025 12:49:51","05/10/2025 17:24:29","05/10/2025 16:24:29","05/10/2025 13:49:51","05/10/2025 12:49:51",,"-1","Archive"
"Microsoft.PowerShell.Core\FileSystem::C:\GitRepos\alisoncreations\resources\images\whiteb-hanging-xmas-trees.jpg","Microsoft.PowerShell.Core\FileSystem::C:\GitRepos\alisoncreations\resources\images","whiteb-hanging-xmas-trees.jpg","C","Microsoft.PowerShell.Core\FileSystem","False","-a---","-a---","whiteb-hanging-xmas-trees","C:\GitRepos\alisoncreations\resources\images\whiteb-hanging-xmas-trees.jpg",,,"whiteb-hanging-xmas-trees.jpg",,,"True","C:\GitRepos\alisoncreations\resources\images\whiteb-hanging-xmas-trees.jpg",".jpg","05/10/2025 13:49:51","05/10/2025 12:49:51","05/10/2025 17:24:29","05/10/2025 16:24:29","05/10/2025 13:49:51","05/10/2025 12:49:51",,"-1","Archive"
"Microsoft.PowerShell.Core\FileSystem::C:\GitRepos\alisoncreations\resources\images\wooden-house-scene-1.jpg","Microsoft.PowerShell.Core\FileSystem::C:\GitRepos\alisoncreations\resources\images","wooden-house-scene-1.jpg","C","Microsoft.PowerShell.Core\FileSystem","False","-a---","-a---","wooden-house-scene-1","C:\GitRepos\alisoncreations\resources\images\wooden-house-scene-1.jpg",,,"wooden-house-scene-1.jpg",,,"True","C:\GitRepos\alisoncreations\resources\images\wooden-house-scene-1.jpg",".jpg","05/10/2025 13:49:51","05/10/2025 12:49:51","05/10/2025 17:24:29","05/10/2025 16:24:29","05/10/2025 13:49:51","05/10/2025 12:49:51",,"-1","Archive"
"Microsoft.PowerShell.Core\FileSystem::C:\GitRepos\alisoncreations\resources\images\wooden-house-scene-2.jpg","Microsoft.PowerShell.Core\FileSystem::C:\GitRepos\alisoncreations\resources\images","wooden-house-scene-2.jpg","C","Microsoft.PowerShell.Core\FileSystem","False","-a---","-a---","wooden-house-scene-2","C:\GitRepos\alisoncreations\resources\images\wooden-house-scene-2.jpg",,,"wooden-house-scene-2.jpg",,,"True","C:\GitRepos\alisoncreations\resources\images\wooden-house-scene-2.jpg",".jpg","05/10/2025 13:49:51","05/10/2025 12:49:51","05/10/2025 17:24:29","05/10/2025 16:24:29","05/10/2025 13:49:51","05/10/2025 12:49:51",,"-1","Archive"
"Microsoft.PowerShell.Core\FileSystem::C:\GitRepos\alisoncreations\resources\images\wooden-house-scene-3.jpg","Microsoft.PowerShell.Core\FileSystem::C:\GitRepos\alisoncreations\resources\images","wooden-house-scene-3.jpg","C","Microsoft.PowerShell.Core\FileSystem","False","-a---","-a---","wooden-house-scene-3","C:\GitRepos\alisoncreations\resources\images\wooden-house-scene-3.jpg",,,"wooden-house-scene-3.jpg",,,"True","C:\GitRepos\alisoncreations\resources\images\wooden-house-scene-3.jpg",".jpg","05/10/2025 13:49:51","05/10/2025 12:49:51","05/10/2025 17:24:29","05/10/2025 16:24:29","05/10/2025 13:49:51","05/10/2025 12:49:51",,"-1","Archive"
"Microsoft.PowerShell.Core\FileSystem::C:\GitRepos\alisoncreations\resources\images\wooden-quote-blue.jpg","Microsoft.PowerShell.Core\FileSystem::C:\GitRepos\alisoncreations\resources\images","wooden-quote-blue.jpg","C","Microsoft.PowerShell.Core\FileSystem","False","-a---","-a---","wooden-quote-blue","C:\GitRepos\alisoncreations\resources\images\wooden-quote-blue.jpg",,,"wooden-quote-blue.jpg",,,"True","C:\GitRepos\alisoncreations\resources\images\wooden-quote-blue.jpg",".jpg","05/10/2025 13:49:51","05/10/2025 12:49:51","05/10/2025 17:24:29","05/10/2025 16:24:29","05/10/2025 13:49:51","05/10/2025 12:49:51",,"-1","Archive"
"Microsoft.PowerShell.Core\FileSystem::C:\GitRepos\alisoncreations\resources\images\wooden-quote-mauve.jpg","Microsoft.PowerShell.Core\FileSystem::C:\GitRepos\alisoncreations\resources\images","wooden-quote-mauve.jpg","C","Microsoft.PowerShell.Core\FileSystem","False","-a---","-a---","wooden-quote-mauve","C:\GitRepos\alisoncreations\resources\images\wooden-quote-mauve.jpg",,,"wooden-quote-mauve.jpg",,,"True","C:\GitRepos\alisoncreations\resources\images\wooden-quote-mauve.jpg",".jpg","05/10/2025 13:49:51","05/10/2025 12:49:51","05/10/2025 17:24:29","05/10/2025 16:24:29","05/10/2025 13:49:51","05/10/2025 12:49:51",,"-1","Archive"
"Microsoft.PowerShell.Core\FileSystem::C:\GitRepos\alisoncreations\resources\videos\big-coloured-light-up-house-scene.mp4","Microsoft.PowerShell.Core\FileSystem::C:\GitRepos\alisoncreations\resources\videos","big-coloured-light-up-house-scene.mp4","C","Microsoft.PowerShell.Core\FileSystem","False","-a---","-a---","big-coloured-light-up-house-scene","C:\GitRepos\alisoncreations\resources\videos\big-coloured-light-up-house-scene.mp4",,,"big-coloured-light-up-house-scene.mp4",,,"True","C:\GitRepos\alisoncreations\resources\videos\big-coloured-light-up-house-scene.mp4",".mp4","05/10/2025 13:49:51","05/10/2025 12:49:51","05/10/2025 17:24:29","05/10/2025 16:24:29","05/10/2025 13:49:51","05/10/2025 12:49:51",,"-1","Archive"
"Microsoft.PowerShell.Core\FileSystem::C:\GitRepos\alisoncreations\resources\videos\big-house-scene.mp4","Microsoft.PowerShell.Core\FileSystem::C:\GitRepos\alisoncreations\resources\videos","big-house-scene.mp4","C","Microsoft.PowerShell.Core\FileSystem","False","-a---","-a---","big-house-scene","C:\GitRepos\alisoncreations\resources\videos\big-house-scene.mp4",,,"big-house-scene.mp4",,,"True","C:\GitRepos\alisoncreations\resources\videos\big-house-scene.mp4",".mp4","05/10/2025 13:49:51","05/10/2025 12:49:51","05/10/2025 17:24:29","05/10/2025 16:24:29","05/10/2025 13:49:51","05/10/2025 12:49:51",,"-1","Archive"
"Microsoft.PowerShell.Core\FileSystem::C:\GitRepos\alisoncreations\resources\videos\big-light-up-house-scene.mp4","Microsoft.PowerShell.Core\FileSystem::C:\GitRepos\alisoncreations\resources\videos","big-light-up-house-scene.mp4","C","Microsoft.PowerShell.Core\FileSystem","False","-a---","-a---","big-light-up-house-scene","C:\GitRepos\alisoncreations\resources\videos\big-light-up-house-scene.mp4",,,"big-light-up-house-scene.mp4",,,"True","C:\GitRepos\alisoncreations\resources\videos\big-light-up-house-scene.mp4",".mp4","05/10/2025 13:49:51","05/10/2025 12:49:51","05/10/2025 17:24:29","05/10/2025 16:24:29","05/10/2025 13:49:51","05/10/2025 12:49:51",,"-1","Archive"
"Microsoft.PowerShell.Core\FileSystem::C:\GitRepos\alisoncreations\resources\videos\blue-green-frod-mix.mp4","Microsoft.PowerShell.Core\FileSystem::C:\GitRepos\alisoncreations\resources\videos","blue-green-frod-mix.mp4","C","Microsoft.PowerShell.Core\FileSystem","False","-a---","-a---","blue-green-frod-mix","C:\GitRepos\alisoncreations\resources\videos\blue-green-frod-mix.mp4",,,"blue-green-frod-mix.mp4",,,"True","C:\GitRepos\alisoncreations\resources\videos\blue-green-frod-mix.mp4",".mp4","05/10/2025 13:49:51","05/10/2025 12:49:51","05/10/2025 17:24:29","05/10/2025 16:24:29","05/10/2025 13:49:51","05/10/2025 12:49:51",,"-1","Archive"
"Microsoft.PowerShell.Core\FileSystem::C:\GitRepos\alisoncreations\resources\videos\boat-with-flower-anchor-gold-rope.mp4","Microsoft.PowerShell.Core\FileSystem::C:\GitRepos\alisoncreations\resources\videos","boat-with-flower-anchor-gold-rope.mp4","C","Microsoft.PowerShell.Core\FileSystem","False","-a---","-a---","boat-with-flower-anchor-gold-rope","C:\GitRepos\alisoncreations\resources\videos\boat-with-flower-anchor-gold-rope.mp4",,,"boat-with-flower-anchor-gold-rope.mp4",,,"True","C:\GitRepos\alisoncreations\resources\videos\boat-with-flower-anchor-gold-rope.mp4",".mp4","05/10/2025 13:49:51","05/10/2025 12:49:51","05/10/2025 17:24:29","05/10/2025 16:24:29","05/10/2025 13:49:51","05/10/2025 12:49:51",,"-1","Archive"
"Microsoft.PowerShell.Core\FileSystem::C:\GitRepos\alisoncreations\resources\videos\boat-with-flower-anchor-white.mp4","Microsoft.PowerShell.Core\FileSystem::C:\GitRepos\alisoncreations\resources\videos","boat-with-flower-anchor-white.mp4","C","Microsoft.PowerShell.Core\FileSystem","False","-a---","-a---","boat-with-flower-anchor-white","C:\GitRepos\alisoncreations\resources\videos\boat-with-flower-anchor-white.mp4",,,"boat-with-flower-anchor-white.mp4",,,"True","C:\GitRepos\alisoncreations\resources\videos\boat-with-flower-anchor-white.mp4",".mp4","05/10/2025 13:49:51","05/10/2025 12:49:51","05/10/2025 17:24:29","05/10/2025 16:24:29","05/10/2025 13:49:51","05/10/2025 12:49:51",,"-1","Archive"
"Microsoft.PowerShell.Core\FileSystem::C:\GitRepos\alisoncreations\resources\videos\cat-mix.mp4","Microsoft.PowerShell.Core\FileSystem::C:\GitRepos\alisoncreations\resources\videos","cat-mix.mp4","C","Microsoft.PowerShell.Core\FileSystem","False","-a---","-a---","cat-mix","C:\GitRepos\alisoncreations\resources\videos\cat-mix.mp4",,,"cat-mix.mp4",,,"True","C:\GitRepos\alisoncreations\resources\videos\cat-mix.mp4",".mp4","05/10/2025 13:49:51","05/10/2025 12:49:51","05/10/2025 17:24:29","05/10/2025 16:24:29","05/10/2025 13:49:51","05/10/2025 12:49:51",,"-1","Archive"
"Microsoft.PowerShell.Core\FileSystem::C:\GitRepos\alisoncreations\resources\videos\cloud-villiage-with-quote-7.mp4","Microsoft.PowerShell.Core\FileSystem::C:\GitRepos\alisoncreations\resources\videos","cloud-villiage-with-quote-7.mp4","C","Microsoft.PowerShell.Core\FileSystem","False","-a---","-a---","cloud-villiage-with-quote-7","C:\GitRepos\alisoncreations\resources\videos\cloud-villiage-with-quote-7.mp4",,,"cloud-villiage-with-quote-7.mp4",,,"True","C:\GitRepos\alisoncreations\resources\videos\cloud-villiage-with-quote-7.mp4",".mp4","05/10/2025 13:49:51","05/10/2025 12:49:51","05/10/2025 17:24:29","05/10/2025 16:24:29","05/10/2025 13:49:51","05/10/2025 12:49:51",,"-1","Archive"
"Microsoft.PowerShell.Core\FileSystem::C:\GitRepos\alisoncreations\resources\videos\dingy-and-anchor-sets.mp4","Microsoft.PowerShell.Core\FileSystem::C:\GitRepos\alisoncreations\resources\videos","dingy-and-anchor-sets.mp4","C","Microsoft.PowerShell.Core\FileSystem","False","-a---","-a---","dingy-and-anchor-sets","C:\GitRepos\alisoncreations\resources\videos\dingy-and-anchor-sets.mp4",,,"dingy-and-anchor-sets.mp4",,,"True","C:\GitRepos\alisoncreations\resources\videos\dingy-and-anchor-sets.mp4",".mp4","05/10/2025 13:49:51","05/10/2025 12:49:51","05/10/2025 17:24:29","05/10/2025 16:24:29","05/10/2025 13:49:51","05/10/2025 12:49:51",,"-1","Archive"
"Microsoft.PowerShell.Core\FileSystem::C:\GitRepos\alisoncreations\resources\videos\elephant-.mp4","Microsoft.PowerShell.Core\FileSystem::C:\GitRepos\alisoncreations\resources\videos","elephant-.mp4","C","Microsoft.PowerShell.Core\FileSystem","False","-a---","-a---","elephant-","C:\GitRepos\alisoncreations\resources\videos\elephant-.mp4",,,"elephant-.mp4",,,"True","C:\GitRepos\alisoncreations\resources\videos\elephant-.mp4",".mp4","05/10/2025 13:49:51","05/10/2025 12:49:51","05/10/2025 17:24:29","05/10/2025 16:24:29","05/10/2025 13:49:51","05/10/2025 12:49:51",,"-1","Archive"
"Microsoft.PowerShell.Core\FileSystem::C:\GitRepos\alisoncreations\resources\videos\family-(flowered).mp4","Microsoft.PowerShell.Core\FileSystem::C:\GitRepos\alisoncreations\resources\videos","family-(flowered).mp4","C","Microsoft.PowerShell.Core\FileSystem","False","-a---","-a---","family-(flowered)","C:\GitRepos\alisoncreations\resources\videos\family-(flowered).mp4",,,"family-(flowered).mp4",,,"True","C:\GitRepos\alisoncreations\resources\videos\family-(flowered).mp4",".mp4","05/10/2025 13:49:51","05/10/2025 12:49:51","05/10/2025 17:24:29","05/10/2025 16:24:29","05/10/2025 13:49:51","05/10/2025 12:49:51",,"-1","Archive"
"Microsoft.PowerShell.Core\FileSystem::C:\GitRepos\alisoncreations\resources\videos\flower-cup-saucer-mix.mp4","Microsoft.PowerShell.Core\FileSystem::C:\GitRepos\alisoncreations\resources\videos","flower-cup-saucer-mix.mp4","C","Microsoft.PowerShell.Core\FileSystem","False","-a---","-a---","flower-cup-saucer-mix","C:\GitRepos\alisoncreations\resources\videos\flower-cup-saucer-mix.mp4",,,"flower-cup-saucer-mix.mp4",,,"True","C:\GitRepos\alisoncreations\resources\videos\flower-cup-saucer-mix.mp4",".mp4","05/10/2025 13:49:51","05/10/2025 12:49:51","05/10/2025 17:24:29","05/10/2025 16:24:29","05/10/2025 13:49:51","05/10/2025 12:49:51",,"-1","Archive"
"Microsoft.PowerShell.Core\FileSystem::C:\GitRepos\alisoncreations\resources\videos\flower-jars-mix.mp4","Microsoft.PowerShell.Core\FileSystem::C:\GitRepos\alisoncreations\resources\videos","flower-jars-mix.mp4","C","Microsoft.PowerShell.Core\FileSystem","False","-a---","-a---","flower-jars-mix","C:\GitRepos\alisoncreations\resources\videos\flower-jars-mix.mp4",,,"flower-jars-mix.mp4",,,"True","C:\GitRepos\alisoncreations\resources\videos\flower-jars-mix.mp4",".mp4","05/10/2025 13:49:51","05/10/2025 12:49:51","05/10/2025 17:24:29","05/10/2025 16:24:29","05/10/2025 13:49:51","05/10/2025 12:49:51",,"-1","Archive"
"Microsoft.PowerShell.Core\FileSystem::C:\GitRepos\alisoncreations\resources\videos\flower-pots-mix.mp4","Microsoft.PowerShell.Core\FileSystem::C:\GitRepos\alisoncreations\resources\videos","flower-pots-mix.mp4","C","Microsoft.PowerShell.Core\FileSystem","False","-a---","-a---","flower-pots-mix","C:\GitRepos\alisoncreations\resources\videos\flower-pots-mix.mp4",,,"flower-pots-mix.mp4",,,"True","C:\GitRepos\alisoncreations\resources\videos\flower-pots-mix.mp4",".mp4","05/10/2025 13:49:51","05/10/2025 12:49:51","05/10/2025 17:24:29","05/10/2025 16:24:29","05/10/2025 13:49:51","05/10/2025 12:49:51",,"-1","Archive"
"Microsoft.PowerShell.Core\FileSystem::C:\GitRepos\alisoncreations\resources\videos\hanging-butterfly-with-flowers.mp4","Microsoft.PowerShell.Core\FileSystem::C:\GitRepos\alisoncreations\resources\videos","hanging-butterfly-with-flowers.mp4","C","Microsoft.PowerShell.Core\FileSystem","False","-a---","-a---","hanging-butterfly-with-flowers","C:\GitRepos\alisoncreations\resources\videos\hanging-butterfly-with-flowers.mp4",,,"hanging-butterfly-with-flowers.mp4",,,"True","C:\GitRepos\alisoncreations\resources\videos\hanging-butterfly-with-flowers.mp4",".mp4","05/10/2025 13:49:51","05/10/2025 12:49:51","05/10/2025 17:24:29","05/10/2025 16:24:29","05/10/2025 13:49:51","05/10/2025 12:49:51",,"-1","Archive"
"Microsoft.PowerShell.Core\FileSystem::C:\GitRepos\alisoncreations\resources\videos\heart-candel-holder-white-with-house-2.mp4","Microsoft.PowerShell.Core\FileSystem::C:\GitRepos\alisoncreations\resources\videos","heart-candel-holder-white-with-house-2.mp4","C","Microsoft.PowerShell.Core\FileSystem","False","-a---","-a---","heart-candel-holder-white-with-house-2","C:\GitRepos\alisoncreations\resources\videos\heart-candel-holder-white-with-house-2.mp4",,,"heart-candel-holder-white-with-house-2.mp4",,,"True","C:\GitRepos\alisoncreations\resources\videos\heart-candel-holder-white-with-house-2.mp4",".mp4","05/10/2025 13:49:51","05/10/2025 12:49:51","05/10/2025 17:24:29","05/10/2025 16:24:29","05/10/2025 13:49:51","05/10/2025 12:49:51",,"-1","Archive"
"Microsoft.PowerShell.Core\FileSystem::C:\GitRepos\alisoncreations\resources\videos\heart-candel-holder-white-with-house.mp4","Microsoft.PowerShell.Core\FileSystem::C:\GitRepos\alisoncreations\resources\videos","heart-candel-holder-white-with-house.mp4","C","Microsoft.PowerShell.Core\FileSystem","False","-a---","-a---","heart-candel-holder-white-with-house","C:\GitRepos\alisoncreations\resources\videos\heart-candel-holder-white-with-house.mp4",,,"heart-candel-holder-white-with-house.mp4",,,"True","C:\GitRepos\alisoncreations\resources\videos\heart-candel-holder-white-with-house.mp4",".mp4","05/10/2025 13:49:51","05/10/2025 12:49:51","05/10/2025 17:24:29","05/10/2025 16:24:29","05/10/2025 13:49:51","05/10/2025 12:49:51",,"-1","Archive"
"Microsoft.PowerShell.Core\FileSystem::C:\GitRepos\alisoncreations\resources\videos\heart-candel-stich-holder-with-house-flowers-l-white.mp4","Microsoft.PowerShell.Core\FileSystem::C:\GitRepos\alisoncreations\resources\videos","heart-candel-stich-holder-with-house-flowers-l-white.mp4","C","Microsoft.PowerShell.Core\FileSystem","False","-a---","-a---","heart-candel-stich-holder-with-house-flowers-l-white","C:\GitRepos\alisoncreations\resources\videos\heart-candel-stich-holder-with-house-flowers-l-white.mp4",,,"heart-candel-stich-holder-with-house-flowers-l-white.mp4",,,"True","C:\GitRepos\alisoncreations\resources\videos\heart-candel-stich-holder-with-house-flowers-l-white.mp4",".mp4","05/10/2025 13:49:51","05/10/2025 12:49:51","05/10/2025 17:24:29","05/10/2025 16:24:29","05/10/2025 13:49:51","05/10/2025 12:49:51",,"-1","Archive"
"Microsoft.PowerShell.Core\FileSystem::C:\GitRepos\alisoncreations\resources\videos\heart-candel-stich-holder-with-house-flowers-rwhite.mp4","Microsoft.PowerShell.Core\FileSystem::C:\GitRepos\alisoncreations\resources\videos","heart-candel-stich-holder-with-house-flowers-rwhite.mp4","C","Microsoft.PowerShell.Core\FileSystem","False","-a---","-a---","heart-candel-stich-holder-with-house-flowers-rwhite","C:\GitRepos\alisoncreations\resources\videos\heart-candel-stich-holder-with-house-flowers-rwhite.mp4",,,"heart-candel-stich-holder-with-house-flowers-rwhite.mp4",,,"True","C:\GitRepos\alisoncreations\resources\videos\heart-candel-stich-holder-with-house-flowers-rwhite.mp4",".mp4","05/10/2025 13:49:51","05/10/2025 12:49:51","05/10/2025 17:24:29","05/10/2025 16:24:29","05/10/2025 13:49:51","05/10/2025 12:49:51",,"-1","Archive"
"Microsoft.PowerShell.Core\FileSystem::C:\GitRepos\alisoncreations\resources\videos\home-(flowered).mp4","Microsoft.PowerShell.Core\FileSystem::C:\GitRepos\alisoncreations\resources\videos","home-(flowered).mp4","C","Microsoft.PowerShell.Core\FileSystem","False","-a---","-a---","home-(flowered)","C:\GitRepos\alisoncreations\resources\videos\home-(flowered).mp4",,,"home-(flowered).mp4",,,"True","C:\GitRepos\alisoncreations\resources\videos\home-(flowered).mp4",".mp4","05/10/2025 13:49:51","05/10/2025 12:49:51","05/10/2025 17:24:29","05/10/2025 16:24:29","05/10/2025 13:49:51","05/10/2025 12:49:51",,"-1","Archive"
"Microsoft.PowerShell.Core\FileSystem::C:\GitRepos\alisoncreations\resources\videos\house-heart-white.mp4","Microsoft.PowerShell.Core\FileSystem::C:\GitRepos\alisoncreations\resources\videos","house-heart-white.mp4","C","Microsoft.PowerShell.Core\FileSystem","False","-a---","-a---","house-heart-white","C:\GitRepos\alisoncreations\resources\videos\house-heart-white.mp4",,,"house-heart-white.mp4",,,"True","C:\GitRepos\alisoncreations\resources\videos\house-heart-white.mp4",".mp4","05/10/2025 13:49:51","05/10/2025 12:49:51","05/10/2025 17:24:29","05/10/2025 16:24:29","05/10/2025 13:49:51","05/10/2025 12:49:51",,"-1","Archive"
"Microsoft.PowerShell.Core\FileSystem::C:\GitRepos\alisoncreations\resources\videos\houses-scene-1..mp4","Microsoft.PowerShell.Core\FileSystem::C:\GitRepos\alisoncreations\resources\videos","houses-scene-1..mp4","C","Microsoft.PowerShell.Core\FileSystem","False","-a---","-a---","houses-scene-1.","C:\GitRepos\alisoncreations\resources\videos\houses-scene-1..mp4",,,"houses-scene-1..mp4",,,"True","C:\GitRepos\alisoncreations\resources\videos\houses-scene-1..mp4",".mp4","05/10/2025 13:49:51","05/10/2025 12:49:51","05/10/2025 17:24:29","05/10/2025 16:24:29","05/10/2025 13:49:51","05/10/2025 12:49:51",,"-1","Archive"
"Microsoft.PowerShell.Core\FileSystem::C:\GitRepos\alisoncreations\resources\videos\houses-scene-2.mp4","Microsoft.PowerShell.Core\FileSystem::C:\GitRepos\alisoncreations\resources\videos","houses-scene-2.mp4","C","Microsoft.PowerShell.Core\FileSystem","False","-a---","-a---","houses-scene-2","C:\GitRepos\alisoncreations\resources\videos\houses-scene-2.mp4",,,"houses-scene-2.mp4",,,"True","C:\GitRepos\alisoncreations\resources\videos\houses-scene-2.mp4",".mp4","05/10/2025 13:49:51","05/10/2025 12:49:51","05/10/2025 17:24:29","05/10/2025 16:24:29","05/10/2025 13:49:51","05/10/2025 12:49:51",,"-1","Archive"
"Microsoft.PowerShell.Core\FileSystem::C:\GitRepos\alisoncreations\resources\videos\houses-scene-3.mp4","Microsoft.PowerShell.Core\FileSystem::C:\GitRepos\alisoncreations\resources\videos","houses-scene-3.mp4","C","Microsoft.PowerShell.Core\FileSystem","False","-a---","-a---","houses-scene-3","C:\GitRepos\alisoncreations\resources\videos\houses-scene-3.mp4",,,"houses-scene-3.mp4",,,"True","C:\GitRepos\alisoncreations\resources\videos\houses-scene-3.mp4",".mp4","05/10/2025 13:49:51","05/10/2025 12:49:51","05/10/2025 17:24:29","05/10/2025 16:24:29","05/10/2025 13:49:51","05/10/2025 12:49:51",,"-1","Archive"
"Microsoft.PowerShell.Core\FileSystem::C:\GitRepos\alisoncreations\resources\videos\large-seated-teddy-mix.mp4","Microsoft.PowerShell.Core\FileSystem::C:\GitRepos\alisoncreations\resources\videos","large-seated-teddy-mix.mp4","C","Microsoft.PowerShell.Core\FileSystem","False","-a---","-a---","large-seated-teddy-mix","C:\GitRepos\alisoncreations\resources\videos\large-seated-teddy-mix.mp4",,,"large-seated-teddy-mix.mp4",,,"True","C:\GitRepos\alisoncreations\resources\videos\large-seated-teddy-mix.mp4",".mp4","05/10/2025 13:49:51","05/10/2025 12:49:51","05/10/2025 17:24:29","05/10/2025 16:24:29","05/10/2025 13:49:51","05/10/2025 12:49:51",,"-1","Archive"
"Microsoft.PowerShell.Core\FileSystem::C:\GitRepos\alisoncreations\resources\videos\love-(flowered).mp4","Microsoft.PowerShell.Core\FileSystem::C:\GitRepos\alisoncreations\resources\videos","love-(flowered).mp4","C","Microsoft.PowerShell.Core\FileSystem","False","-a---","-a---","love-(flowered)","C:\GitRepos\alisoncreations\resources\videos\love-(flowered).mp4",,,"love-(flowered).mp4",,,"True","C:\GitRepos\alisoncreations\resources\videos\love-(flowered).mp4",".mp4","05/10/2025 13:49:51","05/10/2025 12:49:51","05/10/2025 17:24:29","05/10/2025 16:24:29","05/10/2025 13:49:51","05/10/2025 12:49:51",,"-1","Archive"
"Microsoft.PowerShell.Core\FileSystem::C:\GitRepos\alisoncreations\resources\videos\paw-print-quote-4.mp4","Microsoft.PowerShell.Core\FileSystem::C:\GitRepos\alisoncreations\resources\videos","paw-print-quote-4.mp4","C","Microsoft.PowerShell.Core\FileSystem","False","-a---","-a---","paw-print-quote-4","C:\GitRepos\alisoncreations\resources\videos\paw-print-quote-4.mp4",,,"paw-print-quote-4.mp4",,,"True","C:\GitRepos\alisoncreations\resources\videos\paw-print-quote-4.mp4",".mp4","05/10/2025 13:49:51","05/10/2025 12:49:51","05/10/2025 17:24:29","05/10/2025 16:24:29","05/10/2025 13:49:51","05/10/2025 12:49:51",,"-1","Archive"
"Microsoft.PowerShell.Core\FileSystem::C:\GitRepos\alisoncreations\resources\videos\peek-a-boo-teddy-mix.mp4","Microsoft.PowerShell.Core\FileSystem::C:\GitRepos\alisoncreations\resources\videos","peek-a-boo-teddy-mix.mp4","C","Microsoft.PowerShell.Core\FileSystem","False","-a---","-a---","peek-a-boo-teddy-mix","C:\GitRepos\alisoncreations\resources\videos\peek-a-boo-teddy-mix.mp4",,,"peek-a-boo-teddy-mix.mp4",,,"True","C:\GitRepos\alisoncreations\resources\videos\peek-a-boo-teddy-mix.mp4",".mp4","05/10/2025 13:49:51","05/10/2025 12:49:51","05/10/2025 17:24:29","05/10/2025 16:24:29","05/10/2025 13:49:51","05/10/2025 12:49:51",,"-1","Archive"
"Microsoft.PowerShell.Core\FileSystem::C:\GitRepos\alisoncreations\resources\videos\peek-a-boo-teddy.mp4","Microsoft.PowerShell.Core\FileSystem::C:\GitRepos\alisoncreations\resources\videos","peek-a-boo-teddy.mp4","C","Microsoft.PowerShell.Core\FileSystem","False","-a---","-a---","peek-a-boo-teddy","C:\GitRepos\alisoncreations\resources\videos\peek-a-boo-teddy.mp4",,,"peek-a-boo-teddy.mp4",,,"True","C:\GitRepos\alisoncreations\resources\videos\peek-a-boo-teddy.mp4",".mp4","05/10/2025 13:49:51","05/10/2025 12:49:51","05/10/2025 17:24:29","05/10/2025 16:24:29","05/10/2025 13:49:51","05/10/2025 12:49:51",,"-1","Archive"
"Microsoft.PowerShell.Core\FileSystem::C:\GitRepos\alisoncreations\resources\videos\raindeer-mix.mp4","Microsoft.PowerShell.Core\FileSystem::C:\GitRepos\alisoncreations\resources\videos","raindeer-mix.mp4","C","Microsoft.PowerShell.Core\FileSystem","False","-a---","-a---","raindeer-mix","C:\GitRepos\alisoncreations\resources\videos\raindeer-mix.mp4",,,"raindeer-mix.mp4",,,"True","C:\GitRepos\alisoncreations\resources\videos\raindeer-mix.mp4",".mp4","05/10/2025 13:49:51","05/10/2025 12:49:51","05/10/2025 17:24:29","05/10/2025 16:24:29","05/10/2025 13:49:51","05/10/2025 12:49:51",,"-1","Archive"
"Microsoft.PowerShell.Core\FileSystem::C:\GitRepos\alisoncreations\resources\videos\rose-teddy-mix.mp4","Microsoft.PowerShell.Core\FileSystem::C:\GitRepos\alisoncreations\resources\videos","rose-teddy-mix.mp4","C","Microsoft.PowerShell.Core\FileSystem","False","-a---","-a---","rose-teddy-mix","C:\GitRepos\alisoncreations\resources\videos\rose-teddy-mix.mp4",,,"rose-teddy-mix.mp4",,,"True","C:\GitRepos\alisoncreations\resources\videos\rose-teddy-mix.mp4",".mp4","05/10/2025 13:49:51","05/10/2025 12:49:51","05/10/2025 17:24:29","05/10/2025 16:24:29","05/10/2025 13:49:51","05/10/2025 12:49:51",,"-1","Archive"
"Microsoft.PowerShell.Core\FileSystem::C:\GitRepos\alisoncreations\resources\videos\set-of-2-houses-with-flowers-white.mp4","Microsoft.PowerShell.Core\FileSystem::C:\GitRepos\alisoncreations\resources\videos","set-of-2-houses-with-flowers-white.mp4","C","Microsoft.PowerShell.Core\FileSystem","False","-a---","-a---","set-of-2-houses-with-flowers-white","C:\GitRepos\alisoncreations\resources\videos\set-of-2-houses-with-flowers-white.mp4",,,"set-of-2-houses-with-flowers-white.mp4",,,"True","C:\GitRepos\alisoncreations\resources\videos\set-of-2-houses-with-flowers-white.mp4",".mp4","05/10/2025 13:49:51","05/10/2025 12:49:51","05/10/2025 17:24:29","05/10/2025 16:24:29","05/10/2025 13:49:51","05/10/2025 12:49:51",,"-1","Archive"
"Microsoft.PowerShell.Core\FileSystem::C:\GitRepos\alisoncreations\resources\videos\set-of-3-bunnys-mix.mp4","Microsoft.PowerShell.Core\FileSystem::C:\GitRepos\alisoncreations\resources\videos","set-of-3-bunnys-mix.mp4","C","Microsoft.PowerShell.Core\FileSystem","False","-a---","-a---","set-of-3-bunnys-mix","C:\GitRepos\alisoncreations\resources\videos\set-of-3-bunnys-mix.mp4",,,"set-of-3-bunnys-mix.mp4",,,"True","C:\GitRepos\alisoncreations\resources\videos\set-of-3-bunnys-mix.mp4",".mp4","05/10/2025 13:49:51","05/10/2025 12:49:51","05/10/2025 17:24:29","05/10/2025 16:24:29","05/10/2025 13:49:51","05/10/2025 12:49:51",,"-1","Archive"
"Microsoft.PowerShell.Core\FileSystem::C:\GitRepos\alisoncreations\resources\videos\set-of-3-flower-vases-set-1.mp4","Microsoft.PowerShell.Core\FileSystem::C:\GitRepos\alisoncreations\resources\videos","set-of-3-flower-vases-set-1.mp4","C","Microsoft.PowerShell.Core\FileSystem","False","-a---","-a---","set-of-3-flower-vases-set-1","C:\GitRepos\alisoncreations\resources\videos\set-of-3-flower-vases-set-1.mp4",,,"set-of-3-flower-vases-set-1.mp4",,,"True","C:\GitRepos\alisoncreations\resources\videos\set-of-3-flower-vases-set-1.mp4",".mp4","05/10/2025 13:49:51","05/10/2025 12:49:51","05/10/2025 17:24:29","05/10/2025 16:24:29","05/10/2025 13:49:51","05/10/2025 12:49:51",,"-1","Archive"
"Microsoft.PowerShell.Core\FileSystem::C:\GitRepos\alisoncreations\resources\videos\set-of-five-mushroons.mp4","Microsoft.PowerShell.Core\FileSystem::C:\GitRepos\alisoncreations\resources\videos","set-of-five-mushroons.mp4","C","Microsoft.PowerShell.Core\FileSystem","False","-a---","-a---","set-of-five-mushroons","C:\GitRepos\alisoncreations\resources\videos\set-of-five-mushroons.mp4",,,"set-of-five-mushroons.mp4",,,"True","C:\GitRepos\alisoncreations\resources\videos\set-of-five-mushroons.mp4",".mp4","05/10/2025 13:49:51","05/10/2025 12:49:51","05/10/2025 17:24:29","05/10/2025 16:24:29","05/10/2025 13:49:51","05/10/2025 12:49:51",,"-1","Archive"
"Microsoft.PowerShell.Core\FileSystem::C:\GitRepos\alisoncreations\resources\videos\set-of-three-mushroons.mp4","Microsoft.PowerShell.Core\FileSystem::C:\GitRepos\alisoncreations\resources\videos","set-of-three-mushroons.mp4","C","Microsoft.PowerShell.Core\FileSystem","False","-a---","-a---","set-of-three-mushroons","C:\GitRepos\alisoncreations\resources\videos\set-of-three-mushroons.mp4",,,"set-of-three-mushroons.mp4",,,"True","C:\GitRepos\alisoncreations\resources\videos\set-of-three-mushroons.mp4",".mp4","05/10/2025 13:49:51","05/10/2025 12:49:51","05/10/2025 17:24:29","05/10/2025 16:24:29","05/10/2025 13:49:51","05/10/2025 12:49:51",,"-1","Archive"
"Microsoft.PowerShell.Core\FileSystem::C:\GitRepos\alisoncreations\resources\videos\set-of-two-gnome.mp4","Microsoft.PowerShell.Core\FileSystem::C:\GitRepos\alisoncreations\resources\videos","set-of-two-gnome.mp4","C","Microsoft.PowerShell.Core\FileSystem","False","-a---","-a---","set-of-two-gnome","C:\GitRepos\alisoncreations\resources\videos\set-of-two-gnome.mp4",,,"set-of-two-gnome.mp4",,,"True","C:\GitRepos\alisoncreations\resources\videos\set-of-two-gnome.mp4",".mp4","05/10/2025 13:49:51","05/10/2025 12:49:51","05/10/2025 17:24:29","05/10/2025 16:24:29","05/10/2025 13:49:51","05/10/2025 12:49:51",,"-1","Archive"
"Microsoft.PowerShell.Core\FileSystem::C:\GitRepos\alisoncreations\resources\videos\sets-of-balloon-teddy-mix.mp4","Microsoft.PowerShell.Core\FileSystem::C:\GitRepos\alisoncreations\resources\videos","sets-of-balloon-teddy-mix.mp4","C","Microsoft.PowerShell.Core\FileSystem","False","-a---","-a---","sets-of-balloon-teddy-mix","C:\GitRepos\alisoncreations\resources\videos\sets-of-balloon-teddy-mix.mp4",,,"sets-of-balloon-teddy-mix.mp4",,,"True","C:\GitRepos\alisoncreations\resources\videos\sets-of-balloon-teddy-mix.mp4",".mp4","05/10/2025 13:49:51","05/10/2025 12:49:51","05/10/2025 17:24:29","05/10/2025 16:24:29","05/10/2025 13:49:51","05/10/2025 12:49:51",,"-1","Archive"
"Microsoft.PowerShell.Core\FileSystem::C:\GitRepos\alisoncreations\resources\videos\sitting-angel.mp4","Microsoft.PowerShell.Core\FileSystem::C:\GitRepos\alisoncreations\resources\videos","sitting-angel.mp4","C","Microsoft.PowerShell.Core\FileSystem","False","-a---","-a---","sitting-angel","C:\GitRepos\alisoncreations\resources\videos\sitting-angel.mp4",,,"sitting-angel.mp4",,,"True","C:\GitRepos\alisoncreations\resources\videos\sitting-angel.mp4",".mp4","05/10/2025 13:49:51","05/10/2025 12:49:51","05/10/2025 17:24:29","05/10/2025 16:24:29","05/10/2025 13:49:51","05/10/2025 12:49:51",,"-1","Archive"
"Microsoft.PowerShell.Core\FileSystem::C:\GitRepos\alisoncreations\resources\videos\sitting-teddy-small-mix.mp4","Microsoft.PowerShell.Core\FileSystem::C:\GitRepos\alisoncreations\resources\videos","sitting-teddy-small-mix.mp4","C","Microsoft.PowerShell.Core\FileSystem","False","-a---","-a---","sitting-teddy-small-mix","C:\GitRepos\alisoncreations\resources\videos\sitting-teddy-small-mix.mp4",,,"sitting-teddy-small-mix.mp4",,,"True","C:\GitRepos\alisoncreations\resources\videos\sitting-teddy-small-mix.mp4",".mp4","05/10/2025 13:49:51","05/10/2025 12:49:51","05/10/2025 17:24:29","05/10/2025 16:24:29","05/10/2025 13:49:51","05/10/2025 12:49:51",,"-1","Archive"
"Microsoft.PowerShell.Core\FileSystem::C:\GitRepos\alisoncreations\resources\videos\snow-scene-mix.mp4","Microsoft.PowerShell.Core\FileSystem::C:\GitRepos\alisoncreations\resources\videos","snow-scene-mix.mp4","C","Microsoft.PowerShell.Core\FileSystem","False","-a---","-a---","snow-scene-mix","C:\GitRepos\alisoncreations\resources\videos\snow-scene-mix.mp4",,,"snow-scene-mix.mp4",,,"True","C:\GitRepos\alisoncreations\resources\videos\snow-scene-mix.mp4",".mp4","05/10/2025 13:49:51","05/10/2025 12:49:51","05/10/2025 17:24:29","05/10/2025 16:24:29","05/10/2025 13:49:51","05/10/2025 12:49:51",,"-1","Archive"
"Microsoft.PowerShell.Core\FileSystem::C:\GitRepos\alisoncreations\resources\videos\teddy-on-bench-mix.mp4","Microsoft.PowerShell.Core\FileSystem::C:\GitRepos\alisoncreations\resources\videos","teddy-on-bench-mix.mp4","C","Microsoft.PowerShell.Core\FileSystem","False","-a---","-a---","teddy-on-bench-mix","C:\GitRepos\alisoncreations\resources\videos\teddy-on-bench-mix.mp4",,,"teddy-on-bench-mix.mp4",,,"True","C:\GitRepos\alisoncreations\resources\videos\teddy-on-bench-mix.mp4",".mp4","05/10/2025 13:49:51","05/10/2025 12:49:51","05/10/2025 17:24:29","05/10/2025 16:24:29","05/10/2025 13:49:51","05/10/2025 12:49:51",,"-1","Archive"
"Microsoft.PowerShell.Core\FileSystem::C:\GitRepos\alisoncreations\resources\videos\teddy-on-heart-bench-with-flower.mp4","Microsoft.PowerShell.Core\FileSystem::C:\GitRepos\alisoncreations\resources\videos","teddy-on-heart-bench-with-flower.mp4","C","Microsoft.PowerShell.Core\FileSystem","False","-a---","-a---","teddy-on-heart-bench-with-flower","C:\GitRepos\alisoncreations\resources\videos\teddy-on-heart-bench-with-flower.mp4",,,"teddy-on-heart-bench-with-flower.mp4",,,"True","C:\GitRepos\alisoncreations\resources\videos\teddy-on-heart-bench-with-flower.mp4",".mp4","05/10/2025 13:49:51","05/10/2025 12:49:51","05/10/2025 17:24:29","05/10/2025 16:24:29","05/10/2025 13:49:51","05/10/2025 12:49:51",,"-1","Archive"
"Microsoft.PowerShell.Core\FileSystem::C:\GitRepos\alisoncreations\resources\videos\teddy-on-star-bench-with-flower.mp4","Microsoft.PowerShell.Core\FileSystem::C:\GitRepos\alisoncreations\resources\videos","teddy-on-star-bench-with-flower.mp4","C","Microsoft.PowerShell.Core\FileSystem","False","-a---","-a---","teddy-on-star-bench-with-flower","C:\GitRepos\alisoncreations\resources\videos\teddy-on-star-bench-with-flower.mp4",,,"teddy-on-star-bench-with-flower.mp4",,,"True","C:\GitRepos\alisoncreations\resources\videos\teddy-on-star-bench-with-flower.mp4",".mp4","05/10/2025 13:49:51","05/10/2025 12:49:51","05/10/2025 17:24:29","05/10/2025 16:24:29","05/10/2025 13:49:51","05/10/2025 12:49:51",,"-1","Archive"
"Microsoft.PowerShell.Core\FileSystem::C:\GitRepos\alisoncreations\resources\videos\teddy's-with-crystals-blue.mp4","Microsoft.PowerShell.Core\FileSystem::C:\GitRepos\alisoncreations\resources\videos","teddy's-with-crystals-blue.mp4","C","Microsoft.PowerShell.Core\FileSystem","False","-a---","-a---","teddy's-with-crystals-blue","C:\GitRepos\alisoncreations\resources\videos\teddy's-with-crystals-blue.mp4",,,"teddy's-with-crystals-blue.mp4",,,"True","C:\GitRepos\alisoncreations\resources\videos\teddy's-with-crystals-blue.mp4",".mp4","05/10/2025 13:49:51","05/10/2025 12:49:51","05/10/2025 17:24:29","05/10/2025 16:24:29","05/10/2025 13:49:51","05/10/2025 12:49:51",,"-1","Archive"
"Microsoft.PowerShell.Core\FileSystem::C:\GitRepos\alisoncreations\resources\videos\teddy's-with-crystals-pink.mp4","Microsoft.PowerShell.Core\FileSystem::C:\GitRepos\alisoncreations\resources\videos","teddy's-with-crystals-pink.mp4","C","Microsoft.PowerShell.Core\FileSystem","False","-a---","-a---","teddy's-with-crystals-pink","C:\GitRepos\alisoncreations\resources\videos\teddy's-with-crystals-pink.mp4",,,"teddy's-with-crystals-pink.mp4",,,"True","C:\GitRepos\alisoncreations\resources\videos\teddy's-with-crystals-pink.mp4",".mp4","05/10/2025 13:49:51","05/10/2025 12:49:51","05/10/2025 17:24:29","05/10/2025 16:24:29","05/10/2025 13:49:51","05/10/2025 12:49:51",,"-1","Archive"
"Microsoft.PowerShell.Core\FileSystem::C:\GitRepos\alisoncreations\resources\videos\tents-with-candel-light-mix-(2).mp4","Microsoft.PowerShell.Core\FileSystem::C:\GitRepos\alisoncreations\resources\videos","tents-with-candel-light-mix-(2).mp4","C","Microsoft.PowerShell.Core\FileSystem","False","-a---","-a---","tents-with-candel-light-mix-(2)","C:\GitRepos\alisoncreations\resources\videos\tents-with-candel-light-mix-(2).mp4",,,"tents-with-candel-light-mix-(2).mp4",,,"True","C:\GitRepos\alisoncreations\resources\videos\tents-with-candel-light-mix-(2).mp4",".mp4","05/10/2025 13:49:51","05/10/2025 12:49:51","05/10/2025 17:24:29","05/10/2025 16:24:29","05/10/2025 13:49:51","05/10/2025 12:49:51",,"-1","Archive"
"Microsoft.PowerShell.Core\FileSystem::C:\GitRepos\alisoncreations\resources\videos\tents-with-candel-light-mix.mp4","Microsoft.PowerShell.Core\FileSystem::C:\GitRepos\alisoncreations\resources\videos","tents-with-candel-light-mix.mp4","C","Microsoft.PowerShell.Core\FileSystem","False","-a---","-a---","tents-with-candel-light-mix","C:\GitRepos\alisoncreations\resources\videos\tents-with-candel-light-mix.mp4",,,"tents-with-candel-light-mix.mp4",,,"True","C:\GitRepos\alisoncreations\resources\videos\tents-with-candel-light-mix.mp4",".mp4","05/10/2025 13:49:51","05/10/2025 12:49:51","05/10/2025 17:24:29","05/10/2025 16:24:29","05/10/2025 13:49:51","05/10/2025 12:49:51",,"-1","Archive"
"Microsoft.PowerShell.Core\FileSystem::C:\GitRepos\alisoncreations\resources\videos\tents-with-candel-light-pink.mp4","Microsoft.PowerShell.Core\FileSystem::C:\GitRepos\alisoncreations\resources\videos","tents-with-candel-light-pink.mp4","C","Microsoft.PowerShell.Core\FileSystem","False","-a---","-a---","tents-with-candel-light-pink","C:\GitRepos\alisoncreations\resources\videos\tents-with-candel-light-pink.mp4",,,"tents-with-candel-light-pink.mp4",,,"True","C:\GitRepos\alisoncreations\resources\videos\tents-with-candel-light-pink.mp4",".mp4","05/10/2025 13:49:51","05/10/2025 12:49:51","05/10/2025 17:24:29","05/10/2025 16:24:29","05/10/2025 13:49:51","05/10/2025 12:49:51",,"-1","Archive"
"Microsoft.PowerShell.Core\FileSystem::C:\GitRepos\alisoncreations\resources\videos\unicorn-teddy-set.mp4","Microsoft.PowerShell.Core\FileSystem::C:\GitRepos\alisoncreations\resources\videos","unicorn-teddy-set.mp4","C","Microsoft.PowerShell.Core\FileSystem","False","-a---","-a---","unicorn-teddy-set","C:\GitRepos\alisoncreations\resources\videos\unicorn-teddy-set.mp4",,,"unicorn-teddy-set.mp4",,,"True","C:\GitRepos\alisoncreations\resources\videos\unicorn-teddy-set.mp4",".mp4","05/10/2025 13:49:51","05/10/2025 12:49:51","05/10/2025 17:24:29","05/10/2025 16:24:29","05/10/2025 13:49:51","05/10/2025 12:49:51",,"-1","Archive"
"Microsoft.PowerShell.Core\FileSystem::C:\GitRepos\alisoncreations\resources\videos\unicorn-teddy-star-set.mp4","Microsoft.PowerShell.Core\FileSystem::C:\GitRepos\alisoncreations\resources\videos","unicorn-teddy-star-set.mp4","C","Microsoft.PowerShell.Core\FileSystem","False","-a---","-a---","unicorn-teddy-star-set","C:\GitRepos\alisoncreations\resources\videos\unicorn-teddy-star-set.mp4",,,"unicorn-teddy-star-set.mp4",,,"True","C:\GitRepos\alisoncreations\resources\videos\unicorn-teddy-star-set.mp4",".mp4","05/10/2025 13:49:51","05/10/2025 12:49:51","05/10/2025 17:24:29","05/10/2025 16:24:29","05/10/2025 13:49:51","05/10/2025 12:49:51",,"-1","Archive"
"Microsoft.PowerShell.Core\FileSystem::C:\GitRepos\alisoncreations\resources\videos\wooden-house-scene-mix.mp4","Microsoft.PowerShell.Core\FileSystem::C:\GitRepos\alisoncreations\resources\videos","wooden-house-scene-mix.mp4","C","Microsoft.PowerShell.Core\FileSystem","False","-a---","-a---","wooden-house-scene-mix","C:\GitRepos\alisoncreations\resources\videos\wooden-house-scene-mix.mp4",,,"wooden-house-scene-mix.mp4",,,"True","C:\GitRepos\alisoncreations\resources\videos\wooden-house-scene-mix.mp4",".mp4","05/10/2025 13:49:51","05/10/2025 12:49:51","05/10/2025 17:24:29","05/10/2025 16:24:29","05/10/2025 13:49:51","05/10/2025 12:49:51",,"-1","Archive"
